,sim,state,soln,dist_x,time,step,pH,pe,reaction,temp(C),Alk(eq/kgw),mu,mass_H2O,charge(eq),Mn(mol/kgw),Fe(mol/kgw),B(mol/kgw),Cl(mol/kgw),Na(mol/kgw),S(6)(mol/kgw),Ca(mol/kgw),K(mol/kgw),Mg(mol/kgw),Sr(mol/kgw),Ba(mol/kgw),Li(mol/kgw),Zn(mol/kgw),Ni(mol/kgw),Cu(mol/kgw),Cd(mol/kgw),Co(mol/kgw),Pb(mol/kgw),Anhydrite,d_Anhydrite,Aragonite,d_Aragonite,Artinite,d_Artinite,Barite,d_Barite,Brucite,d_Brucite,Calcite,d_Calcite,Celestite,d_Celestite,Dolomite,d_Dolomite,Epsomite,d_Epsomite,Ferrihydrite,d_Ferrihydrite,Gypsum,d_Gypsum,Halite,d_Halite,Huntite,d_Huntite,Hydromagnesite,d_Hydromagnesite,Magnesite,d_Magnesite,Melanterite,d_Melanterite,Mirabilite,d_Mirabilite,Natron,d_Natron,Nesquehonite,d_Nesquehonite,Siderite,d_Siderite,Strontianite,d_Strontianite,Thenardite,d_Thenardite,Thermonatrite,d_Thermonatrite,Witherite,d_Witherite,Pyrocroite,d_Pyrocroite,Rhodochrosite,d_Rhodochrosite,MnSO4,d_MnSO4,CuMetal,d_CuMetal,Nantokite,d_Nantokite,Cu2SO4,d_Cu2SO4,Melanothallite,d_Melanothallite,CuCO3,d_CuCO3,Atacamite,d_Atacamite,Antlerite,d_Antlerite,Brochantite,d_Brochantite,Langite,d_Langite,CuSO4,d_CuSO4,Chalcanthite,d_Chalcanthite,ZnMetal,d_ZnMetal,ZnCl2,d_ZnCl2,Smithsonite,d_Smithsonite,Zincosite,d_Zincosite,Bianchite,d_Bianchite,Goslarite,d_Goslarite,CdMetal,d_CdMetal,Otavite,d_Otavite,CdCl2,d_CdCl2,CdOHCl,d_CdOHCl,CdSO4,d_CdSO4,PbMetal,d_PbMetal,Cotunnite,d_Cotunnite,Phosgenite,d_Phosgenite,Cerussite,d_Cerussite,Anglesite,d_Anglesite,Laurionite,d_Laurionite,Hydcerussite,d_Hydcerussite,NiCO3,d_NiCO3,Retgersite,d_Retgersite,Morenosite,d_Morenosite,Malachite,d_Malachite,Azurite,d_Azurite,Portlandite,d_Portlandite,si_Anhydrite,si_Aragonite,si_Artinite,si_Barite,si_Brucite,si_Calcite,si_Celestite,si_Dolomite,si_Epsomite,si_Ferrihydrite,si_Gypsum,si_Halite,si_Huntite,si_Hydromagnesite,si_Magnesite,si_Melanterite,si_Mirabilite,si_Natron,si_Nesquehonite,si_Siderite,si_Strontianite,si_Thenardite,si_Thermonatrite,si_Witherite,si_Pyrocroite,si_Rhodochrosite,si_MnSO4,si_CuMetal,si_Nantokite,si_Cu2SO4,si_Melanothallite,si_CuCO3,si_Atacamite,si_Antlerite,si_Brochantite,si_Langite,si_CuSO4,si_Chalcanthite,si_ZnMetal,si_ZnCl2,si_Smithsonite,si_Zincosite,si_Bianchite,si_Goslarite,si_CdMetal,si_Otavite,si_CdCl2,si_CdOHCl,si_CdSO4,si_PbMetal,si_Cotunnite,si_Phosgenite,si_Cerussite,si_Anglesite,si_Laurionite,si_Hydcerussite,si_NiCO3,si_Retgersite,si_Morenosite,si_Malachite,si_Azurite,si_Portlandite
0,1,i_soln,0,-99.0,-99.0,-99,8.22,0.2679,-99.0,24.5,3.462687535467079e-05,0.9990400132650621,13.171724160465171,-0.0005766517028197003,5.884165451263588e-09,1.1881334943286918e-07,0.00013134388832014698,0.7376728127340234,0.7543974123977468,0.1044744476200494,0.020400910102068386,0.008132120747214264,0.07152295316794798,0.00010007166779902987,8.461199525762372e-08,3.471156972761996e-05,3.3937285660968007e-09,2.159262587203424e-09,1.8286928254621868e-09,3.4775675201027844e-09,0.0,1.8355659997303946e-09,0.0,0.0,0.0,0.0,0.0,0.0,0.0,0.0,0.0,0.0,0.0,0.0,0.0,0.0,0.0,0.0,0.0,0.0,0.0,0.0,0.0,0.0,0.0,0.0,0.0,0.0,0.0,0.0,0.0,0.0,0.0,0.0,0.0,0.0,0.0,0.0,0.0,0.0,0.0,0.0,0.0,0.0,0.0,0.0,0.0,0.0,0.0,0.0,0.0,0.0,0.0,0.0,0.0,0.0,0.0,0.0,0.0,0.0,0.0,0.0,0.0,0.0,0.0,0.0,0.0,0.0,0.0,0.0,0.0,0.0,0.0,0.0,0.0,0.0,0.0,0.0,0.0,0.0,0.0,0.0,0.0,0.0,0.0,0.0,0.0,0.0,0.0,0.0,0.0,0.0,0.0,0.0,0.0,0.0,0.0,0.0,0.0,0.0,0.0,0.0,0.0,0.0,0.0,0.0,0.0,0.0,0.0,0.0,0.0,0.0,0.0,0.0,0.0,0.0,0.0,0.0,0.0,0.0,0.0,0.0,0.0,0.0,0.0,0.0,0.12050941511075397,-2.957747137996261,-5.654862034731865,-0.03947444739386796,-2.128350980954103,-2.818923768458397,-0.48590682292982823,-4.978773561985797,-1.8420245716138126,-0.7425253494806192,0.0737696040298399,-2.237738369848026,-13.388135414960374,-19.363872191115437,-2.656521448319065,-7.490215843542675,-1.7314522183616778,-8.317234732424673,-5.101065774538348,-6.11272646069502,-4.479968392712085,-2.5671608793971172,-9.665034737583765,-8.216554343582548,-7.869969417991765,-7.72010560567578,-14.036815373434205,-5.72673161076008,-7.841413300560982,-28.71473692213861,-21.182717342377092,-16.0180577986809,-16.493786752681995,-27.708600546675786,-35.03326726417755,-36.54437588115765,-21.901602627639335,-16.289181085201243,-35.867432689388316,-17.328424881752255,-8.492780309788495,-14.74226189714321,-10.017842653667849,-9.830919811292743,-24.645358782106538,-5.816175682523623,-10.67045549085031,-6.292631181100237,-12.694819995850903,-15.210487253461796,-6.375840569041623,-10.705981425453562,-6.22726161181348,-4.791807708061195,-3.194295172137216,-15.25634589443775,-11.592060431782379,-9.673700783974024,-9.363772623840747,-20.76194488025361,-34.68004996726371,-8.630037623207796
1,1,i_soln,1,-99.0,-99.0,-99,7.0,4.0,-99.0,25.0,4.617715554653923e-10,1.0026804465194899e-07,13.171724160465171,-6.08232755373909e-09,0.0,0.0,0.0,0.0,0.0,0.0,0.0,0.0,0.0,0.0,0.0,0.0,0.0,0.0,0.0,0.0,0.0,0.0,0.0,0.0,0.0,0.0,0.0,0.0,0.0,0.0,0.0,0.0,0.0,0.0,0.0,0.0,0.0,0.0,0.0,0.0,0.0,0.0,0.0,0.0,0.0,0.0,0.0,0.0,0.0,0.0,0.0,0.0,0.0,0.0,0.0,0.0,0.0,0.0,0.0,0.0,0.0,0.0,0.0,0.0,0.0,0.0,0.0,0.0,0.0,0.0,0.0,0.0,0.0,0.0,0.0,0.0,0.0,0.0,0.0,0.0,0.0,0.0,0.0,0.0,0.0,0.0,0.0,0.0,0.0,0.0,0.0,0.0,0.0,0.0,0.0,0.0,0.0,0.0,0.0,0.0,0.0,0.0,0.0,0.0,0.0,0.0,0.0,0.0,0.0,0.0,0.0,0.0,0.0,0.0,0.0,0.0,0.0,0.0,0.0,0.0,0.0,0.0,0.0,0.0,0.0,0.0,0.0,0.0,0.0,0.0,0.0,0.0,0.0,0.0,0.0,0.0,0.0,0.0,0.0,0.0,0.0,0.0,0.0,0.0,0.0,0.0,-999.999,-999.999,-999.999,-999.999,-999.999,-999.999,-999.999,-999.999,-999.999,-999.999,-999.999,-999.999,-999.999,-999.999,-999.999,-999.999,-999.999,-999.999,-999.999,-999.999,-999.999,-999.999,-999.999,-999.999,-999.999,-999.999,-999.999,-999.999,-999.999,-999.999,-999.999,-999.999,-999.999,-999.999,-999.999,-999.999,-999.999,-999.999,-999.999,-999.999,-999.999,-999.999,-999.999,-999.999,-999.999,-999.999,-999.999,-999.999,-999.999,-999.999,-999.999,-999.999,-999.999,-999.999,-999.999,-999.999,-999.999,-999.999,-999.999,-999.999,-999.999,-999.999
2,1,react,0,-99.0,0.0,1,8.220686040747497,0.26356466253496874,6.759686419382292,24.5,3.4950014460984326e-05,0.9976495079657212,13.04994165463982,-0.0005766517028185913,5.93907668629513e-09,1.1992211970957738e-07,0.00013256959401813259,0.744556800876763,0.761437475081651,0.10069489098530775,0.015836776314148357,0.008208009978636075,0.07219040783489855,0.00010100554005602616,8.540159731700872e-08,3.503549929408333e-05,3.4253989581803814e-09,2.1794129001752086e-09,1.845758250010688e-09,3.510020300198119e-09,0.0,1.8526955649783372e-09,0.06204615358967402,0.06204615358967402,0.0,0.0,0.0,0.0,0.0,0.0,0.0,0.0,0.0,0.0,0.0,0.0,0.0,0.0,0.0,0.0,0.0,0.0,0.0,0.0,0.0,0.0,0.0,0.0,0.0,0.0,0.0,0.0,0.0,0.0,0.0,0.0,0.0,0.0,0.0,0.0,0.0,0.0,0.0,0.0,0.0,0.0,0.0,0.0,0.0,0.0,0.0,0.0,0.0,0.0,0.0,0.0,0.0,0.0,0.0,0.0,0.0,0.0,0.0,0.0,0.0,0.0,0.0,0.0,0.0,0.0,0.0,0.0,0.0,0.0,0.0,0.0,0.0,0.0,0.0,0.0,0.0,0.0,0.0,0.0,0.0,0.0,0.0,0.0,0.0,0.0,0.0,0.0,0.0,0.0,0.0,0.0,0.0,0.0,0.0,0.0,0.0,0.0,0.0,0.0,0.0,0.0,0.0,0.0,0.0,0.0,0.0,0.0,0.0,0.0,0.0,0.0,0.0,0.0,0.0,0.0,0.0,0.0,0.0,0.0,0.0,0.0,0.0,-3.0577017069308905,-5.63245553243093,-0.04897938011265879,-2.1198362098358583,-2.9188783373930267,-0.4954117563649323,-5.06464614387858,-1.8489413610861165,-0.7387089622233916,-0.046866648320349036,-2.2291643543111785,-13.44584402276947,-19.299283146308696,-2.642439461277222,-7.4981183015387405,-1.736887247181423,-8.302114915068293,-5.087174043355658,-6.09963014217694,-4.468918479971064,-2.5719617220196893,-9.64934415264993,-8.205504430125213,-7.864619780103423,-7.709188751863842,-14.046453365798392,-5.729298695882093,-7.844212479298376,-28.742284153309665,-21.18574861472987,-16.02248309855382,-16.510291162553163,-27.753565724317863,-35.08822495761616,-36.599396993215976,-21.92658277368838,-16.314478324348876,-35.85532537690167,-17.31678175649637,-8.482531212052757,-14.752567645583595,-10.028528913826538,-9.841669490071148,-24.639665029030333,-5.812340144198325,-10.665225925004872,-6.290882236976669,-12.71153930370173,-15.202353533407134,-6.368171036217726,-10.69203638732591,-6.220986106509725,-4.806087048933565,-3.190106261035189,-15.243086594450084,-11.581892688871037,-9.684468398957112,-9.374603657443549,-20.776362695923048,-34.698893082806066,-8.735559408066024
3,1,transp,1,0.042333333333333334,0.0,0,7.0,3.0,6.759686419382292,25.0,4.617715554653923e-10,1.0026804465194901e-07,13.171724160465171,-6.08232755373909e-09,0.0,0.0,0.0,0.0,0.0,0.0,0.0,0.0,0.0,0.0,0.0,0.0,0.0,0.0,0.0,0.0,0.0,0.0,0.0,0.0,0.0,0.0,0.0,0.0,0.0,0.0,0.0,0.0,0.0,0.0,0.0,0.0,0.0,0.0,0.0,0.0,0.0,0.0,0.0,0.0,0.0,0.0,0.0,0.0,0.0,0.0,0.0,0.0,0.0,0.0,0.0,0.0,0.0,0.0,0.0,0.0,0.0,0.0,0.0,0.0,0.0,0.0,0.0,0.0,0.0,0.0,0.0,0.0,0.0,0.0,0.0,0.0,0.0,0.0,0.0,0.0,0.0,0.0,0.0,0.0,0.0,0.0,0.0,0.0,0.0,0.0,0.0,0.0,0.0,0.0,0.0,0.0,0.0,0.0,0.0,0.0,0.0,0.0,0.0,0.0,0.0,0.0,0.0,0.0,0.0,0.0,0.0,0.0,0.0,0.0,0.0,0.0,0.0,0.0,0.0,0.0,0.0,0.0,0.0,0.0,0.0,0.0,0.0,0.0,0.0,0.0,0.0,0.0,0.0,0.0,0.0,0.0,0.0,0.0,0.0,0.0,0.0,0.0,0.0,0.0,0.0,0.0,-999.999,-999.999,-999.999,-999.999,-999.999,-999.999,-999.999,-999.999,-999.999,-999.999,-999.999,-999.999,-999.999,-999.999,-999.999,-999.999,-999.999,-999.999,-999.999,-999.999,-999.999,-999.999,-999.999,-999.999,-999.999,-999.999,-999.999,-999.999,-999.999,-999.999,-999.999,-999.999,-999.999,-999.999,-999.999,-999.999,-999.999,-999.999,-999.999,-999.999,-999.999,-999.999,-999.999,-999.999,-999.999,-999.999,-999.999,-999.999,-999.999,-999.999,-999.999,-999.999,-999.999,-999.999,-999.999,-999.999,-999.999,-999.999,-999.999,-999.999,-999.999,-999.999
4,1,transp,2,0.127,0.0,0,7.0,3.0,6.697722627204621,25.0,4.617715554653923e-10,1.0026804465194901e-07,13.171724160465171,-6.08232755373909e-09,0.0,0.0,0.0,0.0,0.0,0.0,0.0,0.0,0.0,0.0,0.0,0.0,0.0,0.0,0.0,0.0,0.0,0.0,0.0,0.0,0.0,0.0,0.0,0.0,0.0,0.0,0.0,0.0,0.0,0.0,0.0,0.0,0.0,0.0,0.0,0.0,0.0,0.0,0.0,0.0,0.0,0.0,0.0,0.0,0.0,0.0,0.0,0.0,0.0,0.0,0.0,0.0,0.0,0.0,0.0,0.0,0.0,0.0,0.0,0.0,0.0,0.0,0.0,0.0,0.0,0.0,0.0,0.0,0.0,0.0,0.0,0.0,0.0,0.0,0.0,0.0,0.0,0.0,0.0,0.0,0.0,0.0,0.0,0.0,0.0,0.0,0.0,0.0,0.0,0.0,0.0,0.0,0.0,0.0,0.0,0.0,0.0,0.0,0.0,0.0,0.0,0.0,0.0,0.0,0.0,0.0,0.0,0.0,0.0,0.0,0.0,0.0,0.0,0.0,0.0,0.0,0.0,0.0,0.0,0.0,0.0,0.0,0.0,0.0,0.0,0.0,0.0,0.0,0.0,0.0,0.0,0.0,0.0,0.0,0.0,0.0,0.0,0.0,0.0,0.0,0.0,0.0,-999.999,-999.999,-999.999,-999.999,-999.999,-999.999,-999.999,-999.999,-999.999,-999.999,-999.999,-999.999,-999.999,-999.999,-999.999,-999.999,-999.999,-999.999,-999.999,-999.999,-999.999,-999.999,-999.999,-999.999,-999.999,-999.999,-999.999,-999.999,-999.999,-999.999,-999.999,-999.999,-999.999,-999.999,-999.999,-999.999,-999.999,-999.999,-999.999,-999.999,-999.999,-999.999,-999.999,-999.999,-999.999,-999.999,-999.999,-999.999,-999.999,-999.999,-999.999,-999.999,-999.999,-999.999,-999.999,-999.999,-999.999,-999.999,-999.999,-999.999,-999.999,-999.999
5,1,transp,3,0.21166666666666667,0.0,0,7.0,3.0,6.63575883502695,25.0,4.617715554653923e-10,1.0026804465194901e-07,13.171724160465171,-6.08232755373909e-09,0.0,0.0,0.0,0.0,0.0,0.0,0.0,0.0,0.0,0.0,0.0,0.0,0.0,0.0,0.0,0.0,0.0,0.0,0.0,0.0,0.0,0.0,0.0,0.0,0.0,0.0,0.0,0.0,0.0,0.0,0.0,0.0,0.0,0.0,0.0,0.0,0.0,0.0,0.0,0.0,0.0,0.0,0.0,0.0,0.0,0.0,0.0,0.0,0.0,0.0,0.0,0.0,0.0,0.0,0.0,0.0,0.0,0.0,0.0,0.0,0.0,0.0,0.0,0.0,0.0,0.0,0.0,0.0,0.0,0.0,0.0,0.0,0.0,0.0,0.0,0.0,0.0,0.0,0.0,0.0,0.0,0.0,0.0,0.0,0.0,0.0,0.0,0.0,0.0,0.0,0.0,0.0,0.0,0.0,0.0,0.0,0.0,0.0,0.0,0.0,0.0,0.0,0.0,0.0,0.0,0.0,0.0,0.0,0.0,0.0,0.0,0.0,0.0,0.0,0.0,0.0,0.0,0.0,0.0,0.0,0.0,0.0,0.0,0.0,0.0,0.0,0.0,0.0,0.0,0.0,0.0,0.0,0.0,0.0,0.0,0.0,0.0,0.0,0.0,0.0,0.0,0.0,-999.999,-999.999,-999.999,-999.999,-999.999,-999.999,-999.999,-999.999,-999.999,-999.999,-999.999,-999.999,-999.999,-999.999,-999.999,-999.999,-999.999,-999.999,-999.999,-999.999,-999.999,-999.999,-999.999,-999.999,-999.999,-999.999,-999.999,-999.999,-999.999,-999.999,-999.999,-999.999,-999.999,-999.999,-999.999,-999.999,-999.999,-999.999,-999.999,-999.999,-999.999,-999.999,-999.999,-999.999,-999.999,-999.999,-999.999,-999.999,-999.999,-999.999,-999.999,-999.999,-999.999,-999.999,-999.999,-999.999,-999.999,-999.999,-999.999,-999.999,-999.999,-999.999
6,1,transp,4,0.29633333333333334,0.0,0,7.0,3.0,6.573795042849278,25.0,4.617715554653923e-10,1.0026804465194901e-07,13.171724160465171,-6.08232755373909e-09,0.0,0.0,0.0,0.0,0.0,0.0,0.0,0.0,0.0,0.0,0.0,0.0,0.0,0.0,0.0,0.0,0.0,0.0,0.0,0.0,0.0,0.0,0.0,0.0,0.0,0.0,0.0,0.0,0.0,0.0,0.0,0.0,0.0,0.0,0.0,0.0,0.0,0.0,0.0,0.0,0.0,0.0,0.0,0.0,0.0,0.0,0.0,0.0,0.0,0.0,0.0,0.0,0.0,0.0,0.0,0.0,0.0,0.0,0.0,0.0,0.0,0.0,0.0,0.0,0.0,0.0,0.0,0.0,0.0,0.0,0.0,0.0,0.0,0.0,0.0,0.0,0.0,0.0,0.0,0.0,0.0,0.0,0.0,0.0,0.0,0.0,0.0,0.0,0.0,0.0,0.0,0.0,0.0,0.0,0.0,0.0,0.0,0.0,0.0,0.0,0.0,0.0,0.0,0.0,0.0,0.0,0.0,0.0,0.0,0.0,0.0,0.0,0.0,0.0,0.0,0.0,0.0,0.0,0.0,0.0,0.0,0.0,0.0,0.0,0.0,0.0,0.0,0.0,0.0,0.0,0.0,0.0,0.0,0.0,0.0,0.0,0.0,0.0,0.0,0.0,0.0,0.0,-999.999,-999.999,-999.999,-999.999,-999.999,-999.999,-999.999,-999.999,-999.999,-999.999,-999.999,-999.999,-999.999,-999.999,-999.999,-999.999,-999.999,-999.999,-999.999,-999.999,-999.999,-999.999,-999.999,-999.999,-999.999,-999.999,-999.999,-999.999,-999.999,-999.999,-999.999,-999.999,-999.999,-999.999,-999.999,-999.999,-999.999,-999.999,-999.999,-999.999,-999.999,-999.999,-999.999,-999.999,-999.999,-999.999,-999.999,-999.999,-999.999,-999.999,-999.999,-999.999,-999.999,-999.999,-999.999,-999.999,-999.999,-999.999,-999.999,-999.999,-999.999,-999.999
7,1,transp,5,0.381,0.0,0,7.0,3.0,6.511831250671608,25.0,4.617715554653923e-10,1.0026804465194901e-07,13.171724160465171,-6.08232755373909e-09,0.0,0.0,0.0,0.0,0.0,0.0,0.0,0.0,0.0,0.0,0.0,0.0,0.0,0.0,0.0,0.0,0.0,0.0,0.0,0.0,0.0,0.0,0.0,0.0,0.0,0.0,0.0,0.0,0.0,0.0,0.0,0.0,0.0,0.0,0.0,0.0,0.0,0.0,0.0,0.0,0.0,0.0,0.0,0.0,0.0,0.0,0.0,0.0,0.0,0.0,0.0,0.0,0.0,0.0,0.0,0.0,0.0,0.0,0.0,0.0,0.0,0.0,0.0,0.0,0.0,0.0,0.0,0.0,0.0,0.0,0.0,0.0,0.0,0.0,0.0,0.0,0.0,0.0,0.0,0.0,0.0,0.0,0.0,0.0,0.0,0.0,0.0,0.0,0.0,0.0,0.0,0.0,0.0,0.0,0.0,0.0,0.0,0.0,0.0,0.0,0.0,0.0,0.0,0.0,0.0,0.0,0.0,0.0,0.0,0.0,0.0,0.0,0.0,0.0,0.0,0.0,0.0,0.0,0.0,0.0,0.0,0.0,0.0,0.0,0.0,0.0,0.0,0.0,0.0,0.0,0.0,0.0,0.0,0.0,0.0,0.0,0.0,0.0,0.0,0.0,0.0,0.0,-999.999,-999.999,-999.999,-999.999,-999.999,-999.999,-999.999,-999.999,-999.999,-999.999,-999.999,-999.999,-999.999,-999.999,-999.999,-999.999,-999.999,-999.999,-999.999,-999.999,-999.999,-999.999,-999.999,-999.999,-999.999,-999.999,-999.999,-999.999,-999.999,-999.999,-999.999,-999.999,-999.999,-999.999,-999.999,-999.999,-999.999,-999.999,-999.999,-999.999,-999.999,-999.999,-999.999,-999.999,-999.999,-999.999,-999.999,-999.999,-999.999,-999.999,-999.999,-999.999,-999.999,-999.999,-999.999,-999.999,-999.999,-999.999,-999.999,-999.999,-999.999,-999.999
8,1,transp,6,0.4656666666666667,0.0,0,7.0,3.0,6.449867458493937,25.0,4.617715554653923e-10,1.0026804465194901e-07,13.171724160465171,-6.08232755373909e-09,0.0,0.0,0.0,0.0,0.0,0.0,0.0,0.0,0.0,0.0,0.0,0.0,0.0,0.0,0.0,0.0,0.0,0.0,0.0,0.0,0.0,0.0,0.0,0.0,0.0,0.0,0.0,0.0,0.0,0.0,0.0,0.0,0.0,0.0,0.0,0.0,0.0,0.0,0.0,0.0,0.0,0.0,0.0,0.0,0.0,0.0,0.0,0.0,0.0,0.0,0.0,0.0,0.0,0.0,0.0,0.0,0.0,0.0,0.0,0.0,0.0,0.0,0.0,0.0,0.0,0.0,0.0,0.0,0.0,0.0,0.0,0.0,0.0,0.0,0.0,0.0,0.0,0.0,0.0,0.0,0.0,0.0,0.0,0.0,0.0,0.0,0.0,0.0,0.0,0.0,0.0,0.0,0.0,0.0,0.0,0.0,0.0,0.0,0.0,0.0,0.0,0.0,0.0,0.0,0.0,0.0,0.0,0.0,0.0,0.0,0.0,0.0,0.0,0.0,0.0,0.0,0.0,0.0,0.0,0.0,0.0,0.0,0.0,0.0,0.0,0.0,0.0,0.0,0.0,0.0,0.0,0.0,0.0,0.0,0.0,0.0,0.0,0.0,0.0,0.0,0.0,0.0,-999.999,-999.999,-999.999,-999.999,-999.999,-999.999,-999.999,-999.999,-999.999,-999.999,-999.999,-999.999,-999.999,-999.999,-999.999,-999.999,-999.999,-999.999,-999.999,-999.999,-999.999,-999.999,-999.999,-999.999,-999.999,-999.999,-999.999,-999.999,-999.999,-999.999,-999.999,-999.999,-999.999,-999.999,-999.999,-999.999,-999.999,-999.999,-999.999,-999.999,-999.999,-999.999,-999.999,-999.999,-999.999,-999.999,-999.999,-999.999,-999.999,-999.999,-999.999,-999.999,-999.999,-999.999,-999.999,-999.999,-999.999,-999.999,-999.999,-999.999,-999.999,-999.999
9,1,transp,7,0.5503333333333333,0.0,0,7.0,3.0,6.387903666316266,25.0,4.617715554653923e-10,1.0026804465194901e-07,13.171724160465171,-6.08232755373909e-09,0.0,0.0,0.0,0.0,0.0,0.0,0.0,0.0,0.0,0.0,0.0,0.0,0.0,0.0,0.0,0.0,0.0,0.0,0.0,0.0,0.0,0.0,0.0,0.0,0.0,0.0,0.0,0.0,0.0,0.0,0.0,0.0,0.0,0.0,0.0,0.0,0.0,0.0,0.0,0.0,0.0,0.0,0.0,0.0,0.0,0.0,0.0,0.0,0.0,0.0,0.0,0.0,0.0,0.0,0.0,0.0,0.0,0.0,0.0,0.0,0.0,0.0,0.0,0.0,0.0,0.0,0.0,0.0,0.0,0.0,0.0,0.0,0.0,0.0,0.0,0.0,0.0,0.0,0.0,0.0,0.0,0.0,0.0,0.0,0.0,0.0,0.0,0.0,0.0,0.0,0.0,0.0,0.0,0.0,0.0,0.0,0.0,0.0,0.0,0.0,0.0,0.0,0.0,0.0,0.0,0.0,0.0,0.0,0.0,0.0,0.0,0.0,0.0,0.0,0.0,0.0,0.0,0.0,0.0,0.0,0.0,0.0,0.0,0.0,0.0,0.0,0.0,0.0,0.0,0.0,0.0,0.0,0.0,0.0,0.0,0.0,0.0,0.0,0.0,0.0,0.0,0.0,-999.999,-999.999,-999.999,-999.999,-999.999,-999.999,-999.999,-999.999,-999.999,-999.999,-999.999,-999.999,-999.999,-999.999,-999.999,-999.999,-999.999,-999.999,-999.999,-999.999,-999.999,-999.999,-999.999,-999.999,-999.999,-999.999,-999.999,-999.999,-999.999,-999.999,-999.999,-999.999,-999.999,-999.999,-999.999,-999.999,-999.999,-999.999,-999.999,-999.999,-999.999,-999.999,-999.999,-999.999,-999.999,-999.999,-999.999,-999.999,-999.999,-999.999,-999.999,-999.999,-999.999,-999.999,-999.999,-999.999,-999.999,-999.999,-999.999,-999.999,-999.999,-999.999
10,1,transp,8,0.635,0.0,0,7.0,3.0,6.325939874138594,25.0,4.617715554653923e-10,1.0026804465194901e-07,13.171724160465171,-6.08232755373909e-09,0.0,0.0,0.0,0.0,0.0,0.0,0.0,0.0,0.0,0.0,0.0,0.0,0.0,0.0,0.0,0.0,0.0,0.0,0.0,0.0,0.0,0.0,0.0,0.0,0.0,0.0,0.0,0.0,0.0,0.0,0.0,0.0,0.0,0.0,0.0,0.0,0.0,0.0,0.0,0.0,0.0,0.0,0.0,0.0,0.0,0.0,0.0,0.0,0.0,0.0,0.0,0.0,0.0,0.0,0.0,0.0,0.0,0.0,0.0,0.0,0.0,0.0,0.0,0.0,0.0,0.0,0.0,0.0,0.0,0.0,0.0,0.0,0.0,0.0,0.0,0.0,0.0,0.0,0.0,0.0,0.0,0.0,0.0,0.0,0.0,0.0,0.0,0.0,0.0,0.0,0.0,0.0,0.0,0.0,0.0,0.0,0.0,0.0,0.0,0.0,0.0,0.0,0.0,0.0,0.0,0.0,0.0,0.0,0.0,0.0,0.0,0.0,0.0,0.0,0.0,0.0,0.0,0.0,0.0,0.0,0.0,0.0,0.0,0.0,0.0,0.0,0.0,0.0,0.0,0.0,0.0,0.0,0.0,0.0,0.0,0.0,0.0,0.0,0.0,0.0,0.0,0.0,-999.999,-999.999,-999.999,-999.999,-999.999,-999.999,-999.999,-999.999,-999.999,-999.999,-999.999,-999.999,-999.999,-999.999,-999.999,-999.999,-999.999,-999.999,-999.999,-999.999,-999.999,-999.999,-999.999,-999.999,-999.999,-999.999,-999.999,-999.999,-999.999,-999.999,-999.999,-999.999,-999.999,-999.999,-999.999,-999.999,-999.999,-999.999,-999.999,-999.999,-999.999,-999.999,-999.999,-999.999,-999.999,-999.999,-999.999,-999.999,-999.999,-999.999,-999.999,-999.999,-999.999,-999.999,-999.999,-999.999,-999.999,-999.999,-999.999,-999.999,-999.999,-999.999
11,1,transp,9,0.7196666666666667,0.0,0,7.0,3.0,6.263976081960924,25.0,4.617715554653923e-10,1.0026804465194901e-07,13.171724160465171,-6.08232755373909e-09,0.0,0.0,0.0,0.0,0.0,0.0,0.0,0.0,0.0,0.0,0.0,0.0,0.0,0.0,0.0,0.0,0.0,0.0,0.0,0.0,0.0,0.0,0.0,0.0,0.0,0.0,0.0,0.0,0.0,0.0,0.0,0.0,0.0,0.0,0.0,0.0,0.0,0.0,0.0,0.0,0.0,0.0,0.0,0.0,0.0,0.0,0.0,0.0,0.0,0.0,0.0,0.0,0.0,0.0,0.0,0.0,0.0,0.0,0.0,0.0,0.0,0.0,0.0,0.0,0.0,0.0,0.0,0.0,0.0,0.0,0.0,0.0,0.0,0.0,0.0,0.0,0.0,0.0,0.0,0.0,0.0,0.0,0.0,0.0,0.0,0.0,0.0,0.0,0.0,0.0,0.0,0.0,0.0,0.0,0.0,0.0,0.0,0.0,0.0,0.0,0.0,0.0,0.0,0.0,0.0,0.0,0.0,0.0,0.0,0.0,0.0,0.0,0.0,0.0,0.0,0.0,0.0,0.0,0.0,0.0,0.0,0.0,0.0,0.0,0.0,0.0,0.0,0.0,0.0,0.0,0.0,0.0,0.0,0.0,0.0,0.0,0.0,0.0,0.0,0.0,0.0,0.0,-999.999,-999.999,-999.999,-999.999,-999.999,-999.999,-999.999,-999.999,-999.999,-999.999,-999.999,-999.999,-999.999,-999.999,-999.999,-999.999,-999.999,-999.999,-999.999,-999.999,-999.999,-999.999,-999.999,-999.999,-999.999,-999.999,-999.999,-999.999,-999.999,-999.999,-999.999,-999.999,-999.999,-999.999,-999.999,-999.999,-999.999,-999.999,-999.999,-999.999,-999.999,-999.999,-999.999,-999.999,-999.999,-999.999,-999.999,-999.999,-999.999,-999.999,-999.999,-999.999,-999.999,-999.999,-999.999,-999.999,-999.999,-999.999,-999.999,-999.999,-999.999,-999.999
12,1,transp,10,0.8043333333333333,0.0,0,7.0,3.0,6.202012289783253,25.0,4.617715554653923e-10,1.0026804465194901e-07,13.171724160465171,-6.08232755373909e-09,0.0,0.0,0.0,0.0,0.0,0.0,0.0,0.0,0.0,0.0,0.0,0.0,0.0,0.0,0.0,0.0,0.0,0.0,0.0,0.0,0.0,0.0,0.0,0.0,0.0,0.0,0.0,0.0,0.0,0.0,0.0,0.0,0.0,0.0,0.0,0.0,0.0,0.0,0.0,0.0,0.0,0.0,0.0,0.0,0.0,0.0,0.0,0.0,0.0,0.0,0.0,0.0,0.0,0.0,0.0,0.0,0.0,0.0,0.0,0.0,0.0,0.0,0.0,0.0,0.0,0.0,0.0,0.0,0.0,0.0,0.0,0.0,0.0,0.0,0.0,0.0,0.0,0.0,0.0,0.0,0.0,0.0,0.0,0.0,0.0,0.0,0.0,0.0,0.0,0.0,0.0,0.0,0.0,0.0,0.0,0.0,0.0,0.0,0.0,0.0,0.0,0.0,0.0,0.0,0.0,0.0,0.0,0.0,0.0,0.0,0.0,0.0,0.0,0.0,0.0,0.0,0.0,0.0,0.0,0.0,0.0,0.0,0.0,0.0,0.0,0.0,0.0,0.0,0.0,0.0,0.0,0.0,0.0,0.0,0.0,0.0,0.0,0.0,0.0,0.0,0.0,0.0,-999.999,-999.999,-999.999,-999.999,-999.999,-999.999,-999.999,-999.999,-999.999,-999.999,-999.999,-999.999,-999.999,-999.999,-999.999,-999.999,-999.999,-999.999,-999.999,-999.999,-999.999,-999.999,-999.999,-999.999,-999.999,-999.999,-999.999,-999.999,-999.999,-999.999,-999.999,-999.999,-999.999,-999.999,-999.999,-999.999,-999.999,-999.999,-999.999,-999.999,-999.999,-999.999,-999.999,-999.999,-999.999,-999.999,-999.999,-999.999,-999.999,-999.999,-999.999,-999.999,-999.999,-999.999,-999.999,-999.999,-999.999,-999.999,-999.999,-999.999,-999.999,-999.999
13,1,transp,11,0.889,0.0,0,7.0,3.0,6.140048497605582,25.0,4.617715554653923e-10,1.0026804465194901e-07,13.171724160465171,-6.08232755373909e-09,0.0,0.0,0.0,0.0,0.0,0.0,0.0,0.0,0.0,0.0,0.0,0.0,0.0,0.0,0.0,0.0,0.0,0.0,0.0,0.0,0.0,0.0,0.0,0.0,0.0,0.0,0.0,0.0,0.0,0.0,0.0,0.0,0.0,0.0,0.0,0.0,0.0,0.0,0.0,0.0,0.0,0.0,0.0,0.0,0.0,0.0,0.0,0.0,0.0,0.0,0.0,0.0,0.0,0.0,0.0,0.0,0.0,0.0,0.0,0.0,0.0,0.0,0.0,0.0,0.0,0.0,0.0,0.0,0.0,0.0,0.0,0.0,0.0,0.0,0.0,0.0,0.0,0.0,0.0,0.0,0.0,0.0,0.0,0.0,0.0,0.0,0.0,0.0,0.0,0.0,0.0,0.0,0.0,0.0,0.0,0.0,0.0,0.0,0.0,0.0,0.0,0.0,0.0,0.0,0.0,0.0,0.0,0.0,0.0,0.0,0.0,0.0,0.0,0.0,0.0,0.0,0.0,0.0,0.0,0.0,0.0,0.0,0.0,0.0,0.0,0.0,0.0,0.0,0.0,0.0,0.0,0.0,0.0,0.0,0.0,0.0,0.0,0.0,0.0,0.0,0.0,0.0,-999.999,-999.999,-999.999,-999.999,-999.999,-999.999,-999.999,-999.999,-999.999,-999.999,-999.999,-999.999,-999.999,-999.999,-999.999,-999.999,-999.999,-999.999,-999.999,-999.999,-999.999,-999.999,-999.999,-999.999,-999.999,-999.999,-999.999,-999.999,-999.999,-999.999,-999.999,-999.999,-999.999,-999.999,-999.999,-999.999,-999.999,-999.999,-999.999,-999.999,-999.999,-999.999,-999.999,-999.999,-999.999,-999.999,-999.999,-999.999,-999.999,-999.999,-999.999,-999.999,-999.999,-999.999,-999.999,-999.999,-999.999,-999.999,-999.999,-999.999,-999.999,-999.999
14,1,transp,12,0.9736666666666667,0.0,0,7.0,3.0,6.07808470542791,25.0,4.617715554653923e-10,1.0026804465194901e-07,13.171724160465171,-6.08232755373909e-09,0.0,0.0,0.0,0.0,0.0,0.0,0.0,0.0,0.0,0.0,0.0,0.0,0.0,0.0,0.0,0.0,0.0,0.0,0.0,0.0,0.0,0.0,0.0,0.0,0.0,0.0,0.0,0.0,0.0,0.0,0.0,0.0,0.0,0.0,0.0,0.0,0.0,0.0,0.0,0.0,0.0,0.0,0.0,0.0,0.0,0.0,0.0,0.0,0.0,0.0,0.0,0.0,0.0,0.0,0.0,0.0,0.0,0.0,0.0,0.0,0.0,0.0,0.0,0.0,0.0,0.0,0.0,0.0,0.0,0.0,0.0,0.0,0.0,0.0,0.0,0.0,0.0,0.0,0.0,0.0,0.0,0.0,0.0,0.0,0.0,0.0,0.0,0.0,0.0,0.0,0.0,0.0,0.0,0.0,0.0,0.0,0.0,0.0,0.0,0.0,0.0,0.0,0.0,0.0,0.0,0.0,0.0,0.0,0.0,0.0,0.0,0.0,0.0,0.0,0.0,0.0,0.0,0.0,0.0,0.0,0.0,0.0,0.0,0.0,0.0,0.0,0.0,0.0,0.0,0.0,0.0,0.0,0.0,0.0,0.0,0.0,0.0,0.0,0.0,0.0,0.0,0.0,-999.999,-999.999,-999.999,-999.999,-999.999,-999.999,-999.999,-999.999,-999.999,-999.999,-999.999,-999.999,-999.999,-999.999,-999.999,-999.999,-999.999,-999.999,-999.999,-999.999,-999.999,-999.999,-999.999,-999.999,-999.999,-999.999,-999.999,-999.999,-999.999,-999.999,-999.999,-999.999,-999.999,-999.999,-999.999,-999.999,-999.999,-999.999,-999.999,-999.999,-999.999,-999.999,-999.999,-999.999,-999.999,-999.999,-999.999,-999.999,-999.999,-999.999,-999.999,-999.999,-999.999,-999.999,-999.999,-999.999,-999.999,-999.999,-999.999,-999.999,-999.999,-999.999
15,1,transp,1,0.042333333333333334,200.40436001528005,67,8.220969617359515,0.26225524439269243,6.759686419382292,24.5,3.484163330485205e-05,0.9947882788706944,13.090535819873825,-0.0005766517035102186,5.9206594218193854e-09,1.1955023742690616e-07,0.000132158491517967,0.7422479067095682,0.7590762334102832,0.10044202130231993,0.01584705432620648,0.008182556680322911,0.07196654309904045,0.00010069231868465422,8.513676426513699e-08,3.492685310366416e-05,3.4147766877709224e-09,2.172654471907209e-09,1.8400344953530785e-09,3.499135616333453e-09,0.0,1.8469502974881875e-09,4.157680772450763,0.06204616853982525,0.0,0.0,0.0,0.0,0.0,0.0,0.0,0.0,0.0,0.0,0.0,0.0,0.0,0.0,0.0,0.0,0.0,0.0,0.0,0.0,0.0,0.0,0.0,0.0,0.0,0.0,0.0,0.0,0.0,0.0,0.0,0.0,0.0,0.0,0.0,0.0,0.0,0.0,0.0,0.0,0.0,0.0,0.0,0.0,0.0,0.0,0.0,0.0,0.0,0.0,0.0,0.0,0.0,0.0,0.0,0.0,0.0,0.0,0.0,0.0,0.0,0.0,0.0,0.0,0.0,0.0,0.0,0.0,0.0,0.0,0.0,0.0,0.0,0.0,0.0,0.0,0.0,0.0,0.0,0.0,0.0,0.0,0.0,0.0,0.0,0.0,0.0,0.0,0.0,0.0,0.0,0.0,0.0,0.0,0.0,0.0,0.0,0.0,0.0,0.0,0.0,0.0,0.0,0.0,0.0,0.0,0.0,0.0,0.0,0.0,0.0,0.0,0.0,0.0,0.0,0.0,0.0,0.0,0.0,0.0,0.0,0.0,0.0,-3.05811059498674,-5.635431109554564,-0.05004895370911555,-2.120784876392017,-2.919287225448876,-0.4964813305503064,-5.067196083429284,-1.8504071956945731,-0.7401515320126002,-0.04679055436876478,-2.231786563629891,-13.45267606530988,-19.30864383094109,-2.644580512772073,-7.4990902448257835,-1.739479256264467,-8.305115812207188,-5.089200953923132,-6.101277302350381,-4.470396942212288,-2.5749342008606546,-9.652687472570953,-8.206982891777518,-7.864685354312446,-7.710446711011556,-14.047302436890256,-5.7257385782664905,-7.843167874576887,-28.73792300407023,-21.1872195229025,-16.022090954985842,-16.508649823879473,-27.749595635680688,-35.08267034047232,-36.593804329096336,-21.92578174206455,-16.313487057846086,-35.853323756901304,-17.31981116228424,-8.483697566100014,-14.753325111575004,-10.029058097963194,-9.842160627232014,-24.636598423131762,-5.8124415123473785,-10.667190344894532,-6.291318938526679,-12.711231783794933,-15.199854805432604,-6.370703334031429,-10.695237931212706,-6.22165535258282,-4.806347406950809,-3.191110840509242,-15.24390194773067,-11.583580372819092,-9.685518912994564,-9.37561612450521,-20.774386023848386,-34.69652426716344,-8.734775911183181
16,1,transp,2,0.127,200.40436001528005,67,8.220116919147628,0.26624265687157306,6.697722627204621,24.500000000000007,3.5166794015593125e-05,1.003371455132284,12.969497545690194,-0.0005766517041990814,5.975914175979231e-09,1.206659440582568e-07,0.00013339186510674512,0.7491749603852396,0.7661603380136061,0.10120066260623765,0.015816210241670438,0.008258920667094154,0.07263817329484368,0.00010163203315202731,8.593130599513548e-08,3.525280914070128e-05,3.4466452066223046e-09,2.1929308432011594e-09,1.8572066794708262e-09,3.5317914177372e-09,0.0,1.8641870235635304e-09,0.1530958177743686,0.002311112416667982,0.0,0.0,0.0,0.0,0.0,0.0,0.0,0.0,0.0,0.0,0.0,0.0,0.0,0.0,0.0,0.0,0.0,0.0,0.0,0.0,0.0,0.0,0.0,0.0,0.0,0.0,0.0,0.0,0.0,0.0,0.0,0.0,0.0,0.0,0.0,0.0,0.0,0.0,0.0,0.0,0.0,0.0,0.0,0.0,0.0,0.0,0.0,0.0,0.0,0.0,0.0,0.0,0.0,0.0,0.0,0.0,0.0,0.0,0.0,0.0,0.0,0.0,0.0,0.0,0.0,0.0,0.0,0.0,0.0,0.0,0.0,0.0,0.0,0.0,0.0,0.0,0.0,0.0,0.0,0.0,0.0,0.0,0.0,0.0,0.0,0.0,0.0,0.0,0.0,0.0,0.0,0.0,0.0,0.0,0.0,0.0,0.0,0.0,0.0,0.0,0.0,0.0,0.0,0.0,0.0,0.0,0.0,0.0,0.0,0.0,0.0,0.0,0.0,0.0,0.0,0.0,0.0,0.0,0.0,0.0,0.0,0.0,0.0,-3.056894529705625,-5.6265402526095585,-0.04685060042672262,-2.117952382941631,-2.918071160167761,-0.4932829755047603,-5.059579192182124,-1.8460215141096366,-0.7357806146140184,-0.047018862683047224,-2.2239416210643896,-13.43225752213064,-19.280664650255105,-2.6381796868060317,-7.496186699402504,-1.7317275650144996,-8.296148055676104,-5.0831425904285155,-6.096358612545993,-4.465982521885625,-2.566040968039275,-9.6426923286256,-8.202568473214011,-7.86450103646869,-7.7066940606521435,-14.044765851811961,-5.736461369551048,-7.846295645979515,-28.75097519918511,-21.182752274423194,-16.023204293535045,-16.5134387062371,-27.76128838164071,-35.09904475749719,-36.61029290027835,-21.928111145894867,-16.3163872324621,-35.85945886550698,-17.31075623112605,-8.480223221970329,-14.751066832726435,-10.027484744057473,-9.840701427483433,-24.64591598192124,-5.812149618401497,-10.661317863920146,-6.290020917324374,-12.71215595513017,-15.207476931711472,-6.363135420546431,-10.685682691271214,-6.21966802612633,-4.805576145775434,-3.188117386796324,-15.241508300876852,-11.578542965294464,-9.682382495693897,-9.372593861361686,-20.78018103346244,-34.703432615326676,-8.73712817841772
17,1,transp,3,0.21166666666666667,200.40436001528005,67,8.21925051561887,0.27025674595895943,6.63575883502695,24.500000000000014,3.549499714054382e-05,1.0120319977668406,12.84957560861658,-0.0005766517041963883,6.031685917054365e-09,1.2179208971403937e-07,0.00013463677866192434,0.7561668265131914,0.7733107245043435,0.10196637828879392,0.015785053775650603,0.008335999147715037,0.07331608754760431,0.00010258053998645903,8.673328179449894e-08,3.5581814960675885e-05,3.4788119008519916e-09,2.21339692882104e-09,1.874539533825869e-09,3.564752760668324e-09,0.0,1.881585023757662e-09,0.14939083657243107,0.002290024452413386,0.0,0.0,0.0,0.0,0.0,0.0,0.0,0.0,0.0,0.0,0.0,0.0,0.0,0.0,0.0,0.0,0.0,0.0,0.0,0.0,0.0,0.0,0.0,0.0,0.0,0.0,0.0,0.0,0.0,0.0,0.0,0.0,0.0,0.0,0.0,0.0,0.0,0.0,0.0,0.0,0.0,0.0,0.0,0.0,0.0,0.0,0.0,0.0,0.0,0.0,0.0,0.0,0.0,0.0,0.0,0.0,0.0,0.0,0.0,0.0,0.0,0.0,0.0,0.0,0.0,0.0,0.0,0.0,0.0,0.0,0.0,0.0,0.0,0.0,0.0,0.0,0.0,0.0,0.0,0.0,0.0,0.0,0.0,0.0,0.0,0.0,0.0,0.0,0.0,0.0,0.0,0.0,0.0,0.0,0.0,0.0,0.0,0.0,0.0,0.0,0.0,0.0,0.0,0.0,0.0,0.0,0.0,0.0,0.0,0.0,0.0,0.0,0.0,0.0,0.0,0.0,0.0,0.0,0.0,0.0,0.0,0.0,0.0,-3.05569912401657,-5.61767548803615,-0.04365407198514859,-2.1151343881926596,-2.9168757544787063,-0.49008644529475465,-5.051991284900748,-1.8416311256647644,-0.7314250638238953,-0.047249350528304035,-2.2160898331306376,-13.411884611664611,-19.252737624827354,-2.6317871852137085,-7.493291196552482,-1.72397789368753,-8.28720297866008,-5.077095820604077,-6.091460996548522,-4.461590585986565,-2.5571388574860214,-9.63271005630592,-8.19817653908338,-7.8643522470766865,-7.70297076441679,-14.04223796126566,-5.747222363669664,-7.849433915227854,-28.764053202996035,-21.178267818801253,-16.024325897538297,-16.518240644696046,-27.77299761302624,-35.11545009972934,-36.62681348643312,-21.93042815558718,-16.31928046176756,-35.86566653525037,-17.30171845112888,-8.476791501598361,-14.748830518043519,-10.025939892910326,-9.839271820258917,-24.655297447214416,-5.811891693579318,-10.65545387947277,-6.288747216111272,-12.713093435997044,-15.215172061745141,-6.355585100839548,-10.676188111482649,-6.217723766044644,-4.804827291382801,-3.185157350323716,-15.239250027475151,-11.573536528408546,-9.679262928032802,-9.369589537623218,-20.785998748312316,-34.710371934179804,-8.73950727957202
18,1,transp,4,0.29633333333333334,200.40436001528005,67,8.218370422110864,0.2743545242752803,6.573795042849278,24.50000000000002,3.582624211928901e-05,1.0207698373817928,12.730770011169627,-0.0005766517042013583,6.087974582104415e-09,1.2292867312337716e-07,0.0001358932307785856,0.7632234972027615,0.7805273848128929,0.10273916996899313,0.015753587446430607,0.008413792035198882,0.07400028509228743,0.00010353783811758785,8.754269075822148e-08,3.591387019228737e-05,3.511276734159284e-09,2.234052705673901e-09,1.8920330388580635e-09,3.598019607929738e-09,0.0,1.899144278437366e-09,0.14572627765447405,0.0022688965962295027,0.0,0.0,0.0,0.0,0.0,0.0,0.0,0.0,0.0,0.0,0.0,0.0,0.0,0.0,0.0,0.0,0.0,0.0,0.0,0.0,0.0,0.0,0.0,0.0,0.0,0.0,0.0,0.0,0.0,0.0,0.0,0.0,0.0,0.0,0.0,0.0,0.0,0.0,0.0,0.0,0.0,0.0,0.0,0.0,0.0,0.0,0.0,0.0,0.0,0.0,0.0,0.0,0.0,0.0,0.0,0.0,0.0,0.0,0.0,0.0,0.0,0.0,0.0,0.0,0.0,0.0,0.0,0.0,0.0,0.0,0.0,0.0,0.0,0.0,0.0,0.0,0.0,0.0,0.0,0.0,0.0,0.0,0.0,0.0,0.0,0.0,0.0,0.0,0.0,0.0,0.0,0.0,0.0,0.0,0.0,0.0,0.0,0.0,0.0,0.0,0.0,0.0,0.0,0.0,0.0,0.0,0.0,0.0,0.0,0.0,0.0,0.0,0.0,0.0,0.0,0.0,0.0,0.0,0.0,0.0,0.0,0.0,0.0,-3.0545245832790933,-5.608837644209311,-0.040459694018601056,-2.112331138284599,-2.9157012137412295,-0.48689206555473064,-5.044433147476035,-1.837236409508069,-0.7270287813463661,-0.04748201904060778,-2.208231808341001,-13.391559280865422,-19.22486532519495,-2.6254035885264724,-7.490404798378476,-1.716230972354192,-8.278281516589267,-5.071061226685295,-6.086585717843972,-4.457221665509065,-2.5482285935911624,-9.622741585929736,-8.193807620379356,-7.864239187804339,-7.699277358365265,-14.039719095951611,-5.758077982282629,-7.852582387425601,-28.77715593307595,-21.173709144583782,-16.025398468267767,-16.522940683850276,-27.78455055951048,-35.13165596372221,-36.64313568468215,-21.932675267054123,-16.32210924451526,-35.87206147434921,-17.29269909739729,-8.473403392813703,-14.746616949996339,-10.024424330400059,-9.8378725920048,-24.66485671129888,-5.811667909780278,-10.649598850726795,-6.287497983228354,-12.714044192935482,-15.223054299000191,-6.348053045264159,-10.666755245278804,-6.215822955416192,-4.804101021491825,-3.182231090611385,-15.237127942368971,-11.568561958169386,-9.676160904068034,-9.366603847914602,-20.791724236550422,-34.71716999314738,-8.741913085613723
19,1,transp,5,0.381,200.40436001528005,67,8.217476673631758,0.2784751930819518,6.511831250671608,24.50000000000003,3.616052716211679e-05,1.0295848618192855,12.613080753348715,-0.0005766517042022234,6.1447798324799076e-09,1.240756874482445e-07,0.0001371612138975372,0.770344929998903,0.7878102755216627,0.10351903553731316,0.015721813983146038,0.008492298861520376,0.07469076181255536,0.00010450392178602103,8.835952801665608e-08,3.624897283779154e-05,3.5440395112260473e-09,2.2548980494883974e-09,1.9096870893212544e-09,3.631591759378137e-09,0.0,1.9168646819608793e-09,0.14210204893992937,0.002247729466982984,0.0,0.0,0.0,0.0,0.0,0.0,0.0,0.0,0.0,0.0,0.0,0.0,0.0,0.0,0.0,0.0,0.0,0.0,0.0,0.0,0.0,0.0,0.0,0.0,0.0,0.0,0.0,0.0,0.0,0.0,0.0,0.0,0.0,0.0,0.0,0.0,0.0,0.0,0.0,0.0,0.0,0.0,0.0,0.0,0.0,0.0,0.0,0.0,0.0,0.0,0.0,0.0,0.0,0.0,0.0,0.0,0.0,0.0,0.0,0.0,0.0,0.0,0.0,0.0,0.0,0.0,0.0,0.0,0.0,0.0,0.0,0.0,0.0,0.0,0.0,0.0,0.0,0.0,0.0,0.0,0.0,0.0,0.0,0.0,0.0,0.0,0.0,0.0,0.0,0.0,0.0,0.0,0.0,0.0,0.0,0.0,0.0,0.0,0.0,0.0,0.0,0.0,0.0,0.0,0.0,0.0,0.0,0.0,0.0,0.0,0.0,0.0,0.0,0.0,0.0,0.0,0.0,0.0,0.0,0.0,0.0,0.0,0.0,-3.053371098203616,-5.6000275250738625,-0.03726779992860685,-2.109542854741564,-2.9145477286657524,-0.48370016968647533,-5.036905553018627,-1.8328377573771601,-0.7226520049615921,-0.047716868233619536,-2.2003681760557114,-13.371283467644162,-19.197050302510227,-2.619029479144544,-7.487527149136891,-1.7084875498911887,-8.269384609050784,-5.065039391092887,-6.081732611351368,-4.452876284565333,-2.5393109251631008,-9.612787857022703,-8.189462241213885,-7.864162023648047,-7.69561436837008,-14.037209591031907,-5.768966814936519,-7.855740755895463,-28.79028226615819,-21.169137048869622,-16.026482483620647,-16.52765939778085,-27.79612774232237,-35.14790298772587,-36.65950013328232,-21.93491276748248,-16.32493386792615,-35.8785227813663,-17.283699476046326,-8.470059882529783,-14.744426924787893,-10.02293885277065,-9.836504538971898,-24.674472035722303,-5.811478416902689,-10.643753246782168,-6.286273347736692,-12.715008185133371,-15.231002114289021,-6.340539932184942,-10.65738513018741,-6.213965953404012,-4.803397504555124,-3.1793389459851324,-15.235142762171328,-11.563620145363203,-9.67307712391636,-9.363637492359436,-20.797478093095073,-34.72400786504491,-8.744345426377134
20,1,transp,6,0.4656666666666667,200.40436001528005,67,8.216569296478413,0.2826916115518759,6.449867458493937,24.500000000000057,3.649784832117977e-05,1.0384769140577743,12.496507835152991,-0.0005766517042022298,6.202101039827704e-09,1.2523312000090506e-07,0.00013844071399294195,0.7775310461276546,0.7951593160707187,0.10430596896193708,0.01568973633195109,0.008571518758273692,0.07538751007067741,0.00010547878030539278,8.918378453433106e-08,3.6587119190440016e-05,3.5770998696457235e-09,2.275932729683083e-09,1.9275014899345763e-09,3.66546884365406e-09,0.0,1.9347460383133923e-09,0.1385182337225777,0.0022265237091831924,0.0,0.0,0.0,0.0,0.0,0.0,0.0,0.0,0.0,0.0,0.0,0.0,0.0,0.0,0.0,0.0,0.0,0.0,0.0,0.0,0.0,0.0,0.0,0.0,0.0,0.0,0.0,0.0,0.0,0.0,0.0,0.0,0.0,0.0,0.0,0.0,0.0,0.0,0.0,0.0,0.0,0.0,0.0,0.0,0.0,0.0,0.0,0.0,0.0,0.0,0.0,0.0,0.0,0.0,0.0,0.0,0.0,0.0,0.0,0.0,0.0,0.0,0.0,0.0,0.0,0.0,0.0,0.0,0.0,0.0,0.0,0.0,0.0,0.0,0.0,0.0,0.0,0.0,0.0,0.0,0.0,0.0,0.0,0.0,0.0,0.0,0.0,0.0,0.0,0.0,0.0,0.0,0.0,0.0,0.0,0.0,0.0,0.0,0.0,0.0,0.0,0.0,0.0,0.0,0.0,0.0,0.0,0.0,0.0,0.0,0.0,0.0,0.0,0.0,0.0,0.0,0.0,0.0,0.0,0.0,0.0,0.0,0.0,-3.052238869968015,-5.591245993042783,-0.03407873102911552,-2.106769791790308,-2.9134155004301228,-0.48051109900418254,-5.029409312644194,-1.8284355739449363,-0.7182229634034485,-0.047953896939604945,-2.1924995871414827,-13.351059202992122,-19.169295248415736,-2.6126654670057405,-7.484659514061365,-1.7007483944167723,-8.260513225340736,-5.0590309220130605,-6.076903147569267,-4.448554985647409,-2.530386626158758,-9.602849844135722,-8.185140944078764,-7.86412093964913,-7.691982335183617,-14.03470978608107,-5.779961088933581,-7.858908703040921,-28.803431039273217,-21.164478669163476,-16.027504754502985,-16.5322500380326,-27.807508681580117,-35.163897147053504,-36.67561280696293,-21.937067266600444,-16.327680938809078,-35.88519687703701,-17.274720918013838,-8.466761975085781,-14.742261245579522,-10.021484259680236,-9.835168460234474,-24.684288989178963,-5.8113233672446345,-10.637917546535624,-6.2850734473781635,-12.715985363710942,-15.239161281399074,-6.333046445591788,-10.648078807589588,-6.212153117399344,-4.802716896786087,-3.176481259279994,-15.233295203344866,-11.558712000188015,-9.67001229309476,-9.360691175890825,-20.8031135840473,-34.73066562687948,-8.746804147329046
21,1,transp,7,0.5503333333333333,200.40436001528005,67,8.215648343006478,0.28690775339350927,6.387903666316266,24.500000000000398,3.683820044566684e-05,1.047445790244156,12.38105125658194,-0.0005766517042043971,6.25993727288827e-09,1.2640095197732147e-07,0.00013973171027761218,0.7847817288409623,0.8025743870650833,0.10509996010568863,0.015657357661598665,0.00865145043842578,0.07609051854704774,0.00010646239783782437,9.001544692009813e-08,3.6928303756593374e-05,3.6104572723086793e-09,2.29715640452144e-09,1.9454759512793065e-09,3.6996503103790374e-09,0.0,1.9527880569884214e-09,0.13497496000259226,0.0022052799935141087,0.0,0.0,0.0,0.0,0.0,0.0,0.0,0.0,0.0,0.0,0.0,0.0,0.0,0.0,0.0,0.0,0.0,0.0,0.0,0.0,0.0,0.0,0.0,0.0,0.0,0.0,0.0,0.0,0.0,0.0,0.0,0.0,0.0,0.0,0.0,0.0,0.0,0.0,0.0,0.0,0.0,0.0,0.0,0.0,0.0,0.0,0.0,0.0,0.0,0.0,0.0,0.0,0.0,0.0,0.0,0.0,0.0,0.0,0.0,0.0,0.0,0.0,0.0,0.0,0.0,0.0,0.0,0.0,0.0,0.0,0.0,0.0,0.0,0.0,0.0,0.0,0.0,0.0,0.0,0.0,0.0,0.0,0.0,0.0,0.0,0.0,0.0,0.0,0.0,0.0,0.0,0.0,0.0,0.0,0.0,0.0,0.0,0.0,0.0,0.0,0.0,0.0,0.0,0.0,0.0,0.0,0.0,0.0,0.0,0.0,0.0,0.0,0.0,0.0,0.0,0.0,0.0,0.0,0.0,0.0,0.0,0.0,0.0,-3.051128079418337,-5.582493869505496,-0.030892836622895103,-2.1040121672945844,-2.9123047098804715,-0.47732520281088586,-5.021945214331954,-1.8240302770810572,-0.7138366594722285,-0.048193102753621986,-2.184626714472012,-13.330888489154706,-19.141602804497683,-2.606312159243151,-7.48180112322466,-1.6930142935612233,-8.251668333935534,-5.053036422971493,-6.0720967458338535,-4.44425829890446,-2.521456496233121,-9.592928526567436,-8.180844259122889,-7.8641160713057445,-7.688381783573368,-14.03222002502046,-5.790964124157252,-7.86208589873663,-28.816601046077917,-21.159830025331203,-16.02856093553438,-16.536903512563867,-27.81897938175772,-35.18001971152938,-36.69185497434579,-21.939234238181477,-16.330445924925158,-35.89189242458989,-17.265764786510807,-8.463510668446414,-14.740120729489794,-10.020061361032568,-9.833865164493815,-24.694115361080136,-5.811202884953554,-10.632092239380885,-6.283898394288691,-12.7169756719695,-15.247339792994236,-6.325573278131031,-10.638837297531719,-6.210384774802243,-4.802059344738634,-3.173658345884503,-15.23158585882043,-11.553838421234378,-9.666967122132826,-9.357765607835901,-20.80882162937695,-34.73742985324052,-8.749289040046255
22,1,transp,8,0.635,200.40436001528005,67,8.214713848107683,0.29124248854676743,6.325939874138594,24.500000000003347,3.7181575779103874e-05,1.05649123767346,12.266711017634634,-0.0005766517042003744,6.318287283950548e-09,1.275791581836541e-07,0.00014103417490066278,0.7920968217186017,0.8100553285381555,0.10590099453804114,0.0156246813689798,0.008732092177596776,0.07679977207554316,0.00010745475316356544,9.085449723236181e-08,3.727251917581833e-05,3.6441109995898475e-09,2.3185686161415604e-09,1.9636100855892478e-09,3.7341354221503515e-09,0.0,1.970990348762344e-09,0.13147237015215024,0.0021839990168208423,0.0,0.0,0.0,0.0,0.0,0.0,0.0,0.0,0.0,0.0,0.0,0.0,0.0,0.0,0.0,0.0,0.0,0.0,0.0,0.0,0.0,0.0,0.0,0.0,0.0,0.0,0.0,0.0,0.0,0.0,0.0,0.0,0.0,0.0,0.0,0.0,0.0,0.0,0.0,0.0,0.0,0.0,0.0,0.0,0.0,0.0,0.0,0.0,0.0,0.0,0.0,0.0,0.0,0.0,0.0,0.0,0.0,0.0,0.0,0.0,0.0,0.0,0.0,0.0,0.0,0.0,0.0,0.0,0.0,0.0,0.0,0.0,0.0,0.0,0.0,0.0,0.0,0.0,0.0,0.0,0.0,0.0,0.0,0.0,0.0,0.0,0.0,0.0,0.0,0.0,0.0,0.0,0.0,0.0,0.0,0.0,0.0,0.0,0.0,0.0,0.0,0.0,0.0,0.0,0.0,0.0,0.0,0.0,0.0,0.0,0.0,0.0,0.0,0.0,0.0,0.0,0.0,0.0,0.0,0.0,0.0,0.0,0.0,-3.0500389255099734,-5.573772061156577,-0.027710474072586422,-2.101270250275169,-2.9112155559721167,-0.4741428384694464,-5.014514100260261,-1.8196222981050476,-0.7093758569548534,-0.04843448197619615,-2.1767502534318854,-13.310773454756287,-19.113975805269973,-2.5999701990798094,-7.47895380939377,-1.685286054731499,-8.242850941197421,-5.047056531641969,-6.067315450815636,-4.439986780654657,-2.512521361290534,-9.583024927327742,-8.17657274266417,-7.864147591509312,-7.684813260633012,-14.029740655988373,-5.802094116037555,-7.865272001786991,-28.829791039316145,-21.15507223955153,-16.029531782984108,-16.541380955564648,-27.830181164303422,-35.19579238466889,-36.707748337096284,-21.941294239539438,-16.333109374339628,-35.89884788303571,-17.256832467296995,-8.460306982462019,-14.738006197413654,-10.018670966624198,-9.832595459696744,-24.704188724105926,-5.8111171035490194,-10.626277824747003,-6.2827483178414845,-12.717979044473227,-15.255775419863635,-6.318121127340696,-10.629661629180287,-6.208661257241221,-4.801424981085957,-3.170870533280822,-15.230015349281338,-11.549000333221255,-9.663942325695782,-9.354861501010141,-20.814363367420373,-34.74394243873361,-8.751799929281766
23,1,transp,9,0.7196666666666667,200.40436001528005,67,8.213765882837542,0.29556171783728075,6.263976081960924,24.500000000025445,3.752796550350048e-05,1.0656129527252878,12.153487118310567,-0.0005766517042228752,6.377149494966642e-09,1.2876770675587973e-07,0.00014234807263756416,0.7994761269273979,0.8176019381714642,0.1067090533423024,0.015591711084708736,0.008813441794869602,0.07751525147474335,0.00010845581944484323,9.170091277940891e-08,3.761975613897412e-05,3.678060141340442e-09,2.340168785460379e-09,1.981903402435534e-09,3.768923246334849e-09,0.0,1.989352421362949e-09,0.12801061180003745,0.002162681502118624,0.0,0.0,0.0,0.0,0.0,0.0,0.0,0.0,0.0,0.0,0.0,0.0,0.0,0.0,0.0,0.0,0.0,0.0,0.0,0.0,0.0,0.0,0.0,0.0,0.0,0.0,0.0,0.0,0.0,0.0,0.0,0.0,0.0,0.0,0.0,0.0,0.0,0.0,0.0,0.0,0.0,0.0,0.0,0.0,0.0,0.0,0.0,0.0,0.0,0.0,0.0,0.0,0.0,0.0,0.0,0.0,0.0,0.0,0.0,0.0,0.0,0.0,0.0,0.0,0.0,0.0,0.0,0.0,0.0,0.0,0.0,0.0,0.0,0.0,0.0,0.0,0.0,0.0,0.0,0.0,0.0,0.0,0.0,0.0,0.0,0.0,0.0,0.0,0.0,0.0,0.0,0.0,0.0,0.0,0.0,0.0,0.0,0.0,0.0,0.0,0.0,0.0,0.0,0.0,0.0,0.0,0.0,0.0,0.0,0.0,0.0,0.0,0.0,0.0,0.0,0.0,0.0,0.0,0.0,0.0,0.0,0.0,0.0,-3.048971577839305,-5.565081406141962,-0.02453200886905549,-2.098544254144672,-2.910148208301454,-0.47096437147073544,-5.007116772338097,-1.8152120820482716,-0.7049731309113163,-0.048678029554564795,-2.1688709224236846,-13.290716166330807,-19.086416983289592,-2.5936402188282877,-7.476116353654387,-1.6775645053706718,-8.234062044165688,-5.041091872757694,-6.062558230881548,-4.435740965985204,-2.50358207403789,-9.573140066193321,-8.172326929789586,-7.864215603240686,-7.681277288243409,-14.027272031268769,-5.813216267743078,-7.868466657653201,-28.84299972581112,-21.150339399577685,-16.030550970104102,-16.545949292440174,-27.84151404157831,-35.211748433185875,-36.723826159400176,-21.94338077432917,-16.3358047780758,-35.9057957874799,-17.247925380064398,-8.457151922323295,-14.735918484944852,-10.017313896890883,-9.831360163752693,-24.71424070410762,-5.81106611896697,-10.620474813071585,-6.281623311773533,-12.718995407561136,-15.264199984433779,-6.310690700233275,-10.62055280205799,-6.206982857226917,-4.800813928742236,-3.1681181117807222,-15.228584133359725,-11.544198639356175,-9.660938622236483,-9.351979571340017,-20.8200057257816,-34.75060398421438,-8.754336565731663
24,1,transp,10,0.8043333333333333,200.40436001528005,67,8.21280449962951,0.2999606559714756,6.202012289783253,24.500000000170324,3.7877357965067144e-05,1.0748105787475781,12.041379558608897,-0.0005766517042130486,6.436521983330918e-09,1.299665588726603e-07,0.00014367336057271806,0.8069194034384767,0.8252139694715019,0.10752411291793289,0.015558450678622443,0.008895496633136804,0.07823693337507696,0.00010946556398401587,9.255466591492584e-08,3.797000330432483e-05,3.7123035886858426e-09,2.361956206955681e-09,2.00035530430692e-09,3.804012646664224e-09,0.0,2.007873675033275e-09,0.12458983437868608,0.0021413281991088245,0.0,0.0,0.0,0.0,0.0,0.0,0.0,0.0,0.0,0.0,0.0,0.0,0.0,0.0,0.0,0.0,0.0,0.0,0.0,0.0,0.0,0.0,0.0,0.0,0.0,0.0,0.0,0.0,0.0,0.0,0.0,0.0,0.0,0.0,0.0,0.0,0.0,0.0,0.0,0.0,0.0,0.0,0.0,0.0,0.0,0.0,0.0,0.0,0.0,0.0,0.0,0.0,0.0,0.0,0.0,0.0,0.0,0.0,0.0,0.0,0.0,0.0,0.0,0.0,0.0,0.0,0.0,0.0,0.0,0.0,0.0,0.0,0.0,0.0,0.0,0.0,0.0,0.0,0.0,0.0,0.0,0.0,0.0,0.0,0.0,0.0,0.0,0.0,0.0,0.0,0.0,0.0,0.0,0.0,0.0,0.0,0.0,0.0,0.0,0.0,0.0,0.0,0.0,0.0,0.0,0.0,0.0,0.0,0.0,0.0,0.0,0.0,0.0,0.0,0.0,0.0,0.0,0.0,0.0,0.0,0.0,0.0,0.0,-3.04792622501399,-5.556422832853951,-0.021357814694438204,-2.0958344467623977,-2.909102855476174,-0.4677901754954421,-4.999754089405528,-1.8108000879043598,-0.7005345778858114,-0.048923739023022605,-2.1609894633774873,-13.270718823181518,-19.058929274411007,-2.58732288872085,-7.4732903140542515,-1.6698504932130445,-8.225302679181176,-5.03514310685093,-6.057826855318174,-4.431521417184106,-2.494639514538147,-9.56327500860057,-8.168107382787129,-7.864320249008463,-7.6777744112863235,-14.02481450713262,-5.824425074813403,-7.8716695002783315,-28.85622576964613,-21.145536277752804,-16.03152285405141,-16.550416841542503,-27.852690091710336,-35.227503889997394,-36.73970447093106,-21.945398011095723,-16.33843628851691,-35.912927302511974,-17.23904496621808,-8.454046514249457,-14.733858429691436,-10.015990970045346,-9.830160091641906,-24.724461545103726,-5.81105003685181,-10.614683725187247,-6.280523488138135,-12.720024678266643,-15.27280392175852,-6.303282708674598,-10.611511824704426,-6.205349871435764,-4.80022629577584,-3.165401384470033,-15.227292698713242,-11.53943426887717,-9.657956732988222,-9.349120536825927,-20.825557016402833,-34.757127158779994,-8.75689873562851
25,1,transp,11,0.889,200.40436001528005,67,8.211829780496284,0.3043443884101011,6.140048497605582,24.500000001010577,3.822974007514201e-05,1.0840837038990394,11.930388338529056,-0.0005766517041941973,6.4964024673293585e-09,1.3117566846151132e-07,0.0001450099877746536,0.8144263652030395,0.8328911299041388,0.10834614477810389,0.015524904265249216,0.008978253538990299,0.07896479004195205,0.00011048394797610103,9.341572382875788e-08,3.832324721169798e-05,3.746840025633559e-09,2.38393004332597e-09,2.0189650820876886e-09,3.839402274635395e-09,0.0,2.026553397992392e-09,0.12121018752728159,0.0021199398843794737,0.0,0.0,0.0,0.0,0.0,0.0,0.0,0.0,0.0,0.0,0.0,0.0,0.0,0.0,0.0,0.0,0.0,0.0,0.0,0.0,0.0,0.0,0.0,0.0,0.0,0.0,0.0,0.0,0.0,0.0,0.0,0.0,0.0,0.0,0.0,0.0,0.0,0.0,0.0,0.0,0.0,0.0,0.0,0.0,0.0,0.0,0.0,0.0,0.0,0.0,0.0,0.0,0.0,0.0,0.0,0.0,0.0,0.0,0.0,0.0,0.0,0.0,0.0,0.0,0.0,0.0,0.0,0.0,0.0,0.0,0.0,0.0,0.0,0.0,0.0,0.0,0.0,0.0,0.0,0.0,0.0,0.0,0.0,0.0,0.0,0.0,0.0,0.0,0.0,0.0,0.0,0.0,0.0,0.0,0.0,0.0,0.0,0.0,0.0,0.0,0.0,0.0,0.0,0.0,0.0,0.0,0.0,0.0,0.0,0.0,0.0,0.0,0.0,0.0,0.0,0.0,0.0,0.0,0.0,0.0,0.0,0.0,0.0,-3.0469030319854813,-5.5477972217199865,-0.018188273487623974,-2.0931410545114524,-2.9080796624476513,-0.46462063247321606,-4.99242688236782,-1.8063867888912761,-0.6961540450372574,-0.049171602444823215,-2.1531066422632037,-13.250783588113109,-19.031515552943418,-2.5810188747108196,-7.470474956009465,-1.6621448865476345,-8.216573879477957,-5.029210887961926,-6.053120782278102,-4.427328681130332,-2.485694590764733,-9.55343082349819,-8.163914648536954,-7.864461614360074,-7.6743051548805905,-14.022368443730203,-5.835624879857255,-7.8748801500942545,-28.8694677876873,-21.140757772312817,-16.032541874066006,-16.554972051518227,-27.86399158838494,-35.24343502848646,-36.75575954104477,-21.947440224103815,-16.341098160099317,-35.920053345557676,-17.23019269887757,-8.450991772365189,-14.731826880807501,-10.014703011441354,-9.82899606475183,-24.734661223521528,-5.811068930308556,-10.608905093206877,-6.279448929766133,-12.721066764725132,-15.281397396944907,-6.295897873445544,-10.602539679652157,-6.203762561634234,-4.79966217899978,-3.1627206228438283,-15.226141391078286,-11.534708134111794,-9.654997381517301,-9.346285117065566,-20.831205678199535,-34.76379484057439,-8.759486164341478
26,1,transp,12,0.9736666666666667,200.40436001528005,67,8.210841793112879,0.3088159169794924,6.07808470542791,24.500000005364583,3.85850958165014e-05,1.0934318583544178,11.820513464900575,-0.0005766517042128705,6.556788287476491e-09,1.323949818219796e-07,0.00014635789487944356,0.8219966788126907,0.8406330785019084,0.1091751152902656,0.015491076211031051,0.00906170883692906,0.07969878914890456,0.00011151092619137824,9.428404827854329e-08,3.867947217239199e-05,3.7816679183088715e-09,2.406089318642307e-09,2.0377319092575717e-09,3.875090558480875e-09,0.0,2.045390760613419e-09,0.11787184839888198,0.0020985173646476674,0.0,0.0,0.0,0.0,0.0,0.0,0.0,0.0,0.0,0.0,0.0,0.0,0.0,0.0,0.0,0.0,0.0,0.0,0.0,0.0,0.0,0.0,0.0,0.0,0.0,0.0,0.0,0.0,0.0,0.0,0.0,0.0,0.0,0.0,0.0,0.0,0.0,0.0,0.0,0.0,0.0,0.0,0.0,0.0,0.0,0.0,0.0,0.0,0.0,0.0,0.0,0.0,0.0,0.0,0.0,0.0,0.0,0.0,0.0,0.0,0.0,0.0,0.0,0.0,0.0,0.0,0.0,0.0,0.0,0.0,0.0,0.0,0.0,0.0,0.0,0.0,0.0,0.0,0.0,0.0,0.0,0.0,0.0,0.0,0.0,0.0,0.0,0.0,0.0,0.0,0.0,0.0,0.0,0.0,0.0,0.0,0.0,0.0,0.0,0.0,0.0,0.0,0.0,0.0,0.0,0.0,0.0,0.0,0.0,0.0,0.0,0.0,0.0,0.0,0.0,0.0,0.0,0.0,0.0,0.0,0.0,0.0,0.0,-3.0459021788868625,-5.539205533224049,-0.015023775726946909,-2.090464350813253,-2.907078809349356,-0.46145613283574516,-4.985136032646835,-1.801972672992267,-0.69172990678274,-0.049421610350699474,-2.145223250100533,-13.230912745082865,-19.0041788784444,-2.5747288780837483,-7.467671942639019,-1.654448575023214,-8.207876714807103,-5.02329590313318,-6.048441888188195,-4.423163328378886,-2.4767482397160956,-9.543608623245404,-8.159749297601081,-7.864639815594675,-7.6708700631953395,-14.019934205012635,-5.846917918970469,-7.878098215210562,-28.882724350959123,-21.13590086328722,-16.033504545363684,-16.559407543527573,-27.875107041669864,-35.25912644620918,-36.771575962273495,-21.949403748318275,-16.343686704181145,-35.927380667770656,-17.221370073457603,-8.447988727277087,-14.729824688671627,-10.013450843098463,-9.827868900377517,-24.745045538441364,-5.811122877766202,-10.60313946043179,-6.278399733625048,-12.72212156514231,-15.290186392439558,-6.28853692115581,-10.59363735514335,-6.202221189527501,-4.799121659975558,-3.1600761071594956,-15.225130567741644,-11.530021168681458,-9.652061292905643,-9.343474032405085,-20.83674431376737,-34.77029614735227,-8.76209860408087
