,sim,state,soln,dist_x,time,step,pH,pe,reaction,temp(C),Alk(eq/kgw),mu,mass_H2O,charge(eq),Ca(mol/kgw),Mg(mol/kgw),Na(mol/kgw),Sr(mol/kgw),Cl(mol/kgw),S(6)(mol/kgw),Fe(mol/kgw),Anhydrite,d_Anhydrite,Aragonite,d_Aragonite,Artinite,d_Artinite,Bischofite,d_Bischofite,Bloedite,d_Bloedite,Brucite,d_Brucite,Burkeite,d_Burkeite,Calcite,d_Calcite,Celestite,d_Celestite,Dolomite,d_Dolomite,Epsomite,d_Epsomite,Gaylussite,d_Gaylussite,Glauberite,d_Glauberite,Gypsum,d_Gypsum,Halite,d_Halite,Hexahydrite,d_Hexahydrite,Huntite,d_Huntite,Kieserite,d_Kieserite,Labile_S,d_Labile_S,Leonhardite,d_Leonhardite,Magnesite,d_Magnesite,MgCl2_2H2O,d_MgCl2_2H2O,MgCl2_4H2O,d_MgCl2_4H2O,Mirabilite,d_Mirabilite,Natron,d_Natron,Nesquehonite,d_Nesquehonite,Pentahydrite,d_Pentahydrite,Pirssonite,d_Pirssonite,Portlandite,d_Portlandite,Thenardite,d_Thenardite,si_Anhydrite,si_Aragonite,si_Artinite,si_Bischofite,si_Bloedite,si_Brucite,si_Burkeite,si_Calcite,si_Celestite,si_Dolomite,si_Epsomite,si_Gaylussite,si_Glauberite,si_Gypsum,si_Halite,si_Hexahydrite,si_Huntite,si_Kieserite,si_Labile_S,si_Leonhardite,si_Magnesite,si_MgCl2_2H2O,si_MgCl2_4H2O,si_Mirabilite,si_Natron,si_Nesquehonite,si_Pentahydrite,si_Pirssonite,si_Portlandite,si_Thenardite
0,1,i_soln,0,-99.0,-99.0,-99,7.0,4.0,-99.0,25.0,4.358957016743287e-08,0.20492557473497694,17.378153556381264,0.028792775742342493,0.018123891962200905,0.013905796280948074,0.08557484069008459,0.00014968793064725755,0.10102341456567662,0.023630261786576276,3.613073764257758e-06,0.0,0.0,0.0,0.0,0.0,0.0,0.0,0.0,0.0,0.0,0.0,0.0,0.0,0.0,0.0,0.0,0.0,0.0,0.0,0.0,0.0,0.0,0.0,0.0,0.0,0.0,0.0,0.0,0.0,0.0,0.0,0.0,0.0,0.0,0.0,0.0,0.0,0.0,0.0,0.0,0.0,0.0,0.0,0.0,0.0,0.0,0.0,0.0,0.0,0.0,0.0,0.0,0.0,0.0,0.0,0.0,0.0,0.0,0.0,0.0,-0.4289688290169149,-999.999,-999.999,-9.280524344627047,-7.141669863459311,-5.508358793142715,-999.999,-999.999,-0.09566202618065311,-999.999,-2.910654704708943,-999.999,-4.064992232183645,-0.08295765735254257,-3.9145716632351086,-3.1890763562363627,-999.999,-4.481422788095265,-8.481485410736326,-3.8666673113119967,-999.999,-19.23812373138405,-11.662838354289299,-3.5112981409684494,-999.999,-999.999,-3.470296205734602,-999.999,-11.13142957711757,-4.434739006240123
1,1,i_soln,1,-99.0,-99.0,-99,7.0,4.0,-99.0,25.0,1.2162927785745562e-09,1.0064539743378962e-07,17.378153556381264,-2.1136922675586273e-08,0.0,0.0,0.0,0.0,0.0,0.0,0.0,0.0,0.0,0.0,0.0,0.0,0.0,0.0,0.0,0.0,0.0,0.0,0.0,0.0,0.0,0.0,0.0,0.0,0.0,0.0,0.0,0.0,0.0,0.0,0.0,0.0,0.0,0.0,0.0,0.0,0.0,0.0,0.0,0.0,0.0,0.0,0.0,0.0,0.0,0.0,0.0,0.0,0.0,0.0,0.0,0.0,0.0,0.0,0.0,0.0,0.0,0.0,0.0,0.0,0.0,0.0,0.0,0.0,0.0,0.0,0.0,-999.999,-999.999,-999.999,-999.999,-999.999,-999.999,-999.999,-999.999,-999.999,-999.999,-999.999,-999.999,-999.999,-999.999,-999.999,-999.999,-999.999,-999.999,-999.999,-999.999,-999.999,-999.999,-999.999,-999.999,-999.999,-999.999,-999.999,-999.999,-999.999,-999.999
2,1,react,0,-99.0,0.0,1,6.999959095940369,4.0,18.622046616674993,25.0,4.4447656576448264e-08,0.2089596544654575,17.0426587654448,0.028792775742309165,0.018480671466413492,0.014179540083501701,0.08725943190803145,0.0001526346258600976,0.10301212007318339,0.024095437428884505,3.6841992525903088e-06,0.0,0.0,0.0,0.0,0.0,0.0,0.0,0.0,0.0,0.0,0.0,0.0,0.0,0.0,0.0,0.0,0.0,0.0,0.0,0.0,0.0,0.0,0.0,0.0,0.0,0.0,0.0,0.0,0.0,0.0,0.0,0.0,0.0,0.0,0.0,0.0,0.0,0.0,0.0,0.0,0.0,0.0,0.0,0.0,0.0,0.0,0.0,0.0,0.0,0.0,0.0,0.0,0.0,0.0,0.0,0.0,0.0,0.0,0.0,0.0,-0.41928618705401277,-999.999,-999.999,-9.259506450544936,-7.112427498621473,-5.502456541376114,-999.999,-999.999,-0.0860278972840014,-999.999,-2.901029758716218,-999.999,-4.035786013329989,-0.07333757669254659,-3.899129041070765,-3.179420129592186,-999.999,-4.4716101581938235,-8.43281817629482,-3.8569485233649137,-999.999,-19.21698071469613,-11.641757898904284,-3.4920873705922215,-999.999,-999.999,-3.460608698438972,-999.999,-11.12568859394096,-4.415215429349366
3,1,transp,60,5.037666666666672,0.0,0,7.0,4.0,12.62632930698669,25.0,1.2162927785745562e-09,1.0064539743378962e-07,17.378153556381264,-2.1136922675586273e-08,0.0,0.0,0.0,0.0,0.0,0.0,0.0,0.0,0.0,0.0,0.0,0.0,0.0,0.0,0.0,0.0,0.0,0.0,0.0,0.0,0.0,0.0,0.0,0.0,0.0,0.0,0.0,0.0,0.0,0.0,0.0,0.0,0.0,0.0,0.0,0.0,0.0,0.0,0.0,0.0,0.0,0.0,0.0,0.0,0.0,0.0,0.0,0.0,0.0,0.0,0.0,0.0,0.0,0.0,0.0,0.0,0.0,0.0,0.0,0.0,0.0,0.0,0.0,0.0,0.0,0.0,0.0,-999.999,-999.999,-999.999,-999.999,-999.999,-999.999,-999.999,-999.999,-999.999,-999.999,-999.999,-999.999,-999.999,-999.999,-999.999,-999.999,-999.999,-999.999,-999.999,-999.999,-999.999,-999.999,-999.999,-999.999,-999.999,-999.999,-999.999,-999.999,-999.999,-999.999
4,1,transp,60,5.037666666666672,0.8148914581530474,1,7.000035192635837,4.0,12.62632930698669,25.0,1.2326041870201268e-09,1.0064544705563207e-07,17.148183413761025,-2.1136922675590932e-08,0.0,0.0,0.0,0.0,0.0,0.0,0.0,0.0,0.0,0.0,0.0,0.0,0.0,0.0,0.0,0.0,0.0,0.0,0.0,0.0,0.0,0.0,0.0,0.0,0.0,0.0,0.0,0.0,0.0,0.0,0.0,0.0,0.0,0.0,0.0,0.0,0.0,0.0,0.0,0.0,0.0,0.0,0.0,0.0,0.0,0.0,0.0,0.0,0.0,0.0,0.0,0.0,0.0,0.0,0.0,0.0,0.0,0.0,0.0,0.0,0.0,0.0,0.0,0.0,0.0,0.0,0.0,-999.999,-999.999,-999.999,-999.999,-999.999,-999.999,-999.999,-999.999,-999.999,-999.999,-999.999,-999.999,-999.999,-999.999,-999.999,-999.999,-999.999,-999.999,-999.999,-999.999,-999.999,-999.999,-999.999,-999.999,-999.999,-999.999,-999.999,-999.999,-999.999,-999.999
5,1,transp,60,5.037666666666672,1.629782916306095,2,7.000072554671821,4.0,12.62632930698669,25.0,1.2499210980049102e-09,1.0064550045802679e-07,16.910605564874853,-2.113692267557632e-08,0.0,0.0,0.0,0.0,0.0,0.0,0.0,0.0,0.0,0.0,0.0,0.0,0.0,0.0,0.0,0.0,0.0,0.0,0.0,0.0,0.0,0.0,0.0,0.0,0.0,0.0,0.0,0.0,0.0,0.0,0.0,0.0,0.0,0.0,0.0,0.0,0.0,0.0,0.0,0.0,0.0,0.0,0.0,0.0,0.0,0.0,0.0,0.0,0.0,0.0,0.0,0.0,0.0,0.0,0.0,0.0,0.0,0.0,0.0,0.0,0.0,0.0,0.0,0.0,0.0,0.0,0.0,-999.999,-999.999,-999.999,-999.999,-999.999,-999.999,-999.999,-999.999,-999.999,-999.999,-999.999,-999.999,-999.999,-999.999,-999.999,-999.999,-999.999,-999.999,-999.999,-999.999,-999.999,-999.999,-999.999,-999.999,-999.999,-999.999,-999.999,-999.999,-999.999,-999.999
6,1,transp,60,5.037666666666672,2.4446743744591424,3,7.000112293085445,4.0,12.62632930698669,25.0,1.2683394452093628e-09,1.0064555807463737e-07,16.66503612689127,-2.1136922675575262e-08,0.0,0.0,0.0,0.0,0.0,0.0,0.0,0.0,0.0,0.0,0.0,0.0,0.0,0.0,0.0,0.0,0.0,0.0,0.0,0.0,0.0,0.0,0.0,0.0,0.0,0.0,0.0,0.0,0.0,0.0,0.0,0.0,0.0,0.0,0.0,0.0,0.0,0.0,0.0,0.0,0.0,0.0,0.0,0.0,0.0,0.0,0.0,0.0,0.0,0.0,0.0,0.0,0.0,0.0,0.0,0.0,0.0,0.0,0.0,0.0,0.0,0.0,0.0,0.0,0.0,0.0,0.0,-999.999,-999.999,-999.999,-999.999,-999.999,-999.999,-999.999,-999.999,-999.999,-999.999,-999.999,-999.999,-999.999,-999.999,-999.999,-999.999,-999.999,-999.999,-999.999,-999.999,-999.999,-999.999,-999.999,-999.999,-999.999,-999.999,-999.999,-999.999,-999.999,-999.999
7,1,transp,60,5.037666666666672,3.25956583261219,4,7.000154642048913,4.0,12.62632930698669,25.0,1.2879677671946747e-09,1.0064562040395186e-07,16.411064945829974,-2.1136922675567427e-08,0.0,0.0,0.0,0.0,0.0,0.0,0.0,0.0,0.0,0.0,0.0,0.0,0.0,0.0,0.0,0.0,0.0,0.0,0.0,0.0,0.0,0.0,0.0,0.0,0.0,0.0,0.0,0.0,0.0,0.0,0.0,0.0,0.0,0.0,0.0,0.0,0.0,0.0,0.0,0.0,0.0,0.0,0.0,0.0,0.0,0.0,0.0,0.0,0.0,0.0,0.0,0.0,0.0,0.0,0.0,0.0,0.0,0.0,0.0,0.0,0.0,0.0,0.0,0.0,0.0,0.0,0.0,-999.999,-999.999,-999.999,-999.999,-999.999,-999.999,-999.999,-999.999,-999.999,-999.999,-999.999,-999.999,-999.999,-999.999,-999.999,-999.999,-999.999,-999.999,-999.999,-999.999,-999.999,-999.999,-999.999,-999.999,-999.999,-999.999,-999.999,-999.999,-999.999,-999.999
8,1,transp,60,5.037666666666672,4.074457290765237,5,7.00019986754731,4.0,12.62632930698669,25.0,1.3089293479507266e-09,1.0064568802386734e-07,16.148253309988558,-2.1136922675586485e-08,0.0,0.0,0.0,0.0,0.0,0.0,0.0,0.0,0.0,0.0,0.0,0.0,0.0,0.0,0.0,0.0,0.0,0.0,0.0,0.0,0.0,0.0,0.0,0.0,0.0,0.0,0.0,0.0,0.0,0.0,0.0,0.0,0.0,0.0,0.0,0.0,0.0,0.0,0.0,0.0,0.0,0.0,0.0,0.0,0.0,0.0,0.0,0.0,0.0,0.0,0.0,0.0,0.0,0.0,0.0,0.0,0.0,0.0,0.0,0.0,0.0,0.0,0.0,0.0,0.0,0.0,0.0,-999.999,-999.999,-999.999,-999.999,-999.999,-999.999,-999.999,-999.999,-999.999,-999.999,-999.999,-999.999,-999.999,-999.999,-999.999,-999.999,-999.999,-999.999,-999.999,-999.999,-999.999,-999.999,-999.999,-999.999,-999.999,-999.999,-999.999,-999.999,-999.999,-999.999
9,1,transp,60,5.037666666666672,4.889348748918284,6,7.000248272970853,4.0,12.62632930698669,25.0,1.33136480897399e-09,1.0064576160777682e-07,15.876131420250404,-2.113692267556764e-08,0.0,0.0,0.0,0.0,0.0,0.0,0.0,0.0,0.0,0.0,0.0,0.0,0.0,0.0,0.0,0.0,0.0,0.0,0.0,0.0,0.0,0.0,0.0,0.0,0.0,0.0,0.0,0.0,0.0,0.0,0.0,0.0,0.0,0.0,0.0,0.0,0.0,0.0,0.0,0.0,0.0,0.0,0.0,0.0,0.0,0.0,0.0,0.0,0.0,0.0,0.0,0.0,0.0,0.0,0.0,0.0,0.0,0.0,0.0,0.0,0.0,0.0,0.0,0.0,0.0,0.0,0.0,-999.999,-999.999,-999.999,-999.999,-999.999,-999.999,-999.999,-999.999,-999.999,-999.999,-999.999,-999.999,-999.999,-999.999,-999.999,-999.999,-999.999,-999.999,-999.999,-999.999,-999.999,-999.999,-999.999,-999.999,-999.999,-999.999,-999.999,-999.999,-999.999,-999.999
10,1,transp,60,5.037666666666672,5.704240207071331,7,7.000300205929842,4.0,12.62632930698669,25.0,1.3554352680886603e-09,1.0064584194465277e-07,15.594195586620696,-2.1136922675578226e-08,0.0,0.0,0.0,0.0,0.0,0.0,0.0,0.0,0.0,0.0,0.0,0.0,0.0,0.0,0.0,0.0,0.0,0.0,0.0,0.0,0.0,0.0,0.0,0.0,0.0,0.0,0.0,0.0,0.0,0.0,0.0,0.0,0.0,0.0,0.0,0.0,0.0,0.0,0.0,0.0,0.0,0.0,0.0,0.0,0.0,0.0,0.0,0.0,0.0,0.0,0.0,0.0,0.0,0.0,0.0,0.0,0.0,0.0,0.0,0.0,0.0,0.0,0.0,0.0,0.0,0.0,0.0,-999.999,-999.999,-999.999,-999.999,-999.999,-999.999,-999.999,-999.999,-999.999,-999.999,-999.999,-999.999,-999.999,-999.999,-999.999,-999.999,-999.999,-999.999,-999.999,-999.999,-999.999,-999.999,-999.999,-999.999,-999.999,-999.999,-999.999,-999.999,-999.999,-999.999
11,1,transp,60,5.037666666666672,6.5191316652243785,8,7.000356066615835,4.0,12.62632930698669,25.0,1.3813262149788244e-09,1.0064592996432216e-07,15.301905115786372,-2.1136922675554298e-08,0.0,0.0,0.0,0.0,0.0,0.0,0.0,0.0,0.0,0.0,0.0,0.0,0.0,0.0,0.0,0.0,0.0,0.0,0.0,0.0,0.0,0.0,0.0,0.0,0.0,0.0,0.0,0.0,0.0,0.0,0.0,0.0,0.0,0.0,0.0,0.0,0.0,0.0,0.0,0.0,0.0,0.0,0.0,0.0,0.0,0.0,0.0,0.0,0.0,0.0,0.0,0.0,0.0,0.0,0.0,0.0,0.0,0.0,0.0,0.0,0.0,0.0,0.0,0.0,0.0,0.0,0.0,-999.999,-999.999,-999.999,-999.999,-999.999,-999.999,-999.999,-999.999,-999.999,-999.999,-999.999,-999.999,-999.999,-999.999,-999.999,-999.999,-999.999,-999.999,-999.999,-999.999,-999.999,-999.999,-999.999,-999.999,-999.999,-999.999,-999.999,-999.999,-999.999,-999.999
12,1,transp,60,5.037666666666672,7.334023123377426,9,7.000416318134594,4.0,12.62632930698669,25.0,1.409252300688245e-09,1.0064602676953924e-07,14.998678849224891,-2.1136922675554298e-08,0.0,0.0,0.0,0.0,0.0,0.0,0.0,0.0,0.0,0.0,0.0,0.0,0.0,0.0,0.0,0.0,0.0,0.0,0.0,0.0,0.0,0.0,0.0,0.0,0.0,0.0,0.0,0.0,0.0,0.0,0.0,0.0,0.0,0.0,0.0,0.0,0.0,0.0,0.0,0.0,0.0,0.0,0.0,0.0,0.0,0.0,0.0,0.0,0.0,0.0,0.0,0.0,0.0,0.0,0.0,0.0,0.0,0.0,0.0,0.0,0.0,0.0,0.0,0.0,0.0,0.0,0.0,-999.999,-999.999,-999.999,-999.999,-999.999,-999.999,-999.999,-999.999,-999.999,-999.999,-999.999,-999.999,-999.999,-999.999,-999.999,-999.999,-999.999,-999.999,-999.999,-999.999,-999.999,-999.999,-999.999,-999.999,-999.999,-999.999,-999.999,-999.999,-999.999,-999.999
13,1,transp,60,5.037666666666672,8.148914581530473,10,7.000481499299486,4.0,12.62632930698669,25.0,1.4394632676022623e-09,1.0064613367692878e-07,14.683891663833412,-2.1136922675539263e-08,0.0,0.0,0.0,0.0,0.0,0.0,0.0,0.0,0.0,0.0,0.0,0.0,0.0,0.0,0.0,0.0,0.0,0.0,0.0,0.0,0.0,0.0,0.0,0.0,0.0,0.0,0.0,0.0,0.0,0.0,0.0,0.0,0.0,0.0,0.0,0.0,0.0,0.0,0.0,0.0,0.0,0.0,0.0,0.0,0.0,0.0,0.0,0.0,0.0,0.0,0.0,0.0,0.0,0.0,0.0,0.0,0.0,0.0,0.0,0.0,0.0,0.0,0.0,0.0,0.0,0.0,0.0,-999.999,-999.999,-999.999,-999.999,-999.999,-999.999,-999.999,-999.999,-999.999,-999.999,-999.999,-999.999,-999.999,-999.999,-999.999,-999.999,-999.999,-999.999,-999.999,-999.999,-999.999,-999.999,-999.999,-999.999,-999.999,-999.999,-999.999,-999.999,-999.999,-999.999
14,1,transp,60,5.037666666666672,8.963806039683524,11,7.000324866684454,4.0,12.62632930698669,25.0,1.366865312683568e-09,1.006458805972744e-07,15.463793308250423,-2.113692267555578e-08,0.0,0.0,0.0,0.0,0.0,0.0,0.0,0.0,0.0,0.0,0.0,0.0,0.0,0.0,0.0,0.0,0.0,0.0,0.0,0.0,0.0,0.0,0.0,0.0,0.0,0.0,0.0,0.0,0.0,0.0,0.0,0.0,0.0,0.0,0.0,0.0,0.0,0.0,0.0,0.0,0.0,0.0,0.0,0.0,0.0,0.0,0.0,0.0,0.0,0.0,0.0,0.0,0.0,0.0,0.0,0.0,0.0,0.0,0.0,0.0,0.0,0.0,0.0,0.0,0.0,0.0,0.0,-999.999,-999.999,-999.999,-999.999,-999.999,-999.999,-999.999,-999.999,-999.999,-999.999,-999.999,-999.999,-999.999,-999.999,-999.999,-999.999,-999.999,-999.999,-999.999,-999.999,-999.999,-999.999,-999.999,-999.999,-999.999,-999.999,-999.999,-999.999,-999.999,-999.999
15,1,transp,60,5.037666666666672,9.778697497836571,12,7.000000000129807,4.0,12.62632930698669,25.0,1.2162928387170906e-09,1.0064539743557766e-07,17.378152697098116,-2.113692267561253e-08,0.0,0.0,0.0,0.0,0.0,0.0,0.0,0.0,0.0,0.0,0.0,0.0,0.0,0.0,0.0,0.0,0.0,0.0,0.0,0.0,0.0,0.0,0.0,0.0,0.0,0.0,0.0,0.0,0.0,0.0,0.0,0.0,0.0,0.0,0.0,0.0,0.0,0.0,0.0,0.0,0.0,0.0,0.0,0.0,0.0,0.0,0.0,0.0,0.0,0.0,0.0,0.0,0.0,0.0,0.0,0.0,0.0,0.0,0.0,0.0,0.0,0.0,0.0,0.0,0.0,0.0,0.0,-999.999,-999.999,-999.999,-999.999,-999.999,-999.999,-999.999,-999.999,-999.999,-999.999,-999.999,-999.999,-999.999,-999.999,-999.999,-999.999,-999.999,-999.999,-999.999,-999.999,-999.999,-999.999,-999.999,-999.999,-999.999,-999.999,-999.999,-999.999,-999.999,-999.999
16,1,transp,60,5.037666666666672,10.593588955989619,13,7.000035192636318,4.0,12.62632930698669,25.0,1.2326041872432495e-09,1.0064544705563276e-07,17.14818341064746,-2.1136922675579285e-08,0.0,0.0,0.0,0.0,0.0,0.0,0.0,0.0,0.0,0.0,0.0,0.0,0.0,0.0,0.0,0.0,0.0,0.0,0.0,0.0,0.0,0.0,0.0,0.0,0.0,0.0,0.0,0.0,0.0,0.0,0.0,0.0,0.0,0.0,0.0,0.0,0.0,0.0,0.0,0.0,0.0,0.0,0.0,0.0,0.0,0.0,0.0,0.0,0.0,0.0,0.0,0.0,0.0,0.0,0.0,0.0,0.0,0.0,0.0,0.0,0.0,0.0,0.0,0.0,0.0,0.0,0.0,-999.999,-999.999,-999.999,-999.999,-999.999,-999.999,-999.999,-999.999,-999.999,-999.999,-999.999,-999.999,-999.999,-999.999,-999.999,-999.999,-999.999,-999.999,-999.999,-999.999,-999.999,-999.999,-999.999,-999.999,-999.999,-999.999,-999.999,-999.999,-999.999,-999.999
17,1,transp,60,5.037666666666672,11.408480414142666,14,7.000072554672343,4.0,12.62632930698669,25.0,1.2499210982469558e-09,1.0064550045802756e-07,16.91060556160437,-2.1136922675581615e-08,0.0,0.0,0.0,0.0,0.0,0.0,0.0,0.0,0.0,0.0,0.0,0.0,0.0,0.0,0.0,0.0,0.0,0.0,0.0,0.0,0.0,0.0,0.0,0.0,0.0,0.0,0.0,0.0,0.0,0.0,0.0,0.0,0.0,0.0,0.0,0.0,0.0,0.0,0.0,0.0,0.0,0.0,0.0,0.0,0.0,0.0,0.0,0.0,0.0,0.0,0.0,0.0,0.0,0.0,0.0,0.0,0.0,0.0,0.0,0.0,0.0,0.0,0.0,0.0,0.0,0.0,0.0,-999.999,-999.999,-999.999,-999.999,-999.999,-999.999,-999.999,-999.999,-999.999,-999.999,-999.999,-999.999,-999.999,-999.999,-999.999,-999.999,-999.999,-999.999,-999.999,-999.999,-999.999,-999.999,-999.999,-999.999,-999.999,-999.999,-999.999,-999.999,-999.999,-999.999
18,1,transp,60,5.037666666666672,12.223371872295713,15,7.000112293086009,4.0,12.62632930698669,25.0,1.2683394454707544e-09,1.006455580746382e-07,16.66503612345294,-2.113692267557039e-08,0.0,0.0,0.0,0.0,0.0,0.0,0.0,0.0,0.0,0.0,0.0,0.0,0.0,0.0,0.0,0.0,0.0,0.0,0.0,0.0,0.0,0.0,0.0,0.0,0.0,0.0,0.0,0.0,0.0,0.0,0.0,0.0,0.0,0.0,0.0,0.0,0.0,0.0,0.0,0.0,0.0,0.0,0.0,0.0,0.0,0.0,0.0,0.0,0.0,0.0,0.0,0.0,0.0,0.0,0.0,0.0,0.0,0.0,0.0,0.0,0.0,0.0,0.0,0.0,0.0,0.0,0.0,-999.999,-999.999,-999.999,-999.999,-999.999,-999.999,-999.999,-999.999,-999.999,-999.999,-999.999,-999.999,-999.999,-999.999,-999.999,-999.999,-999.999,-999.999,-999.999,-999.999,-999.999,-999.999,-999.999,-999.999,-999.999,-999.999,-999.999,-999.999,-999.999,-999.999
19,1,transp,60,5.037666666666672,13.03826333044876,16,7.000154642049526,4.0,12.62632930698669,25.0,1.2879677674787378e-09,1.0064562040395276e-07,16.411064942212136,-2.1136922675569544e-08,0.0,0.0,0.0,0.0,0.0,0.0,0.0,0.0,0.0,0.0,0.0,0.0,0.0,0.0,0.0,0.0,0.0,0.0,0.0,0.0,0.0,0.0,0.0,0.0,0.0,0.0,0.0,0.0,0.0,0.0,0.0,0.0,0.0,0.0,0.0,0.0,0.0,0.0,0.0,0.0,0.0,0.0,0.0,0.0,0.0,0.0,0.0,0.0,0.0,0.0,0.0,0.0,0.0,0.0,0.0,0.0,0.0,0.0,0.0,0.0,0.0,0.0,0.0,0.0,0.0,0.0,0.0,-999.999,-999.999,-999.999,-999.999,-999.999,-999.999,-999.999,-999.999,-999.999,-999.999,-999.999,-999.999,-999.999,-999.999,-999.999,-999.999,-999.999,-999.999,-999.999,-999.999,-999.999,-999.999,-999.999,-999.999,-999.999,-999.999,-999.999,-999.999,-999.999,-999.999
20,1,transp,60,5.037666666666672,13.853154788601808,17,7.0001998675479795,4.0,12.62632930698669,25.0,1.3089293482611102e-09,1.0064568802386834e-07,16.148253306178447,-2.1136922675611472e-08,0.0,0.0,0.0,0.0,0.0,0.0,0.0,0.0,0.0,0.0,0.0,0.0,0.0,0.0,0.0,0.0,0.0,0.0,0.0,0.0,0.0,0.0,0.0,0.0,0.0,0.0,0.0,0.0,0.0,0.0,0.0,0.0,0.0,0.0,0.0,0.0,0.0,0.0,0.0,0.0,0.0,0.0,0.0,0.0,0.0,0.0,0.0,0.0,0.0,0.0,0.0,0.0,0.0,0.0,0.0,0.0,0.0,0.0,0.0,0.0,0.0,0.0,0.0,0.0,0.0,0.0,0.0,-999.999,-999.999,-999.999,-999.999,-999.999,-999.999,-999.999,-999.999,-999.999,-999.999,-999.999,-999.999,-999.999,-999.999,-999.999,-999.999,-999.999,-999.999,-999.999,-999.999,-999.999,-999.999,-999.999,-999.999,-999.999,-999.999,-999.999,-999.999,-999.999,-999.999
21,1,transp,60,5.037666666666672,14.668046246754855,18,7.000248272971579,4.0,12.62632930698669,25.0,1.3313648093103123e-09,1.0064576160777794e-07,15.876131416234134,-2.1136922675560015e-08,0.0,0.0,0.0,0.0,0.0,0.0,0.0,0.0,0.0,0.0,0.0,0.0,0.0,0.0,0.0,0.0,0.0,0.0,0.0,0.0,0.0,0.0,0.0,0.0,0.0,0.0,0.0,0.0,0.0,0.0,0.0,0.0,0.0,0.0,0.0,0.0,0.0,0.0,0.0,0.0,0.0,0.0,0.0,0.0,0.0,0.0,0.0,0.0,0.0,0.0,0.0,0.0,0.0,0.0,0.0,0.0,0.0,0.0,0.0,0.0,0.0,0.0,0.0,0.0,0.0,0.0,0.0,-999.999,-999.999,-999.999,-999.999,-999.999,-999.999,-999.999,-999.999,-999.999,-999.999,-999.999,-999.999,-999.999,-999.999,-999.999,-999.999,-999.999,-999.999,-999.999,-999.999,-999.999,-999.999,-999.999,-999.999,-999.999,-999.999,-999.999,-999.999,-999.999,-999.999
22,1,transp,60,5.037666666666672,15.482937704907902,19,7.000300205930638,4.0,12.62632930698669,25.0,1.3554352684574993e-09,1.0064584194465402e-07,15.594195582383165,-2.1136922675586273e-08,0.0,0.0,0.0,0.0,0.0,0.0,0.0,0.0,0.0,0.0,0.0,0.0,0.0,0.0,0.0,0.0,0.0,0.0,0.0,0.0,0.0,0.0,0.0,0.0,0.0,0.0,0.0,0.0,0.0,0.0,0.0,0.0,0.0,0.0,0.0,0.0,0.0,0.0,0.0,0.0,0.0,0.0,0.0,0.0,0.0,0.0,0.0,0.0,0.0,0.0,0.0,0.0,0.0,0.0,0.0,0.0,0.0,0.0,0.0,0.0,0.0,0.0,0.0,0.0,0.0,0.0,0.0,-999.999,-999.999,-999.999,-999.999,-999.999,-999.999,-999.999,-999.999,-999.999,-999.999,-999.999,-999.999,-999.999,-999.999,-999.999,-999.999,-999.999,-999.999,-999.999,-999.999,-999.999,-999.999,-999.999,-999.999,-999.999,-999.999,-999.999,-999.999,-999.999,-999.999
23,1,transp,60,5.037666666666672,16.29782916306095,20,7.000356066616709,4.0,12.62632930698669,25.0,1.381326215383889e-09,1.0064592996432354e-07,15.301905111310996,-2.1136922675570603e-08,0.0,0.0,0.0,0.0,0.0,0.0,0.0,0.0,0.0,0.0,0.0,0.0,0.0,0.0,0.0,0.0,0.0,0.0,0.0,0.0,0.0,0.0,0.0,0.0,0.0,0.0,0.0,0.0,0.0,0.0,0.0,0.0,0.0,0.0,0.0,0.0,0.0,0.0,0.0,0.0,0.0,0.0,0.0,0.0,0.0,0.0,0.0,0.0,0.0,0.0,0.0,0.0,0.0,0.0,0.0,0.0,0.0,0.0,0.0,0.0,0.0,0.0,0.0,0.0,0.0,0.0,0.0,-999.999,-999.999,-999.999,-999.999,-999.999,-999.999,-999.999,-999.999,-999.999,-999.999,-999.999,-999.999,-999.999,-999.999,-999.999,-999.999,-999.999,-999.999,-999.999,-999.999,-999.999,-999.999,-999.999,-999.999,-999.999,-999.999,-999.999,-999.999,-999.999,-999.999
24,1,transp,60,5.037666666666672,17.112720621214,21,7.000416318135551,4.0,12.62632930698669,25.0,1.4092523011320217e-09,1.0064602676954079e-07,14.99867884449351,-2.113692267554265e-08,0.0,0.0,0.0,0.0,0.0,0.0,0.0,0.0,0.0,0.0,0.0,0.0,0.0,0.0,0.0,0.0,0.0,0.0,0.0,0.0,0.0,0.0,0.0,0.0,0.0,0.0,0.0,0.0,0.0,0.0,0.0,0.0,0.0,0.0,0.0,0.0,0.0,0.0,0.0,0.0,0.0,0.0,0.0,0.0,0.0,0.0,0.0,0.0,0.0,0.0,0.0,0.0,0.0,0.0,0.0,0.0,0.0,0.0,0.0,0.0,0.0,0.0,0.0,0.0,0.0,0.0,0.0,-999.999,-999.999,-999.999,-999.999,-999.999,-999.999,-999.999,-999.999,-999.999,-999.999,-999.999,-999.999,-999.999,-999.999,-999.999,-999.999,-999.999,-999.999,-999.999,-999.999,-999.999,-999.999,-999.999,-999.999,-999.999,-999.999,-999.999,-999.999,-999.999,-999.999
25,1,transp,60,5.037666666666672,17.927612079367044,22,7.000481499376399,4.0,12.62632930698669,25.0,1.4394633032507287e-09,1.0064613367705626e-07,14.683891300203614,-2.1136922675565733e-08,0.0,0.0,0.0,0.0,0.0,0.0,0.0,0.0,0.0,0.0,0.0,0.0,0.0,0.0,0.0,0.0,0.0,0.0,0.0,0.0,0.0,0.0,0.0,0.0,0.0,0.0,0.0,0.0,0.0,0.0,0.0,0.0,0.0,0.0,0.0,0.0,0.0,0.0,0.0,0.0,0.0,0.0,0.0,0.0,0.0,0.0,0.0,0.0,0.0,0.0,0.0,0.0,0.0,0.0,0.0,0.0,0.0,0.0,0.0,0.0,0.0,0.0,0.0,0.0,0.0,0.0,0.0,-999.999,-999.999,-999.999,-999.999,-999.999,-999.999,-999.999,-999.999,-999.999,-999.999,-999.999,-999.999,-999.999,-999.999,-999.999,-999.999,-999.999,-999.999,-999.999,-999.999,-999.999,-999.999,-999.999,-999.999,-999.999,-999.999,-999.999,-999.999,-999.999,-999.999
26,1,transp,60,5.037666666666672,18.742503537520093,23,7.0005522411679975,4.0,12.62632930698669,25.0,1.472251614465572e-09,1.0064625227070337e-07,14.356868396583131,-2.1136922675539263e-08,0.0,0.0,0.0,0.0,0.0,0.0,0.0,0.0,0.0,0.0,0.0,0.0,0.0,0.0,0.0,0.0,0.0,0.0,0.0,0.0,0.0,0.0,0.0,0.0,0.0,0.0,0.0,0.0,0.0,0.0,0.0,0.0,0.0,0.0,0.0,0.0,0.0,0.0,0.0,0.0,0.0,0.0,0.0,0.0,0.0,0.0,0.0,0.0,0.0,0.0,0.0,0.0,0.0,0.0,0.0,0.0,0.0,0.0,0.0,0.0,0.0,0.0,0.0,0.0,0.0,0.0,0.0,-999.999,-999.999,-999.999,-999.999,-999.999,-999.999,-999.999,-999.999,-999.999,-999.999,-999.999,-999.999,-999.999,-999.999,-999.999,-999.999,-999.999,-999.999,-999.999,-999.999,-999.999,-999.999,-999.999,-999.999,-999.999,-999.999,-999.999,-999.999,-999.999,-999.999
27,1,transp,60,5.037666666666672,19.55739499567314,24,7.000619913987873,4.0,12.62632930698669,25.0,1.503617515943832e-09,1.0064636821906613e-07,14.057379919727587,-2.1136922675579497e-08,0.0,0.0,0.0,0.0,0.0,0.0,0.0,0.0,0.0,0.0,0.0,0.0,0.0,0.0,0.0,0.0,0.0,0.0,0.0,0.0,0.0,0.0,0.0,0.0,0.0,0.0,0.0,0.0,0.0,0.0,0.0,0.0,0.0,0.0,0.0,0.0,0.0,0.0,0.0,0.0,0.0,0.0,0.0,0.0,0.0,0.0,0.0,0.0,0.0,0.0,0.0,0.0,0.0,0.0,0.0,0.0,0.0,0.0,0.0,0.0,0.0,0.0,0.0,0.0,0.0,0.0,0.0,-999.999,-999.999,-999.999,-999.999,-999.999,-999.999,-999.999,-999.999,-999.999,-999.999,-999.999,-999.999,-999.999,-999.999,-999.999,-999.999,-999.999,-999.999,-999.999,-999.999,-999.999,-999.999,-999.999,-999.999,-999.999,-999.999,-999.999,-999.999,-999.999,-999.999
28,1,transp,60,5.037666666666672,20.372286453826188,25,7.000673868051913,4.0,12.62632930698669,25.0,1.5286248915600716e-09,1.0064646241336087e-07,13.827409714595316,-2.1136922675529946e-08,0.0,0.0,0.0,0.0,0.0,0.0,0.0,0.0,0.0,0.0,0.0,0.0,0.0,0.0,0.0,0.0,0.0,0.0,0.0,0.0,0.0,0.0,0.0,0.0,0.0,0.0,0.0,0.0,0.0,0.0,0.0,0.0,0.0,0.0,0.0,0.0,0.0,0.0,0.0,0.0,0.0,0.0,0.0,0.0,0.0,0.0,0.0,0.0,0.0,0.0,0.0,0.0,0.0,0.0,0.0,0.0,0.0,0.0,0.0,0.0,0.0,0.0,0.0,0.0,0.0,0.0,0.0,-999.999,-999.999,-999.999,-999.999,-999.999,-999.999,-999.999,-999.999,-999.999,-999.999,-999.999,-999.999,-999.999,-999.999,-999.999,-999.999,-999.999,-999.999,-999.999,-999.999,-999.999,-999.999,-999.999,-999.999,-999.999,-999.999,-999.999,-999.999,-999.999,-999.999
29,1,transp,60,5.037666666666672,21.187177911979234,26,7.000731524569987,4.0,12.62632930698669,25.0,1.5553483578665465e-09,1.0064656478874242e-07,13.58983186539491,-2.113692267552444e-08,0.0,0.0,0.0,0.0,0.0,0.0,0.0,0.0,0.0,0.0,0.0,0.0,0.0,0.0,0.0,0.0,0.0,0.0,0.0,0.0,0.0,0.0,0.0,0.0,0.0,0.0,0.0,0.0,0.0,0.0,0.0,0.0,0.0,0.0,0.0,0.0,0.0,0.0,0.0,0.0,0.0,0.0,0.0,0.0,0.0,0.0,0.0,0.0,0.0,0.0,0.0,0.0,0.0,0.0,0.0,0.0,0.0,0.0,0.0,0.0,0.0,0.0,0.0,0.0,0.0,0.0,0.0,-999.999,-999.999,-999.999,-999.999,-999.999,-999.999,-999.999,-999.999,-999.999,-999.999,-999.999,-999.999,-999.999,-999.999,-999.999,-999.999,-999.999,-999.999,-999.999,-999.999,-999.999,-999.999,-999.999,-999.999,-999.999,-999.999,-999.999,-999.999,-999.999,-999.999
30,1,transp,60,5.037666666666672,22.002069370132283,27,7.000793278212233,4.0,12.62632930698669,25.0,1.5839708482228737e-09,1.0064667640682905e-07,13.34426242707562,-2.1136922675523593e-08,0.0,0.0,0.0,0.0,0.0,0.0,0.0,0.0,0.0,0.0,0.0,0.0,0.0,0.0,0.0,0.0,0.0,0.0,0.0,0.0,0.0,0.0,0.0,0.0,0.0,0.0,0.0,0.0,0.0,0.0,0.0,0.0,0.0,0.0,0.0,0.0,0.0,0.0,0.0,0.0,0.0,0.0,0.0,0.0,0.0,0.0,0.0,0.0,0.0,0.0,0.0,0.0,0.0,0.0,0.0,0.0,0.0,0.0,0.0,0.0,0.0,0.0,0.0,0.0,0.0,0.0,0.0,-999.999,-999.999,-999.999,-999.999,-999.999,-999.999,-999.999,-999.999,-999.999,-999.999,-999.999,-999.999,-999.999,-999.999,-999.999,-999.999,-999.999,-999.999,-999.999,-999.999,-999.999,-999.999,-999.999,-999.999,-999.999,-999.999,-999.999,-999.999,-999.999,-999.999
31,1,transp,60,5.037666666666672,22.81696082828533,28,7.000859581790931,4.0,12.62632930698669,25.0,1.614702246028405e-09,1.0064679851461197e-07,13.09029124565525,-2.11369226755255e-08,0.0,0.0,0.0,0.0,0.0,0.0,0.0,0.0,0.0,0.0,0.0,0.0,0.0,0.0,0.0,0.0,0.0,0.0,0.0,0.0,0.0,0.0,0.0,0.0,0.0,0.0,0.0,0.0,0.0,0.0,0.0,0.0,0.0,0.0,0.0,0.0,0.0,0.0,0.0,0.0,0.0,0.0,0.0,0.0,0.0,0.0,0.0,0.0,0.0,0.0,0.0,0.0,0.0,0.0,0.0,0.0,0.0,0.0,0.0,0.0,0.0,0.0,0.0,0.0,0.0,0.0,0.0,-999.999,-999.999,-999.999,-999.999,-999.999,-999.999,-999.999,-999.999,-999.999,-999.999,-999.999,-999.999,-999.999,-999.999,-999.999,-999.999,-999.999,-999.999,-999.999,-999.999,-999.999,-999.999,-999.999,-999.999,-999.999,-999.999,-999.999,-999.999,-999.999,-999.999
32,1,transp,60,5.037666666666672,23.631852286438377,29,7.000930957397028,4.0,12.62632930698669,25.0,1.6477845468560472e-09,1.0064693258568638e-07,12.827479609429318,-2.1136922675528675e-08,0.0,0.0,0.0,0.0,0.0,0.0,0.0,0.0,0.0,0.0,0.0,0.0,0.0,0.0,0.0,0.0,0.0,0.0,0.0,0.0,0.0,0.0,0.0,0.0,0.0,0.0,0.0,0.0,0.0,0.0,0.0,0.0,0.0,0.0,0.0,0.0,0.0,0.0,0.0,0.0,0.0,0.0,0.0,0.0,0.0,0.0,0.0,0.0,0.0,0.0,0.0,0.0,0.0,0.0,0.0,0.0,0.0,0.0,0.0,0.0,0.0,0.0,0.0,0.0,0.0,0.0,0.0,-999.999,-999.999,-999.999,-999.999,-999.999,-999.999,-999.999,-999.999,-999.999,-999.999,-999.999,-999.999,-999.999,-999.999,-999.999,-999.999,-999.999,-999.999,-999.999,-999.999,-999.999,-999.999,-999.999,-999.999,-999.999,-999.999,-999.999,-999.999,-999.999,-999.999
33,1,transp,60,5.037666666666672,24.446743744591423,30,7.001008010176286,4.0,12.62632930698669,25.0,1.6834982441848679e-09,1.006470803727188e-07,12.555357719278888,-2.1136922675518934e-08,0.0,0.0,0.0,0.0,0.0,0.0,0.0,0.0,0.0,0.0,0.0,0.0,0.0,0.0,0.0,0.0,0.0,0.0,0.0,0.0,0.0,0.0,0.0,0.0,0.0,0.0,0.0,0.0,0.0,0.0,0.0,0.0,0.0,0.0,0.0,0.0,0.0,0.0,0.0,0.0,0.0,0.0,0.0,0.0,0.0,0.0,0.0,0.0,0.0,0.0,0.0,0.0,0.0,0.0,0.0,0.0,0.0,0.0,0.0,0.0,0.0,0.0,0.0,0.0,0.0,0.0,0.0,-999.999,-999.999,-999.999,-999.999,-999.999,-999.999,-999.999,-999.999,-999.999,-999.999,-999.999,-999.999,-999.999,-999.999,-999.999,-999.999,-999.999,-999.999,-999.999,-999.999,-999.999,-999.999,-999.999,-999.999,-999.999,-999.999,-999.999,-999.999,-999.999,-999.999
34,1,transp,60,5.037666666666672,25.261635202744472,31,7.001091445528909,4.0,12.62632930698669,25.0,1.7221703020732649e-09,1.0064724397486735e-07,12.273421885206638,-2.1136922675518934e-08,0.0,0.0,0.0,0.0,0.0,0.0,0.0,0.0,0.0,0.0,0.0,0.0,0.0,0.0,0.0,0.0,0.0,0.0,0.0,0.0,0.0,0.0,0.0,0.0,0.0,0.0,0.0,0.0,0.0,0.0,0.0,0.0,0.0,0.0,0.0,0.0,0.0,0.0,0.0,0.0,0.0,0.0,0.0,0.0,0.0,0.0,0.0,0.0,0.0,0.0,0.0,0.0,0.0,0.0,0.0,0.0,0.0,0.0,0.0,0.0,0.0,0.0,0.0,0.0,0.0,0.0,0.0,-999.999,-999.999,-999.999,-999.999,-999.999,-999.999,-999.999,-999.999,-999.999,-999.999,-999.999,-999.999,-999.999,-999.999,-999.999,-999.999,-999.999,-999.999,-999.999,-999.999,-999.999,-999.999,-999.999,-999.999,-999.999,-999.999,-999.999,-999.999,-999.999,-999.999
35,1,transp,60,5.037666666666672,26.076526660897517,32,7.001182090767954,4.0,12.62632930698669,25.0,1.764184194739709e-09,1.0064742592528683e-07,11.981131413896627,-2.1136922675495852e-08,0.0,0.0,0.0,0.0,0.0,0.0,0.0,0.0,0.0,0.0,0.0,0.0,0.0,0.0,0.0,0.0,0.0,0.0,0.0,0.0,0.0,0.0,0.0,0.0,0.0,0.0,0.0,0.0,0.0,0.0,0.0,0.0,0.0,0.0,0.0,0.0,0.0,0.0,0.0,0.0,0.0,0.0,0.0,0.0,0.0,0.0,0.0,0.0,0.0,0.0,0.0,0.0,0.0,0.0,0.0,0.0,0.0,0.0,0.0,0.0,0.0,0.0,0.0,0.0,0.0,0.0,0.0,-999.999,-999.999,-999.999,-999.999,-999.999,-999.999,-999.999,-999.999,-999.999,-999.999,-999.999,-999.999,-999.999,-999.999,-999.999,-999.999,-999.999,-999.999,-999.999,-999.999,-999.999,-999.999,-999.999,-999.999,-999.999,-999.999,-999.999,-999.999,-999.999,-999.999
36,1,transp,60,5.037666666666672,26.891418119050567,33,7.001280922646129,4.0,12.62632930698669,25.0,1.8099926664707233e-09,1.0064762930592512e-07,11.67790514682382,-2.113692267549183e-08,0.0,0.0,0.0,0.0,0.0,0.0,0.0,0.0,0.0,0.0,0.0,0.0,0.0,0.0,0.0,0.0,0.0,0.0,0.0,0.0,0.0,0.0,0.0,0.0,0.0,0.0,0.0,0.0,0.0,0.0,0.0,0.0,0.0,0.0,0.0,0.0,0.0,0.0,0.0,0.0,0.0,0.0,0.0,0.0,0.0,0.0,0.0,0.0,0.0,0.0,0.0,0.0,0.0,0.0,0.0,0.0,0.0,0.0,0.0,0.0,0.0,0.0,0.0,0.0,0.0,0.0,0.0,-999.999,-999.999,-999.999,-999.999,-999.999,-999.999,-999.999,-999.999,-999.999,-999.999,-999.999,-999.999,-999.999,-999.999,-999.999,-999.999,-999.999,-999.999,-999.999,-999.999,-999.999,-999.999,-999.999,-999.999,-999.999,-999.999,-999.999,-999.999,-999.999,-999.999
37,1,transp,60,5.037666666666672,27.706309577203616,34,7.001389102246908,4.0,12.62632930698669,25.0,1.8601339054102092e-09,1.0064785789892878e-07,11.363118866873396,-2.113692267547764e-08,0.0,0.0,0.0,0.0,0.0,0.0,0.0,0.0,0.0,0.0,0.0,0.0,0.0,0.0,0.0,0.0,0.0,0.0,0.0,0.0,0.0,0.0,0.0,0.0,0.0,0.0,0.0,0.0,0.0,0.0,0.0,0.0,0.0,0.0,0.0,0.0,0.0,0.0,0.0,0.0,0.0,0.0,0.0,0.0,0.0,0.0,0.0,0.0,0.0,0.0,0.0,0.0,0.0,0.0,0.0,0.0,0.0,0.0,0.0,0.0,0.0,0.0,0.0,0.0,0.0,0.0,0.0,-999.999,-999.999,-999.999,-999.999,-999.999,-999.999,-999.999,-999.999,-999.999,-999.999,-999.999,-999.999,-999.999,-999.999,-999.999,-999.999,-999.999,-999.999,-999.999,-999.999,-999.999,-999.999,-999.999,-999.999,-999.999,-999.999,-999.999,-999.999,-999.999,-999.999
38,1,transp,60,5.037666666666672,28.52120103535666,35,7.001131346523517,4.0,12.62632930698669,25.0,1.7406643264065834e-09,1.0064732352703031e-07,12.143020543839798,-2.1136922675484206e-08,0.0,0.0,0.0,0.0,0.0,0.0,0.0,0.0,0.0,0.0,0.0,0.0,0.0,0.0,0.0,0.0,0.0,0.0,0.0,0.0,0.0,0.0,0.0,0.0,0.0,0.0,0.0,0.0,0.0,0.0,0.0,0.0,0.0,0.0,0.0,0.0,0.0,0.0,0.0,0.0,0.0,0.0,0.0,0.0,0.0,0.0,0.0,0.0,0.0,0.0,0.0,0.0,0.0,0.0,0.0,0.0,0.0,0.0,0.0,0.0,0.0,0.0,0.0,0.0,0.0,0.0,0.0,-999.999,-999.999,-999.999,-999.999,-999.999,-999.999,-999.999,-999.999,-999.999,-999.999,-999.999,-999.999,-999.999,-999.999,-999.999,-999.999,-999.999,-999.999,-999.999,-999.999,-999.999,-999.999,-999.999,-999.999,-999.999,-999.999,-999.999,-999.999,-999.999,-999.999
39,1,transp,60,5.037666666666672,29.33609249350971,36,7.000619914604195,4.0,12.62632930698669,25.0,1.5036178016050236e-09,1.0064636822013315e-07,14.057377249073781,-2.113692267558479e-08,0.0,0.0,0.0,0.0,0.0,0.0,0.0,0.0,0.0,0.0,0.0,0.0,0.0,0.0,0.0,0.0,0.0,0.0,0.0,0.0,0.0,0.0,0.0,0.0,0.0,0.0,0.0,0.0,0.0,0.0,0.0,0.0,0.0,0.0,0.0,0.0,0.0,0.0,0.0,0.0,0.0,0.0,0.0,0.0,0.0,0.0,0.0,0.0,0.0,0.0,0.0,0.0,0.0,0.0,0.0,0.0,0.0,0.0,0.0,0.0,0.0,0.0,0.0,0.0,0.0,0.0,0.0,-999.999,-999.999,-999.999,-999.999,-999.999,-999.999,-999.999,-999.999,-999.999,-999.999,-999.999,-999.999,-999.999,-999.999,-999.999,-999.999,-999.999,-999.999,-999.999,-999.999,-999.999,-999.999,-999.999,-999.999,-999.999,-999.999,-999.999,-999.999,-999.999,-999.999
40,1,transp,60,5.037666666666672,30.150983951662756,37,7.000673868052655,4.0,12.62632930698669,25.0,1.5286248919038312e-09,1.0064646241336217e-07,13.827409711480245,-2.1136922675521475e-08,0.0,0.0,0.0,0.0,0.0,0.0,0.0,0.0,0.0,0.0,0.0,0.0,0.0,0.0,0.0,0.0,0.0,0.0,0.0,0.0,0.0,0.0,0.0,0.0,0.0,0.0,0.0,0.0,0.0,0.0,0.0,0.0,0.0,0.0,0.0,0.0,0.0,0.0,0.0,0.0,0.0,0.0,0.0,0.0,0.0,0.0,0.0,0.0,0.0,0.0,0.0,0.0,0.0,0.0,0.0,0.0,0.0,0.0,0.0,0.0,0.0,0.0,0.0,0.0,0.0,0.0,0.0,-999.999,-999.999,-999.999,-999.999,-999.999,-999.999,-999.999,-999.999,-999.999,-999.999,-999.999,-999.999,-999.999,-999.999,-999.999,-999.999,-999.999,-999.999,-999.999,-999.999,-999.999,-999.999,-999.999,-999.999,-999.999,-999.999,-999.999,-999.999,-999.999,-999.999
41,1,transp,60,5.037666666666672,30.965875409815805,38,7.000731524570796,4.0,12.62632930698669,25.0,1.5553483582415833e-09,1.0064656478874388e-07,13.58983186212443,-2.1136922675534392e-08,0.0,0.0,0.0,0.0,0.0,0.0,0.0,0.0,0.0,0.0,0.0,0.0,0.0,0.0,0.0,0.0,0.0,0.0,0.0,0.0,0.0,0.0,0.0,0.0,0.0,0.0,0.0,0.0,0.0,0.0,0.0,0.0,0.0,0.0,0.0,0.0,0.0,0.0,0.0,0.0,0.0,0.0,0.0,0.0,0.0,0.0,0.0,0.0,0.0,0.0,0.0,0.0,0.0,0.0,0.0,0.0,0.0,0.0,0.0,0.0,0.0,0.0,0.0,0.0,0.0,0.0,0.0,-999.999,-999.999,-999.999,-999.999,-999.999,-999.999,-999.999,-999.999,-999.999,-999.999,-999.999,-999.999,-999.999,-999.999,-999.999,-999.999,-999.999,-999.999,-999.999,-999.999,-999.999,-999.999,-999.999,-999.999,-999.999,-999.999,-999.999,-999.999,-999.999,-999.999
42,1,transp,60,5.037666666666672,31.78076686796885,39,7.000793278213109,4.0,12.62632930698669,25.0,1.5839708486291811e-09,1.0064667640683063e-07,13.344262423637284,-2.113692267549924e-08,0.0,0.0,0.0,0.0,0.0,0.0,0.0,0.0,0.0,0.0,0.0,0.0,0.0,0.0,0.0,0.0,0.0,0.0,0.0,0.0,0.0,0.0,0.0,0.0,0.0,0.0,0.0,0.0,0.0,0.0,0.0,0.0,0.0,0.0,0.0,0.0,0.0,0.0,0.0,0.0,0.0,0.0,0.0,0.0,0.0,0.0,0.0,0.0,0.0,0.0,0.0,0.0,0.0,0.0,0.0,0.0,0.0,0.0,0.0,0.0,0.0,0.0,0.0,0.0,0.0,0.0,0.0,-999.999,-999.999,-999.999,-999.999,-999.999,-999.999,-999.999,-999.999,-999.999,-999.999,-999.999,-999.999,-999.999,-999.999,-999.999,-999.999,-999.999,-999.999,-999.999,-999.999,-999.999,-999.999,-999.999,-999.999,-999.999,-999.999,-999.999,-999.999,-999.999,-999.999
43,1,transp,60,5.037666666666672,32.5956583261219,40,7.000859581791892,4.0,12.62632930698669,25.0,1.614702246473827e-09,1.0064679851461374e-07,13.090291242037422,-2.1136922675514487e-08,0.0,0.0,0.0,0.0,0.0,0.0,0.0,0.0,0.0,0.0,0.0,0.0,0.0,0.0,0.0,0.0,0.0,0.0,0.0,0.0,0.0,0.0,0.0,0.0,0.0,0.0,0.0,0.0,0.0,0.0,0.0,0.0,0.0,0.0,0.0,0.0,0.0,0.0,0.0,0.0,0.0,0.0,0.0,0.0,0.0,0.0,0.0,0.0,0.0,0.0,0.0,0.0,0.0,0.0,0.0,0.0,0.0,0.0,0.0,0.0,0.0,0.0,0.0,0.0,0.0,0.0,0.0,-999.999,-999.999,-999.999,-999.999,-999.999,-999.999,-999.999,-999.999,-999.999,-999.999,-999.999,-999.999,-999.999,-999.999,-999.999,-999.999,-999.999,-999.999,-999.999,-999.999,-999.999,-999.999,-999.999,-999.999,-999.999,-999.999,-999.999,-999.999,-999.999,-999.999
44,1,transp,60,5.037666666666672,33.41054978427495,41,7.000930957398091,4.0,12.62632930698669,25.0,1.6477845473488194e-09,1.006469325856884e-07,12.827479605619203,-2.113692267557145e-08,0.0,0.0,0.0,0.0,0.0,0.0,0.0,0.0,0.0,0.0,0.0,0.0,0.0,0.0,0.0,0.0,0.0,0.0,0.0,0.0,0.0,0.0,0.0,0.0,0.0,0.0,0.0,0.0,0.0,0.0,0.0,0.0,0.0,0.0,0.0,0.0,0.0,0.0,0.0,0.0,0.0,0.0,0.0,0.0,0.0,0.0,0.0,0.0,0.0,0.0,0.0,0.0,0.0,0.0,0.0,0.0,0.0,0.0,0.0,0.0,0.0,0.0,0.0,0.0,0.0,0.0,0.0,-999.999,-999.999,-999.999,-999.999,-999.999,-999.999,-999.999,-999.999,-999.999,-999.999,-999.999,-999.999,-999.999,-999.999,-999.999,-999.999,-999.999,-999.999,-999.999,-999.999,-999.999,-999.999,-999.999,-999.999,-999.999,-999.999,-999.999,-999.999,-999.999,-999.999
45,1,transp,60,5.037666666666672,34.22544124242799,42,7.0010080101774435,4.0,12.62632930698669,25.0,1.6834982447212872e-09,1.0064708037272105e-07,12.555357715262604,-2.1136922675492464e-08,0.0,0.0,0.0,0.0,0.0,0.0,0.0,0.0,0.0,0.0,0.0,0.0,0.0,0.0,0.0,0.0,0.0,0.0,0.0,0.0,0.0,0.0,0.0,0.0,0.0,0.0,0.0,0.0,0.0,0.0,0.0,0.0,0.0,0.0,0.0,0.0,0.0,0.0,0.0,0.0,0.0,0.0,0.0,0.0,0.0,0.0,0.0,0.0,0.0,0.0,0.0,0.0,0.0,0.0,0.0,0.0,0.0,0.0,0.0,0.0,0.0,0.0,0.0,0.0,0.0,0.0,0.0,-999.999,-999.999,-999.999,-999.999,-999.999,-999.999,-999.999,-999.999,-999.999,-999.999,-999.999,-999.999,-999.999,-999.999,-999.999,-999.999,-999.999,-999.999,-999.999,-999.999,-999.999,-999.999,-999.999,-999.999,-999.999,-999.999,-999.999,-999.999,-999.999,-999.999
46,1,transp,60,5.037666666666672,35.04033270058104,43,7.001091445530194,4.0,12.62632930698669,25.0,1.7221703026689331e-09,1.0064724397486991e-07,12.273421880969101,-2.1136922675532063e-08,0.0,0.0,0.0,0.0,0.0,0.0,0.0,0.0,0.0,0.0,0.0,0.0,0.0,0.0,0.0,0.0,0.0,0.0,0.0,0.0,0.0,0.0,0.0,0.0,0.0,0.0,0.0,0.0,0.0,0.0,0.0,0.0,0.0,0.0,0.0,0.0,0.0,0.0,0.0,0.0,0.0,0.0,0.0,0.0,0.0,0.0,0.0,0.0,0.0,0.0,0.0,0.0,0.0,0.0,0.0,0.0,0.0,0.0,0.0,0.0,0.0,0.0,0.0,0.0,0.0,0.0,0.0,-999.999,-999.999,-999.999,-999.999,-999.999,-999.999,-999.999,-999.999,-999.999,-999.999,-999.999,-999.999,-999.999,-999.999,-999.999,-999.999,-999.999,-999.999,-999.999,-999.999,-999.999,-999.999,-999.999,-999.999,-999.999,-999.999,-999.999,-999.999,-999.999,-999.999
47,1,transp,60,5.037666666666672,35.85522415873409,44,7.001182090769384,4.0,12.62632930698669,25.0,1.7641841954025104e-09,1.0064742592528975e-07,11.98113140942126,-2.1136922675541592e-08,0.0,0.0,0.0,0.0,0.0,0.0,0.0,0.0,0.0,0.0,0.0,0.0,0.0,0.0,0.0,0.0,0.0,0.0,0.0,0.0,0.0,0.0,0.0,0.0,0.0,0.0,0.0,0.0,0.0,0.0,0.0,0.0,0.0,0.0,0.0,0.0,0.0,0.0,0.0,0.0,0.0,0.0,0.0,0.0,0.0,0.0,0.0,0.0,0.0,0.0,0.0,0.0,0.0,0.0,0.0,0.0,0.0,0.0,0.0,0.0,0.0,0.0,0.0,0.0,0.0,0.0,0.0,-999.999,-999.999,-999.999,-999.999,-999.999,-999.999,-999.999,-999.999,-999.999,-999.999,-999.999,-999.999,-999.999,-999.999,-999.999,-999.999,-999.999,-999.999,-999.999,-999.999,-999.999,-999.999,-999.999,-999.999,-999.999,-999.999,-999.999,-999.999,-999.999,-999.999
48,1,transp,60,5.037666666666672,36.67011561688714,45,7.001280922647713,4.0,12.62632930698669,25.0,1.8099926672051287e-09,1.006476293059284e-07,11.677905142091822,-2.1136922675503264e-08,0.0,0.0,0.0,0.0,0.0,0.0,0.0,0.0,0.0,0.0,0.0,0.0,0.0,0.0,0.0,0.0,0.0,0.0,0.0,0.0,0.0,0.0,0.0,0.0,0.0,0.0,0.0,0.0,0.0,0.0,0.0,0.0,0.0,0.0,0.0,0.0,0.0,0.0,0.0,0.0,0.0,0.0,0.0,0.0,0.0,0.0,0.0,0.0,0.0,0.0,0.0,0.0,0.0,0.0,0.0,0.0,0.0,0.0,0.0,0.0,0.0,0.0,0.0,0.0,0.0,0.0,0.0,-999.999,-999.999,-999.999,-999.999,-999.999,-999.999,-999.999,-999.999,-999.999,-999.999,-999.999,-999.999,-999.999,-999.999,-999.999,-999.999,-999.999,-999.999,-999.999,-999.999,-999.999,-999.999,-999.999,-999.999,-999.999,-999.999,-999.999,-999.999,-999.999,-999.999
49,1,transp,60,5.037666666666672,37.48500707504018,46,7.00138910269532,4.0,12.62632930698669,25.0,1.8601341132496191e-09,1.0064785789988922e-07,11.363117597250207,-2.1136922675512158e-08,0.0,0.0,0.0,0.0,0.0,0.0,0.0,0.0,0.0,0.0,0.0,0.0,0.0,0.0,0.0,0.0,0.0,0.0,0.0,0.0,0.0,0.0,0.0,0.0,0.0,0.0,0.0,0.0,0.0,0.0,0.0,0.0,0.0,0.0,0.0,0.0,0.0,0.0,0.0,0.0,0.0,0.0,0.0,0.0,0.0,0.0,0.0,0.0,0.0,0.0,0.0,0.0,0.0,0.0,0.0,0.0,0.0,0.0,0.0,0.0,0.0,0.0,0.0,0.0,0.0,0.0,0.0,-999.999,-999.999,-999.999,-999.999,-999.999,-999.999,-999.999,-999.999,-999.999,-999.999,-999.999,-999.999,-999.999,-999.999,-999.999,-999.999,-999.999,-999.999,-999.999,-999.999,-999.999,-999.999,-999.999,-999.999,-999.999,-999.999,-999.999,-999.999,-999.999,-999.999
50,1,transp,60,5.037666666666672,38.29989853319323,47,7.001508023058761,4.0,12.62632930698669,25.0,1.915253828453092e-09,1.0064811639618848e-07,11.036094726180416,-2.1136922675488017e-08,0.0,0.0,0.0,0.0,0.0,0.0,0.0,0.0,0.0,0.0,0.0,0.0,0.0,0.0,0.0,0.0,0.0,0.0,0.0,0.0,0.0,0.0,0.0,0.0,0.0,0.0,0.0,0.0,0.0,0.0,0.0,0.0,0.0,0.0,0.0,0.0,0.0,0.0,0.0,0.0,0.0,0.0,0.0,0.0,0.0,0.0,0.0,0.0,0.0,0.0,0.0,0.0,0.0,0.0,0.0,0.0,0.0,0.0,0.0,0.0,0.0,0.0,0.0,0.0,0.0,0.0,0.0,-999.999,-999.999,-999.999,-999.999,-999.999,-999.999,-999.999,-999.999,-999.999,-999.999,-999.999,-999.999,-999.999,-999.999,-999.999,-999.999,-999.999,-999.999,-999.999,-999.999,-999.999,-999.999,-999.999,-999.999,-999.999,-999.999,-999.999,-999.999,-999.999,-999.999
51,1,transp,60,5.037666666666672,39.11478999134628,48,7.001623285424002,4.0,12.62632930698669,25.0,1.9686781946751875e-09,1.0064837414440266e-07,10.736606283687692,-2.1136922675508558e-08,0.0,0.0,0.0,0.0,0.0,0.0,0.0,0.0,0.0,0.0,0.0,0.0,0.0,0.0,0.0,0.0,0.0,0.0,0.0,0.0,0.0,0.0,0.0,0.0,0.0,0.0,0.0,0.0,0.0,0.0,0.0,0.0,0.0,0.0,0.0,0.0,0.0,0.0,0.0,0.0,0.0,0.0,0.0,0.0,0.0,0.0,0.0,0.0,0.0,0.0,0.0,0.0,0.0,0.0,0.0,0.0,0.0,0.0,0.0,0.0,0.0,0.0,0.0,0.0,0.0,0.0,0.0,-999.999,-999.999,-999.999,-999.999,-999.999,-999.999,-999.999,-999.999,-999.999,-999.999,-999.999,-999.999,-999.999,-999.999,-999.999,-999.999,-999.999,-999.999,-999.999,-999.999,-999.999,-999.999,-999.999,-999.999,-999.999,-999.999,-999.999,-999.999,-999.999,-999.999
52,1,transp,60,5.037666666666672,39.92968144949933,49,7.00171625264886,4.0,12.62632930698669,25.0,2.0117688139610733e-09,1.0064858720259243e-07,10.506636015429574,-2.1136922675481453e-08,0.0,0.0,0.0,0.0,0.0,0.0,0.0,0.0,0.0,0.0,0.0,0.0,0.0,0.0,0.0,0.0,0.0,0.0,0.0,0.0,0.0,0.0,0.0,0.0,0.0,0.0,0.0,0.0,0.0,0.0,0.0,0.0,0.0,0.0,0.0,0.0,0.0,0.0,0.0,0.0,0.0,0.0,0.0,0.0,0.0,0.0,0.0,0.0,0.0,0.0,0.0,0.0,0.0,0.0,0.0,0.0,0.0,0.0,0.0,0.0,0.0,0.0,0.0,0.0,0.0,0.0,0.0,-999.999,-999.999,-999.999,-999.999,-999.999,-999.999,-999.999,-999.999,-999.999,-999.999,-999.999,-999.999,-999.999,-999.999,-999.999,-999.999,-999.999,-999.999,-999.999,-999.999,-999.999,-999.999,-999.999,-999.999,-999.999,-999.999,-999.999,-999.999,-999.999,-999.999
53,1,transp,60,5.037666666666672,40.744572907652376,50,7.001816667874534,4.0,12.62632930698669,25.0,2.058311710183899e-09,1.0064882251189074e-07,10.269058165914878,-2.1136922675462183e-08,0.0,0.0,0.0,0.0,0.0,0.0,0.0,0.0,0.0,0.0,0.0,0.0,0.0,0.0,0.0,0.0,0.0,0.0,0.0,0.0,0.0,0.0,0.0,0.0,0.0,0.0,0.0,0.0,0.0,0.0,0.0,0.0,0.0,0.0,0.0,0.0,0.0,0.0,0.0,0.0,0.0,0.0,0.0,0.0,0.0,0.0,0.0,0.0,0.0,0.0,0.0,0.0,0.0,0.0,0.0,0.0,0.0,0.0,0.0,0.0,0.0,0.0,0.0,0.0,0.0,0.0,0.0,-999.999,-999.999,-999.999,-999.999,-999.999,-999.999,-999.999,-999.999,-999.999,-999.999,-999.999,-999.999,-999.999,-999.999,-999.999,-999.999,-999.999,-999.999,-999.999,-999.999,-999.999,-999.999,-999.999,-999.999,-999.999,-999.999,-999.999,-999.999,-999.999,-999.999
54,1,transp,60,5.037666666666672,41.55946436580542,51,7.001925463554086,4.0,12.62632930698669,25.0,2.1087391077714247e-09,1.0064908353380149e-07,10.02348872725987,-2.1136922675478912e-08,0.0,0.0,0.0,0.0,0.0,0.0,0.0,0.0,0.0,0.0,0.0,0.0,0.0,0.0,0.0,0.0,0.0,0.0,0.0,0.0,0.0,0.0,0.0,0.0,0.0,0.0,0.0,0.0,0.0,0.0,0.0,0.0,0.0,0.0,0.0,0.0,0.0,0.0,0.0,0.0,0.0,0.0,0.0,0.0,0.0,0.0,0.0,0.0,0.0,0.0,0.0,0.0,0.0,0.0,0.0,0.0,0.0,0.0,0.0,0.0,0.0,0.0,0.0,0.0,0.0,0.0,0.0,-999.999,-999.999,-999.999,-999.999,-999.999,-999.999,-999.999,-999.999,-999.999,-999.999,-999.999,-999.999,-999.999,-999.999,-999.999,-999.999,-999.999,-999.999,-999.999,-999.999,-999.999,-999.999,-999.999,-999.999,-999.999,-999.999,-999.999,-999.999,-999.999,-999.999
55,1,transp,60,5.037666666666672,42.37435582395847,52,7.0020437345019095,4.0,12.62632930698669,25.0,2.1635584947831434e-09,1.0064937445548528e-07,9.769517545480408,-2.11369226754571e-08,0.0,0.0,0.0,0.0,0.0,0.0,0.0,0.0,0.0,0.0,0.0,0.0,0.0,0.0,0.0,0.0,0.0,0.0,0.0,0.0,0.0,0.0,0.0,0.0,0.0,0.0,0.0,0.0,0.0,0.0,0.0,0.0,0.0,0.0,0.0,0.0,0.0,0.0,0.0,0.0,0.0,0.0,0.0,0.0,0.0,0.0,0.0,0.0,0.0,0.0,0.0,0.0,0.0,0.0,0.0,0.0,0.0,0.0,0.0,0.0,0.0,0.0,0.0,0.0,0.0,0.0,0.0,-999.999,-999.999,-999.999,-999.999,-999.999,-999.999,-999.999,-999.999,-999.999,-999.999,-999.999,-999.999,-999.999,-999.999,-999.999,-999.999,-999.999,-999.999,-999.999,-999.999,-999.999,-999.999,-999.999,-999.999,-999.999,-999.999,-999.999,-999.999,-999.999,-999.999
56,1,transp,60,5.037666666666672,43.189247282111516,53,7.002172774914947,4.0,12.62632930698669,25.0,2.223369785293649e-09,1.0064970038432949e-07,9.506705908869945,-2.113692267545403e-08,0.0,0.0,0.0,0.0,0.0,0.0,0.0,0.0,0.0,0.0,0.0,0.0,0.0,0.0,0.0,0.0,0.0,0.0,0.0,0.0,0.0,0.0,0.0,0.0,0.0,0.0,0.0,0.0,0.0,0.0,0.0,0.0,0.0,0.0,0.0,0.0,0.0,0.0,0.0,0.0,0.0,0.0,0.0,0.0,0.0,0.0,0.0,0.0,0.0,0.0,0.0,0.0,0.0,0.0,0.0,0.0,0.0,0.0,0.0,0.0,0.0,0.0,0.0,0.0,0.0,0.0,0.0,-999.999,-999.999,-999.999,-999.999,-999.999,-999.999,-999.999,-999.999,-999.999,-999.999,-999.999,-999.999,-999.999,-999.999,-999.999,-999.999,-999.999,-999.999,-999.999,-999.999,-999.999,-999.999,-999.999,-999.999,-999.999,-999.999,-999.999,-999.999,-999.999,-999.999
57,1,transp,60,5.037666666666672,44.004138740264565,54,7.002314125925652,4.0,12.62632930698669,25.0,2.288887364449338e-09,1.0065006760682447e-07,9.234584018307253,-2.1136922675449266e-08,0.0,0.0,0.0,0.0,0.0,0.0,0.0,0.0,0.0,0.0,0.0,0.0,0.0,0.0,0.0,0.0,0.0,0.0,0.0,0.0,0.0,0.0,0.0,0.0,0.0,0.0,0.0,0.0,0.0,0.0,0.0,0.0,0.0,0.0,0.0,0.0,0.0,0.0,0.0,0.0,0.0,0.0,0.0,0.0,0.0,0.0,0.0,0.0,0.0,0.0,0.0,0.0,0.0,0.0,0.0,0.0,0.0,0.0,0.0,0.0,0.0,0.0,0.0,0.0,0.0,0.0,0.0,-999.999,-999.999,-999.999,-999.999,-999.999,-999.999,-999.999,-999.999,-999.999,-999.999,-999.999,-999.999,-999.999,-999.999,-999.999,-999.999,-999.999,-999.999,-999.999,-999.999,-999.999,-999.999,-999.999,-999.999,-999.999,-999.999,-999.999,-999.999,-999.999,-999.999
58,1,transp,60,5.037666666666672,44.81903019841761,55,7.002469637446366,4.0,12.62632930698669,25.0,2.36096875935784e-09,1.0065048393768094e-07,8.952648183792423,-2.113692267545562e-08,0.0,0.0,0.0,0.0,0.0,0.0,0.0,0.0,0.0,0.0,0.0,0.0,0.0,0.0,0.0,0.0,0.0,0.0,0.0,0.0,0.0,0.0,0.0,0.0,0.0,0.0,0.0,0.0,0.0,0.0,0.0,0.0,0.0,0.0,0.0,0.0,0.0,0.0,0.0,0.0,0.0,0.0,0.0,0.0,0.0,0.0,0.0,0.0,0.0,0.0,0.0,0.0,0.0,0.0,0.0,0.0,0.0,0.0,0.0,0.0,0.0,0.0,0.0,0.0,0.0,0.0,0.0,-999.999,-999.999,-999.999,-999.999,-999.999,-999.999,-999.999,-999.999,-999.999,-999.999,-999.999,-999.999,-999.999,-999.999,-999.999,-999.999,-999.999,-999.999,-999.999,-999.999,-999.999,-999.999,-999.999,-999.999,-999.999,-999.999,-999.999,-999.999,-999.999,-999.999
59,1,transp,60,5.037666666666672,45.63392165657066,56,7.002641549580042,4.0,12.62632930698669,25.0,2.440652381611501e-09,1.0065095919732281e-07,8.660357712006732,-2.113692267541676e-08,0.0,0.0,0.0,0.0,0.0,0.0,0.0,0.0,0.0,0.0,0.0,0.0,0.0,0.0,0.0,0.0,0.0,0.0,0.0,0.0,0.0,0.0,0.0,0.0,0.0,0.0,0.0,0.0,0.0,0.0,0.0,0.0,0.0,0.0,0.0,0.0,0.0,0.0,0.0,0.0,0.0,0.0,0.0,0.0,0.0,0.0,0.0,0.0,0.0,0.0,0.0,0.0,0.0,0.0,0.0,0.0,0.0,0.0,0.0,0.0,0.0,0.0,0.0,0.0,0.0,0.0,0.0,-999.999,-999.999,-999.999,-999.999,-999.999,-999.999,-999.999,-999.999,-999.999,-999.999,-999.999,-999.999,-999.999,-999.999,-999.999,-999.999,-999.999,-999.999,-999.999,-999.999,-999.999,-999.999,-999.999,-999.999,-999.999,-999.999,-999.999,-999.999,-999.999,-999.999
60,1,transp,60,5.037666666666672,46.448813114723706,57,7.002832601221552,4.0,12.62632930698669,25.0,2.5292078766493716e-09,1.0065150587566404e-07,8.357131444421299,-2.113692267538929e-08,4.241734156430722e-20,3.5381008708497366e-20,2.1773109009629745e-19,3.551692904498367e-22,2.570374423283297e-19,5.640171662780704e-20,9.096916617618286e-24,0.0,0.0,0.0,0.0,0.0,0.0,0.0,0.0,0.0,0.0,0.0,0.0,0.0,0.0,0.0,0.0,0.0,0.0,0.0,0.0,0.0,0.0,0.0,0.0,0.0,0.0,0.0,0.0,0.0,0.0,0.0,0.0,0.0,0.0,0.0,0.0,0.0,0.0,0.0,0.0,0.0,0.0,0.0,0.0,0.0,0.0,0.0,0.0,0.0,0.0,0.0,0.0,0.0,0.0,0.0,0.0,0.0,0.0,0.0,0.0,-34.37121111338781,-999.999,-999.999,-61.22488390576675,-92.92808661584452,-22.55572237344926,-999.999,-999.999,-34.041627777547156,-999.999,-36.85334499583888,-999.999,-89.84607429926635,-34.0219421560278,-38.834011743172,-37.13339554021411,-999.999,-38.43388643631211,-146.09814947483522,-37.81424428098538,-999.999,-71.18899886391503,-63.610455701124636,-55.3338489952021,-999.999,-999.999,-37.41624428256017,-999.999,-28.16694290073035,-56.273578788951944
61,1,transp,60,5.037666666666672,47.263704572876755,58,7.003046177060825,4.0,12.62632930698669,25.0,2.628204282424024e-09,1.0065297483662137e-07,8.04234389930395,-2.113686587330928e-08,6.759135266795353e-14,5.927854143813475e-14,3.64794049682281e-13,5.680863020866122e-16,4.306492447424966e-13,9.099425426544525e-14,1.5402048075955466e-17,0.0,0.0,0.0,0.0,0.0,0.0,0.0,0.0,0.0,0.0,0.0,0.0,0.0,0.0,0.0,0.0,0.0,0.0,0.0,0.0,0.0,0.0,0.0,0.0,0.0,0.0,0.0,0.0,0.0,0.0,0.0,0.0,0.0,0.0,0.0,0.0,0.0,0.0,0.0,0.0,0.0,0.0,0.0,0.0,0.0,0.0,0.0,0.0,0.0,0.0,0.0,0.0,0.0,0.0,0.0,0.0,0.0,0.0,0.0,0.0,-21.961141781767562,-999.999,-999.999,-42.55250201940709,-61.84026143998724,-16.331167930690455,-999.999,-999.999,-21.629927227250377,-999.999,-24.42149605999899,-999.999,-58.780028727628775,-21.61187282440759,-26.385757147903455,-24.70154660437421,-999.999,-26.00203750047211,-96.37612766318034,-25.38239534514544,-999.999,-52.5166169775553,-44.93807381476495,-36.67787275518494,-999.999,-999.999,-24.984395346720248,-999.999,-21.964168062191312,-37.617602548934606
62,1,transp,60,5.037666666666672,48.0785960310298,59,7.003282401800723,4.0,12.62632930698669,25.0,2.7397973912380405e-09,9.659161949651655e-07,7.715321190846637,3.72876611039368e-08,6.511400158042358e-08,6.355610238934678e-08,3.91117720031037e-07,5.498770073660074e-10,4.617250497465012e-07,9.01464623986849e-08,1.651346542564288e-11,0.0,0.0,0.0,0.0,0.0,0.0,0.0,0.0,0.0,0.0,0.0,0.0,0.0,0.0,0.0,0.0,0.0,0.0,0.0,0.0,0.0,0.0,0.0,0.0,0.0,0.0,0.0,0.0,0.0,0.0,0.0,0.0,0.0,0.0,0.0,0.0,0.0,0.0,0.0,0.0,0.0,0.0,0.0,0.0,0.0,0.0,0.0,0.0,0.0,0.0,0.0,0.0,0.0,0.0,0.0,0.0,0.0,0.0,0.0,0.0,-9.984150037709082,-999.999,-999.999,-24.463761708426176,-31.76237943155811,-10.301796837457232,-999.999,-999.999,-9.65086666432039,-999.999,-12.398025306250144,-999.999,-28.748625754043914,-9.634881097118374,-14.325916758716538,-12.678075842240732,-999.999,-13.97856669641547,-48.290313476838364,-13.358924566242699,-999.999,-34.42787663303585,-26.84933348701476,-18.623461609504876,-999.999,-999.999,-12.960924576202139,-999.999,-15.98127603734088,-19.56319131940822
63,1,transp,60,5.037666666666672,48.893487489182846,60,6.980061964964789,4.0,12.62632930698669,25.0,1.0117788120653948e-07,0.4039718659866195,7.486861296337025,0.028792717807189613,0.024286326736290827,0.03227742137780949,0.1986319327916685,0.00020665889889212255,0.2344903704240979,0.03692664101014299,8.386481579480364e-06,0.0,0.0,0.0,0.0,0.0,0.0,0.0,0.0,0.0,0.0,0.0,0.0,0.0,0.0,0.0,0.0,0.0,0.0,0.0,0.0,0.0,0.0,0.0,0.0,0.0,0.0,0.0,0.0,0.0,0.0,0.0,0.0,0.0,0.0,0.0,0.0,0.0,0.0,0.0,0.0,0.0,0.0,0.0,0.0,0.0,0.0,0.0,0.0,0.0,0.0,0.0,0.0,0.0,0.0,0.0,0.0,0.0,0.0,0.0,0.0,-0.34693804508206405,-999.999,-999.999,-8.324962681779098,-6.115551227657658,-5.252890150212902,-999.999,-999.999,-0.004810443032512879,-999.999,-2.6036760554372425,-999.999,-3.2696483407055457,-0.004811459408827545,-3.234594749173144,-2.8801554139690944,-999.999,-4.162790380850155,-6.976712997706115,-3.5538617830535917,-999.999,-18.27479289655383,-10.703392105450215,-2.8174079633808837,-999.999,-999.999,-3.159432970471766,-999.999,-11.114504850493585,-3.7214258986968733
64,1,transp,60,5.037666666666672,49.708378947335895,61,6.980061904225197,4.0,12.62632930698669,25.0,1.0117808425703949e-07,0.4039725719279386,7.486860827816564,0.028792775740755207,0.024286344358781034,0.032277488342752236,0.19863234488703566,0.00020665904964901752,0.23449085691382954,0.0369266845791003,8.386498978647677e-06,0.0,0.0,0.0,0.0,0.0,0.0,0.0,0.0,0.0,0.0,0.0,0.0,0.0,0.0,0.0,0.0,0.0,0.0,0.0,0.0,0.0,0.0,0.0,0.0,0.0,0.0,0.0,0.0,0.0,0.0,0.0,0.0,0.0,0.0,0.0,0.0,0.0,0.0,0.0,0.0,0.0,0.0,0.0,0.0,0.0,0.0,0.0,0.0,0.0,0.0,0.0,0.0,0.0,0.0,0.0,0.0,0.0,0.0,0.0,0.0,-0.3469378481452452,-999.999,-999.999,-8.324960320223177,-6.115548727550401,-5.25288951813809,-999.999,-999.999,-0.00481026025379272,-999.999,-2.603675316231743,-999.999,-3.2696464040667124,-0.004811276605170889,-3.234593071680216,-2.8801546676970147,-999.999,-4.1627895992451736,-6.976709335498428,-3.5538610226483507,-999.999,-18.274790506731588,-10.703389729761133,-2.8174062943446696,-999.999,-999.999,-3.159432217133105,-999.999,-11.114504810153516,-3.721424158994858
65,1,transp,60,5.037666666666672,50.523270405488944,62,6.980061904845213,4.0,12.62632930698669,25.0,1.011780848433326e-07,0.4039725724645265,7.486860827852044,0.028792775740808213,0.024286344492001375,0.03227748834266648,0.19863234488650547,0.00020665905077964605,0.23449085691320512,0.03692668471341794,8.386498978625226e-06,0.0,0.0,0.0,0.0,0.0,0.0,0.0,0.0,0.0,0.0,0.0,0.0,0.0,0.0,0.0,0.0,0.0,0.0,0.0,0.0,0.0,0.0,0.0,0.0,0.0,0.0,0.0,0.0,0.0,0.0,0.0,0.0,0.0,0.0,0.0,0.0,0.0,0.0,0.0,0.0,0.0,0.0,0.0,0.0,0.0,0.0,0.0,0.0,0.0,0.0,0.0,0.0,0.0,0.0,0.0,0.0,0.0,0.0,0.0,0.0,-0.3469378448975533,-999.999,-999.999,-8.324960320587694,-6.115548725527029,-5.252889517129658,-999.999,-999.999,-0.004810257008574403,-999.999,-2.6036753153027536,-999.999,-3.269646399728094,-0.0048112733597829305,-3.2345930717820828,-2.8801546667668725,-999.999,-4.16278959830927,-6.976709330071189,-3.5538610217159055,-999.999,-18.274790507091495,-10.703389730123346,-2.817406293265268,-999.999,-999.999,-3.159432216201811,-999.999,-11.114504806834447,-3.7214241579039324
66,1,transp,60,5.037666666666672,51.338161863641986,63,6.980061904930835,4.0,12.62632930698669,25.0,1.011780847915547e-07,0.4039725730004158,7.486860827888021,0.028792775740801215,0.02428634462521104,0.03227748834251118,0.19863234488555034,0.0002066590519101835,0.23449085691207877,0.03692668484769813,8.386498978584904e-06,0.0,0.0,0.0,0.0,0.0,0.0,0.0,0.0,0.0,0.0,0.0,0.0,0.0,0.0,0.0,0.0,0.0,0.0,0.0,0.0,0.0,0.0,0.0,0.0,0.0,0.0,0.0,0.0,0.0,0.0,0.0,0.0,0.0,0.0,0.0,0.0,0.0,0.0,0.0,0.0,0.0,0.0,0.0,0.0,0.0,0.0,0.0,0.0,0.0,0.0,0.0,0.0,0.0,0.0,0.0,0.0,0.0,0.0,0.0,0.0,-0.3469378416498836,-999.999,-999.999,-8.324960320954675,-6.115548723506132,-5.252889517190805,-999.999,-999.999,-0.0048102537633631925,-999.999,-2.603675314374483,-999.999,-3.2696463953912343,-0.004811270114403854,-3.234593071885686,-2.880154665837457,-999.999,-4.162789597374128,-6.976709324647429,-3.5538610207841974,-999.999,-18.274790507453893,-10.703389730488036,-2.817406292187531,-999.999,-999.999,-3.1594322152712495,-999.999,-11.114504804584213,-3.7214241568147424
67,1,transp,60,5.037666666666672,52.153053321795035,64,6.980061904890691,4.0,12.62632930698669,25.0,1.0117808458968226e-07,0.40397257353630783,7.48686082792397,0.028792775740801742,0.024286344758420522,0.032277488342356275,0.1986323448845972,0.0002066590530407199,0.23449085691095264,0.03692668498197897,8.38649897854465e-06,0.0,0.0,0.0,0.0,0.0,0.0,0.0,0.0,0.0,0.0,0.0,0.0,0.0,0.0,0.0,0.0,0.0,0.0,0.0,0.0,0.0,0.0,0.0,0.0,0.0,0.0,0.0,0.0,0.0,0.0,0.0,0.0,0.0,0.0,0.0,0.0,0.0,0.0,0.0,0.0,0.0,0.0,0.0,0.0,0.0,0.0,0.0,0.0,0.0,0.0,0.0,0.0,0.0,0.0,0.0,0.0,0.0,0.0,0.0,0.0,-0.34693783840221215,-999.999,-999.999,-8.32496032132165,-6.115548721485206,-5.252889517503483,-999.999,-999.999,-0.004810250518149317,-999.999,-2.6036753134461987,-999.999,-3.2696463910543585,-0.004811266869022113,-3.234593071989285,-2.880154664908028,-999.999,-4.162789596438972,-6.9767093192236365,-3.5538610198524787,-999.999,-18.274790507816288,-10.70338973085272,-2.817406291109778,-999.999,-999.999,-3.1594322143406757,-999.999,-11.114504802585518,-3.721424155725537
68,1,transp,60,5.037666666666672,52.967944779948084,65,6.9800619050676485,4.0,12.62632930698669,25.0,1.0117808464691056e-07,0.4039725740721972,7.4868608279599576,0.028792775740810194,0.02428634489163025,0.03227748834220122,0.19863234488364256,0.00020665905417125818,0.23449085690982527,0.03692668511625918,8.386498978504344e-06,0.0,0.0,0.0,0.0,0.0,0.0,0.0,0.0,0.0,0.0,0.0,0.0,0.0,0.0,0.0,0.0,0.0,0.0,0.0,0.0,0.0,0.0,0.0,0.0,0.0,0.0,0.0,0.0,0.0,0.0,0.0,0.0,0.0,0.0,0.0,0.0,0.0,0.0,0.0,0.0,0.0,0.0,0.0,0.0,0.0,0.0,0.0,0.0,0.0,0.0,0.0,0.0,0.0,0.0,0.0,0.0,0.0,0.0,0.0,0.0,-0.3469378351545407,-999.999,-999.999,-8.32496032168863,-6.115548719464302,-5.252889517381959,-999.999,-999.999,-0.004810247272935442,-999.999,-2.6036753125179235,-999.999,-3.2696463867174934,-0.004811263623642148,-3.2345930720928893,-2.880154663978606,-999.999,-4.162789595503825,-6.97670931379987,-3.553861018920767,-999.999,-18.27479050817869,-10.70338973121741,-2.8174062900320367,-999.999,-999.999,-3.15943221341011,-999.999,-11.114504800152615,-3.7214241546363436
69,1,transp,60,5.037666666666672,53.78283623810113,66,6.980061904836285,4.0,12.62632930698669,25.0,1.0117808421682546e-07,0.4039725746080881,7.486860827995932,0.028792775740810198,0.024286345024839947,0.03227748834204605,0.19863234488268838,0.00020665905530179606,0.23449085690869895,0.03692668525053972,8.386498978464056e-06,0.0,0.0,0.0,0.0,0.0,0.0,0.0,0.0,0.0,0.0,0.0,0.0,0.0,0.0,0.0,0.0,0.0,0.0,0.0,0.0,0.0,0.0,0.0,0.0,0.0,0.0,0.0,0.0,0.0,0.0,0.0,0.0,0.0,0.0,0.0,0.0,0.0,0.0,0.0,0.0,0.0,0.0,0.0,0.0,0.0,0.0,0.0,0.0,0.0,0.0,0.0,0.0,0.0,0.0,0.0,0.0,0.0,0.0,0.0,0.0,-0.3469378319068692,-999.999,-999.999,-8.324960322055608,-6.115548717443394,-5.252889518077078,-999.999,-999.999,-0.004810244027721566,-999.999,-2.6036753115896474,-999.999,-3.2696463823806248,-0.004811260378260407,-3.2345930721964904,-2.880154663049185,-999.999,-4.162789594568678,-6.976709308376093,-3.5538610179890555,-999.999,-18.274790508541088,-10.703389731582098,-2.8174062889542917,-999.999,-999.999,-3.159432212479542,-999.999,-11.114504798536355,-3.7214241535471464
70,1,transp,60,5.037666666666672,54.59772769625418,67,6.980061904861626,4.0,12.62632930698669,25.0,1.0117808409310681e-07,0.40397257514397883,7.486860828031878,0.02879277574081965,0.024286345158049748,0.032277488341891154,0.19863234488173426,0.00020665905643233522,0.23449085690757246,0.03692668538481999,8.386498978423768e-06,0.0,0.0,0.0,0.0,0.0,0.0,0.0,0.0,0.0,0.0,0.0,0.0,0.0,0.0,0.0,0.0,0.0,0.0,0.0,0.0,0.0,0.0,0.0,0.0,0.0,0.0,0.0,0.0,0.0,0.0,0.0,0.0,0.0,0.0,0.0,0.0,0.0,0.0,0.0,0.0,0.0,0.0,0.0,0.0,0.0,0.0,0.0,0.0,0.0,0.0,0.0,0.0,0.0,0.0,0.0,0.0,0.0,0.0,0.0,0.0,-0.346937828659196,-999.999,-999.999,-8.324960322422582,-6.115548715422483,-5.252889518258783,-999.999,-999.999,-0.004810240782505915,-999.999,-2.6036753106613686,-999.999,-3.269646378043756,-0.0048112571328777776,-3.2345930723000915,-2.8801546621197613,-999.999,-4.162789593633527,-6.97670930295232,-3.5538610170573404,-999.999,-18.27479050890348,-10.703389731946782,-2.8174062878765485,-999.999,-999.999,-3.159432211548973,-999.999,-11.114504796406683,-3.72142415245795
71,1,transp,60,5.037666666666672,55.412619154407224,68,6.980061905502377,4.0,12.62632930698669,25.0,1.0117808470384995e-07,0.40397257567986955,7.48686082806786,0.028792775740805056,0.024286345291259143,0.03227748834173605,0.19863234488078024,0.00020665905756286952,0.23449085690644636,0.036926685519100715,8.386498978383427e-06,0.0,0.0,0.0,0.0,0.0,0.0,0.0,0.0,0.0,0.0,0.0,0.0,0.0,0.0,0.0,0.0,0.0,0.0,0.0,0.0,0.0,0.0,0.0,0.0,0.0,0.0,0.0,0.0,0.0,0.0,0.0,0.0,0.0,0.0,0.0,0.0,0.0,0.0,0.0,0.0,0.0,0.0,0.0,0.0,0.0,0.0,0.0,0.0,0.0,0.0,0.0,0.0,0.0,0.0,0.0,0.0,0.0,0.0,0.0,0.0,-0.3469378254115263,-999.999,-999.999,-8.324960322789563,-6.115548713401568,-5.252889517209674,-999.999,-999.999,-0.004810237537295592,-999.999,-2.6036753097330907,-999.999,-3.269646373706884,-0.004811253887497813,-3.234593072403692,-2.8801546611903386,-999.999,-4.1627895926983784,-6.976709297528536,-3.553861016125627,-999.999,-18.274790509265877,-10.703389732311472,-2.817406286798799,-999.999,-999.999,-3.159432210618405,-999.999,-11.114504793046198,-3.7214241513687485
72,1,transp,60,5.037666666666672,56.22751061256027,69,6.980061905247848,4.0,12.62632930698669,25.0,1.0117808424611848e-07,0.40397257621575955,7.486860828103814,0.028792775740806603,0.024286345424468704,0.03227748834158093,0.19863234487982567,0.00020665905869340722,0.23449085690531926,0.03692668565338127,8.386498978343242e-06,0.0,0.0,0.0,0.0,0.0,0.0,0.0,0.0,0.0,0.0,0.0,0.0,0.0,0.0,0.0,0.0,0.0,0.0,0.0,0.0,0.0,0.0,0.0,0.0,0.0,0.0,0.0,0.0,0.0,0.0,0.0,0.0,0.0,0.0,0.0,0.0,0.0,0.0,0.0,0.0,0.0,0.0,0.0,0.0,0.0,0.0,0.0,0.0,0.0,0.0,0.0,0.0,0.0,0.0,0.0,0.0,0.0,0.0,0.0,0.0,-0.34693782216385305,-999.999,-999.999,-8.32496032315654,-6.115548711380654,-5.252889517951122,-999.999,-999.999,-0.00481023429207994,-999.999,-2.60367530880481,-999.999,-3.2696463693700135,-0.0048112506421151835,-3.2345930725072956,-2.8801546602609114,-999.999,-4.162789591763226,-6.976709292104759,-3.553861015193911,-999.999,-18.274790509628275,-10.70338973267616,-2.817406285721053,-999.999,-999.999,-3.159432209687834,-999.999,-11.11450479147627,-3.7214241502795504
73,1,transp,60,5.037666666666672,57.04240207071332,70,6.98006190566236,4.0,12.62632930698669,25.0,1.0117808458685925e-07,0.40397257675165016,7.486860828139788,0.028792775740812415,0.024286345557678633,0.03227748834142618,0.19863234487887088,0.00020665905982394746,0.23449085690419313,0.03692668578766129,8.38649897830292e-06,0.0,0.0,0.0,0.0,0.0,0.0,0.0,0.0,0.0,0.0,0.0,0.0,0.0,0.0,0.0,0.0,0.0,0.0,0.0,0.0,0.0,0.0,0.0,0.0,0.0,0.0,0.0,0.0,0.0,0.0,0.0,0.0,0.0,0.0,0.0,0.0,0.0,0.0,0.0,0.0,0.0,0.0,0.0,0.0,0.0,0.0,0.0,0.0,0.0,0.0,0.0,0.0,0.0,0.0,0.0,0.0,0.0,0.0,0.0,0.0,-0.3469378189161816,-999.999,-999.999,-8.324960323523513,-6.115548709359754,-5.2528895173544825,-999.999,-999.999,-0.004810231046864288,-999.999,-2.603675307876534,-999.999,-3.269646365033152,-0.0048112473967343306,-3.2345930726108976,-2.8801546593314913,-999.999,-4.162789590828079,-6.976709286680998,-3.5538610142622002,-999.999,-18.274790509990666,-10.703389733040842,-2.817406284643317,-999.999,-999.999,-3.159432208757268,-999.999,-11.114504788568253,-3.7214241491903612
74,1,transp,60,5.037666666666672,57.85729352886637,71,6.980061905550841,4.0,12.62632930698669,25.0,1.0117808429979956e-07,0.4039725772875412,7.4868608281757325,0.028792775740806277,0.024286345690888094,0.032277488341270706,0.19863234487791787,0.00020665906095448388,0.23449085690306684,0.036926685921942204,8.386498978262733e-06,0.0,0.0,0.0,0.0,0.0,0.0,0.0,0.0,0.0,0.0,0.0,0.0,0.0,0.0,0.0,0.0,0.0,0.0,0.0,0.0,0.0,0.0,0.0,0.0,0.0,0.0,0.0,0.0,0.0,0.0,0.0,0.0,0.0,0.0,0.0,0.0,0.0,0.0,0.0,0.0,0.0,0.0,0.0,0.0,0.0,0.0,0.0,0.0,0.0,0.0,0.0,0.0,0.0,0.0,0.0,0.0,0.0,0.0,0.0,0.0,-0.34693781566850923,-999.999,-999.999,-8.324960323890497,-6.115548707338833,-5.252889517809919,-999.999,-999.999,-0.004810227801648637,-999.999,-2.603675306948256,-999.999,-3.269646360696271,-0.004811244151352589,-3.234593072714497,-2.8801546584020685,-999.999,-4.16278958989293,-6.976709281257201,-3.553861013330487,-999.999,-18.27479051035307,-10.703389733405533,-2.8174062835655613,-999.999,-999.999,-3.1594322078266996,-999.999,-11.11450478671231,-3.7214241481011543
75,1,transp,60,5.037666666666672,58.67218498701941,72,6.980061906277485,4.0,12.62632930698669,25.0,1.0117808501305488e-07,0.4039725778234303,7.486860828211736,0.02879277574080905,0.02428634582409778,0.03227748834111585,0.19863234487696255,0.00020665906208502033,0.23449085690193958,0.03692668605622222,8.386498978222308e-06,0.0,0.0,0.0,0.0,0.0,0.0,0.0,0.0,0.0,0.0,0.0,0.0,0.0,0.0,0.0,0.0,0.0,0.0,0.0,0.0,0.0,0.0,0.0,0.0,0.0,0.0,0.0,0.0,0.0,0.0,0.0,0.0,0.0,0.0,0.0,0.0,0.0,0.0,0.0,0.0,0.0,0.0,0.0,0.0,0.0,0.0,0.0,0.0,0.0,0.0,0.0,0.0,0.0,0.0,0.0,0.0,0.0,0.0,0.0,0.0,-0.34693781242084043,-999.999,-999.999,-8.324960324257477,-6.1155487053179325,-5.25288951658902,-999.999,-999.999,-0.00481022455644009,-999.999,-2.6036753060199826,-999.999,-3.269646356359413,-0.004811240905974401,-3.234593072818102,-2.8801546574726493,-999.999,-4.162789588957785,-6.976709275833444,-3.553861012398777,-999.999,-18.27479051071547,-10.703389733770223,-2.8174062824878243,-999.999,-999.999,-3.1594322068961356,-999.999,-11.114504783180033,-3.721424147011965
76,1,transp,60,5.037666666666672,59.48707644517246,73,6.980061906236381,4.0,12.62632930698669,25.0,1.0117808481003538e-07,0.40397257835931905,7.4868608282476945,0.028792775740808945,0.024286345957307515,0.032277488340960385,0.19863234487600778,0.0002066590632155589,0.23449085690081278,0.03692668619050234,8.386498978182173e-06,0.0,0.0,0.0,0.0,0.0,0.0,0.0,0.0,0.0,0.0,0.0,0.0,0.0,0.0,0.0,0.0,0.0,0.0,0.0,0.0,0.0,0.0,0.0,0.0,0.0,0.0,0.0,0.0,0.0,0.0,0.0,0.0,0.0,0.0,0.0,0.0,0.0,0.0,0.0,0.0,0.0,0.0,0.0,0.0,0.0,0.0,0.0,0.0,0.0,0.0,0.0,0.0,0.0,0.0,0.0,0.0,0.0,0.0,0.0,0.0,-0.34693780917316985,-999.999,-999.999,-8.32496032462446,-6.115548703297039,-5.252889516903624,-999.999,-999.999,-0.004810221311227991,-999.999,-2.6036753050917136,-999.999,-3.269646352022553,-0.004811237660595324,-3.234593072921705,-2.8801546565432345,-999.999,-4.162789588022645,-6.976709270409683,-3.5538610114670726,-999.999,-18.27479051107787,-10.703389734134916,-2.8174062814100864,-999.999,-999.999,-3.159432205965576,-999.999,-11.114504781183253,-3.721424145922774
77,1,transp,60,5.037666666666672,60.30196790332551,74,6.980061905974804,4.0,12.62632930698669,25.0,1.0117808434389222e-07,0.40397257889521127,7.486860828283654,0.028792775740793974,0.02428634609051673,0.0322774883408056,0.19863234487505366,0.0002066590643460907,0.2344908568996869,0.0369266863247836,8.386498978141663e-06,0.0,0.0,0.0,0.0,0.0,0.0,0.0,0.0,0.0,0.0,0.0,0.0,0.0,0.0,0.0,0.0,0.0,0.0,0.0,0.0,0.0,0.0,0.0,0.0,0.0,0.0,0.0,0.0,0.0,0.0,0.0,0.0,0.0,0.0,0.0,0.0,0.0,0.0,0.0,0.0,0.0,0.0,0.0,0.0,0.0,0.0,0.0,0.0,0.0,0.0,0.0,0.0,0.0,0.0,0.0,0.0,0.0,0.0,0.0,0.0,-0.3469378059254975,-999.999,-999.999,-8.32496032499143,-6.1155487012761025,-5.252889517659163,-999.999,-999.999,-0.0048102180660176685,-999.999,-2.6036753041634206,-999.999,-3.269646347685674,-0.004811234415212695,-3.2345930730253056,-2.8801546556137967,-999.999,-4.16278958708748,-6.976709264985886,-3.553861010535343,-999.999,-18.27479051144026,-10.703389734499595,-2.8174062803323316,-999.999,-999.999,-3.1594322050349923,-999.999,-11.114504779627428,-3.721424144833567
78,1,transp,60,5.037666666666672,61.11685936147856,75,6.980061906217436,4.0,12.62632930698669,25.0,1.0117808447950187e-07,0.40397257943110404,7.4868608283196005,0.028792775740804057,0.024286346223726676,0.032277488340650765,0.19863234487410092,0.0002066590654766278,0.23449085689856144,0.03692668645906406,8.386498978101443e-06,0.0,0.0,0.0,0.0,0.0,0.0,0.0,0.0,0.0,0.0,0.0,0.0,0.0,0.0,0.0,0.0,0.0,0.0,0.0,0.0,0.0,0.0,0.0,0.0,0.0,0.0,0.0,0.0,0.0,0.0,0.0,0.0,0.0,0.0,0.0,0.0,0.0,0.0,0.0,0.0,0.0,0.0,0.0,0.0,0.0,0.0,0.0,0.0,0.0,0.0,0.0,0.0,0.0,0.0,0.0,0.0,0.0,0.0,0.0,0.0,-0.34693780267782337,-999.999,-999.999,-8.324960325358404,-6.115548699255189,-5.252889517406286,-999.999,-999.999,-0.004810214820807346,-999.999,-2.6036753032351445,-999.999,-3.269646343348798,-0.004811231169829178,-3.2345930731289028,-2.8801546546843757,-999.999,-4.162789586152333,-6.976709259562102,-3.5538610096036316,-999.999,-18.274790511802653,-10.70338973486428,-2.817406279254583,-999.999,-999.999,-3.1594322041044265,-999.999,-11.114504777063171,-3.7214241437443656
79,1,transp,60,5.037666666666672,61.9317508196316,76,6.980061906290275,4.0,12.62632930698669,25.0,1.0117808441246859e-07,0.403972579966993,7.486860828355602,0.028792775740819312,0.024286346356936626,0.032277488340495604,0.1986323448731459,0.00020665906660716763,0.23449085689743351,0.036926686593344055,8.38649897806107e-06,0.0,0.0,0.0,0.0,0.0,0.0,0.0,0.0,0.0,0.0,0.0,0.0,0.0,0.0,0.0,0.0,0.0,0.0,0.0,0.0,0.0,0.0,0.0,0.0,0.0,0.0,0.0,0.0,0.0,0.0,0.0,0.0,0.0,0.0,0.0,0.0,0.0,0.0,0.0,0.0,0.0,0.0,0.0,0.0,0.0,0.0,0.0,0.0,0.0,0.0,0.0,0.0,0.0,0.0,0.0,0.0,0.0,0.0,0.0,0.0,-0.346937799430151,-999.999,-999.999,-8.324960325725387,-6.115548697234294,-5.252889517493001,-999.999,-999.999,-0.0048102115755934705,-999.999,-2.603675302306873,-999.999,-3.2696463390119366,-0.004811227924446548,-3.2345930732325083,-2.8801546537549583,-999.999,-4.1627895852171894,-6.976709254138339,-3.5538610086719236,-999.999,-18.274790512165055,-10.70338973522897,-2.817406278176846,-999.999,-999.999,-3.159432203173864,-999.999,-11.114504774838501,-3.7214241426551764
80,1,transp,60,5.037666666666672,62.74664227778465,77,6.980061905745837,4.0,12.62632930698669,25.0,1.011780836087423e-07,0.4039725805028828,7.486860828391557,0.028792775740797603,0.024286346490146014,0.03227748834034012,0.19863234487219075,0.00020665906773770177,0.23449085689630783,0.03692668672762482,8.386498978020832e-06,0.0,0.0,0.0,0.0,0.0,0.0,0.0,0.0,0.0,0.0,0.0,0.0,0.0,0.0,0.0,0.0,0.0,0.0,0.0,0.0,0.0,0.0,0.0,0.0,0.0,0.0,0.0,0.0,0.0,0.0,0.0,0.0,0.0,0.0,0.0,0.0,0.0,0.0,0.0,0.0,0.0,0.0,0.0,0.0,0.0,0.0,0.0,0.0,0.0,0.0,0.0,0.0,0.0,0.0,0.0,0.0,0.0,0.0,0.0,0.0,-0.34693779618248044,-999.999,-999.999,-8.324960326092363,-6.115548695213382,-5.2528895188142695,-999.999,-999.999,-0.004810208330383148,-999.999,-2.603675301378594,-999.999,-3.2696463346750697,-0.004811224679066584,-3.2345930733361103,-2.8801546528255346,-999.999,-4.162789584282039,-6.976709248714568,-3.55386100774021,-999.999,-18.274790512527453,-10.703389735593657,-2.817406277099102,-999.999,-999.999,-3.159432202243295,-999.999,-11.114504773848395,-3.72142414156598
81,1,transp,60,5.037666666666672,63.5615337359377,78,6.980061906571296,4.0,12.62632930698669,25.0,1.011780844399283e-07,0.4039725810387739,7.486860828427528,0.02879277574080502,0.024286346623355597,0.03227748834018555,0.19863234487123688,0.00020665906886823806,0.23449085689518057,0.036926686861905346,8.386498977980629e-06,0.0,0.0,0.0,0.0,0.0,0.0,0.0,0.0,0.0,0.0,0.0,0.0,0.0,0.0,0.0,0.0,0.0,0.0,0.0,0.0,0.0,0.0,0.0,0.0,0.0,0.0,0.0,0.0,0.0,0.0,0.0,0.0,0.0,0.0,0.0,0.0,0.0,0.0,0.0,0.0,0.0,0.0,0.0,0.0,0.0,0.0,0.0,0.0,0.0,0.0,0.0,0.0,0.0,0.0,0.0,0.0,0.0,0.0,0.0,0.0,-0.3469377929348081,-999.999,-999.999,-8.32496032645934,-6.115548693192464,-5.252889517395738,-999.999,-999.999,-0.004810205085171049,-999.999,-2.6036753004503117,-999.999,-3.2696463303381975,-0.004811221433685731,-3.234593073439713,-2.8801546518961065,-999.999,-4.1627895833468855,-6.976709243290785,-3.5538610068084915,-999.999,-18.274790512889847,-10.703389735958346,-2.8174062760213534,-999.999,-999.999,-3.159432201312722,-999.999,-11.114504770118492,-3.7214241404767794
82,1,transp,60,5.037666666666672,64.37642519409074,79,6.9800619065867355,4.0,12.62632930698669,25.0,1.0117808430439027e-07,0.4039725815746651,7.486860828463475,0.02879277574079489,0.024286346756565047,0.03227748834003026,0.19863234487028367,0.00020665906999877453,0.23449085689405522,0.036926686996186064,8.386498977940357e-06,0.0,0.0,0.0,0.0,0.0,0.0,0.0,0.0,0.0,0.0,0.0,0.0,0.0,0.0,0.0,0.0,0.0,0.0,0.0,0.0,0.0,0.0,0.0,0.0,0.0,0.0,0.0,0.0,0.0,0.0,0.0,0.0,0.0,0.0,0.0,0.0,0.0,0.0,0.0,0.0,0.0,0.0,0.0,0.0,0.0,0.0,0.0,0.0,0.0,0.0,0.0,0.0,0.0,0.0,0.0,0.0,0.0,0.0,0.0,0.0,-0.3469377896871384,-999.999,-999.999,-8.324960326826318,-6.115548691171545,-5.252889517597254,-999.999,-999.999,-0.004810201839957173,-999.999,-2.6036752995220347,-999.999,-3.2696463260013235,-0.004811218188305766,-3.2345930735433104,-2.8801546509666838,-999.999,-4.162789582411737,-6.976709237866998,-3.553861005876778,-999.999,-18.274790513252242,-10.703389736323032,-2.8174062749436013,-999.999,-999.999,-3.159432200382154,-999.999,-11.11450476800863,-3.721424139387575
83,1,transp,60,5.037666666666672,65.19131665224377,80,6.980061906754702,4.0,12.62632930698669,25.0,1.0117808435088852e-07,0.403972582110556,7.486860828499454,0.02879277574080723,0.024286346889774935,0.03227748833987543,0.1986323448693294,0.00020665907112931334,0.2344908568929285,0.03692668713046625,8.38649897789995e-06,0.0,0.0,0.0,0.0,0.0,0.0,0.0,0.0,0.0,0.0,0.0,0.0,0.0,0.0,0.0,0.0,0.0,0.0,0.0,0.0,0.0,0.0,0.0,0.0,0.0,0.0,0.0,0.0,0.0,0.0,0.0,0.0,0.0,0.0,0.0,0.0,0.0,0.0,0.0,0.0,0.0,0.0,0.0,0.0,0.0,0.0,0.0,0.0,0.0,0.0,0.0,0.0,0.0,0.0,0.0,0.0,0.0,0.0,0.0,0.0,-0.34693778643946693,-999.999,-999.999,-8.324960327193294,-6.115548689150641,-5.25288951749371,-999.999,-999.999,-0.004810198594745074,-999.999,-2.6036752985937586,-999.999,-3.2696463216644585,-0.004811214942924025,-3.2345930736469124,-2.880154650037263,-999.999,-4.162789581476589,-6.976709232443231,-3.5538610049450665,-999.999,-18.27479051361464,-10.703389736687717,-2.8174062738658607,-999.999,-999.999,-3.1594321994515866,-999.999,-11.114504765593706,-3.7214241382983824
84,1,transp,60,5.037666666666672,66.00620811039683,81,6.9800619066643295,4.0,12.62632930698669,25.0,1.0117808408907062e-07,0.4039725826464445,7.4868608285354465,0.028792775740819145,0.024286347022984874,0.03227748833972002,0.19863234486837442,0.0002066590722598528,0.23449085689180063,0.03692668726474629,8.386498977859713e-06,0.0,0.0,0.0,0.0,0.0,0.0,0.0,0.0,0.0,0.0,0.0,0.0,0.0,0.0,0.0,0.0,0.0,0.0,0.0,0.0,0.0,0.0,0.0,0.0,0.0,0.0,0.0,0.0,0.0,0.0,0.0,0.0,0.0,0.0,0.0,0.0,0.0,0.0,0.0,0.0,0.0,0.0,0.0,0.0,0.0,0.0,0.0,0.0,0.0,0.0,0.0,0.0,0.0,0.0,0.0,0.0,0.0,0.0,0.0,0.0,-0.3469377831917946,-999.999,-999.999,-8.32496032756028,-6.115548687129747,-5.252889517906848,-999.999,-999.999,-0.004810195349531199,-999.999,-2.6036752976654896,-999.999,-3.269646317327597,-0.004811211697543172,-3.234593073750518,-2.880154649107849,-999.999,-4.162789580541449,-6.97670922701947,-3.553861004013362,-999.999,-18.274790513977045,-10.703389737052412,-2.8174062727881237,-999.999,-999.999,-3.159432198521028,-999.999,-11.114504763695457,-3.721424137209193
85,1,transp,60,5.037666666666672,66.82109956854987,82,6.98006190714957,4.0,12.62632930698669,25.0,1.0117808451421918e-07,0.4039725831823366,7.486860828571373,0.028792775740798332,0.024286347156194394,0.03227748833956503,0.19863234486742046,0.00020665907339038824,0.2344908568906759,0.036926687399027096,8.386498977819322e-06,0.0,0.0,0.0,0.0,0.0,0.0,0.0,0.0,0.0,0.0,0.0,0.0,0.0,0.0,0.0,0.0,0.0,0.0,0.0,0.0,0.0,0.0,0.0,0.0,0.0,0.0,0.0,0.0,0.0,0.0,0.0,0.0,0.0,0.0,0.0,0.0,0.0,0.0,0.0,0.0,0.0,0.0,0.0,0.0,0.0,0.0,0.0,0.0,0.0,0.0,0.0,0.0,0.0,0.0,0.0,0.0,0.0,0.0,0.0,0.0,-0.34693777994412045,-999.999,-999.999,-8.324960327927252,-6.115548685108827,-5.252889517168757,-999.999,-999.999,-0.0048101921043173235,-999.999,-2.603675296737208,-999.999,-3.2696463129907194,-0.004811208452158766,-3.234593073854116,-2.8801546481784217,-999.999,-4.162789579606296,-6.976709221595681,-3.553861003081645,-999.999,-18.274790514339436,-10.703389737417094,-2.8174062717103734,-999.999,-999.999,-3.159432197590456,-999.999,-11.114504760645993,-3.7214241361199907
86,1,transp,60,5.037666666666672,67.63599102670291,83,6.980061907499415,4.0,12.62632930698669,25.0,1.0117808477778068e-07,0.4039725837182275,7.486860828607347,0.028792775740803533,0.02428634728940401,0.032277488339410076,0.19863234486646694,0.00020665907452092474,0.23449085688954915,0.036926687533307634,8.386498977779204e-06,0.0,0.0,0.0,0.0,0.0,0.0,0.0,0.0,0.0,0.0,0.0,0.0,0.0,0.0,0.0,0.0,0.0,0.0,0.0,0.0,0.0,0.0,0.0,0.0,0.0,0.0,0.0,0.0,0.0,0.0,0.0,0.0,0.0,0.0,0.0,0.0,0.0,0.0,0.0,0.0,0.0,0.0,0.0,0.0,0.0,0.0,0.0,0.0,0.0,0.0,0.0,0.0,0.0,0.0,0.0,0.0,0.0,0.0,0.0,0.0,-0.3469377766964481,-999.999,-999.999,-8.324960328294232,-6.11554868308791,-5.252889516701458,-999.999,-999.999,-0.004810188859105224,-999.999,-2.6036752958089284,-999.999,-3.269646308653847,-0.004811205206777913,-3.2345930739577167,-2.880154647248998,-999.999,-4.162789578671146,-6.976709216171897,-3.55386100214993,-999.999,-18.274790514701834,-10.703389737781782,-2.817406270632625,-999.999,-999.999,-3.1594321966598864,-999.999,-11.114504757867316,-3.721424135030789
87,1,transp,60,5.037666666666672,68.45088248485597,84,6.980061907078443,4.0,12.62632930698669,25.0,1.0117808412140593e-07,0.40397258425411836,7.486860828643318,0.028792775740808303,0.024286347422613506,0.032277488339255,0.1986323448655132,0.00020665907565146213,0.23449085688842225,0.03692668766758838,8.386498977738916e-06,0.0,0.0,0.0,0.0,0.0,0.0,0.0,0.0,0.0,0.0,0.0,0.0,0.0,0.0,0.0,0.0,0.0,0.0,0.0,0.0,0.0,0.0,0.0,0.0,0.0,0.0,0.0,0.0,0.0,0.0,0.0,0.0,0.0,0.0,0.0,0.0,0.0,0.0,0.0,0.0,0.0,0.0,0.0,0.0,0.0,0.0,0.0,0.0,0.0,0.0,0.0,0.0,0.0,0.0,0.0,0.0,0.0,0.0,0.0,0.0,-0.3469377734487793,-999.999,-999.999,-8.32496032866121,-6.115548681066995,-5.252889517775792,-999.999,-999.999,-0.004810185613891349,-999.999,-2.6036752948806487,-999.999,-3.269646304316977,-0.004811201961398837,-3.2345930740613187,-2.8801546463195726,-999.999,-4.162789577735993,-6.976709210748116,-3.553861001218215,-999.999,-18.274790515064232,-10.70338973814647,-2.8174062695548763,-999.999,-999.999,-3.159432195729316,-999.999,-11.114504756630279,-3.7214241339415883
88,1,transp,60,5.037666666666672,69.26577394300901,85,6.980061907362534,4.0,12.62632930698669,25.0,1.0117808430649295e-07,0.403972584790008,7.486860828679302,0.02879277574081865,0.02428634755582335,0.03227748833909997,0.1986323448645583,0.00020665907678200097,0.23449085688729426,0.0369266878018687,8.386498977698474e-06,0.0,0.0,0.0,0.0,0.0,0.0,0.0,0.0,0.0,0.0,0.0,0.0,0.0,0.0,0.0,0.0,0.0,0.0,0.0,0.0,0.0,0.0,0.0,0.0,0.0,0.0,0.0,0.0,0.0,0.0,0.0,0.0,0.0,0.0,0.0,0.0,0.0,0.0,0.0,0.0,0.0,0.0,0.0,0.0,0.0,0.0,0.0,0.0,0.0,0.0,0.0,0.0,0.0,0.0,0.0,0.0,0.0,0.0,0.0,0.0,-0.34693777020110517,-999.999,-999.999,-8.324960329028192,-6.115548679046087,-5.252889517440002,-999.999,-999.999,-0.004810182368675697,-999.999,-2.6036752939523717,-999.999,-3.269646299980108,-0.004811198716014431,-3.234593074164924,-2.88015464539015,-999.999,-4.162789576800845,-6.976709205324343,-3.5538610002865014,-999.999,-18.27479051542663,-10.703389738511163,-2.817406268477134,-999.999,-999.999,-3.1594321947987485,-999.999,-11.114504753983107,-3.721424132852394
89,1,transp,60,5.037666666666672,70.08066540116207,86,6.980061907497281,4.0,12.62632930698669,25.0,1.0117808431334567e-07,0.4039725853259008,7.486860828715232,0.028792775740804768,0.024286347689033094,0.03227748833894498,0.19863234486360484,0.0002066590779125396,0.23449085688617052,0.03692668793614924,8.386498977658373e-06,0.0,0.0,0.0,0.0,0.0,0.0,0.0,0.0,0.0,0.0,0.0,0.0,0.0,0.0,0.0,0.0,0.0,0.0,0.0,0.0,0.0,0.0,0.0,0.0,0.0,0.0,0.0,0.0,0.0,0.0,0.0,0.0,0.0,0.0,0.0,0.0,0.0,0.0,0.0,0.0,0.0,0.0,0.0,0.0,0.0,0.0,0.0,0.0,0.0,0.0,0.0,0.0,0.0,0.0,0.0,0.0,0.0,0.0,0.0,0.0,-0.3469377669534328,-999.999,-999.999,-8.324960329395159,-6.115548677025176,-5.252889517402895,-999.999,-999.999,-0.0048101791234600455,-999.999,-2.6036752930240947,-999.999,-3.269646295643236,-0.004811195470633578,-3.234593074268519,-2.880154644460727,-999.999,-4.1627895758656965,-6.976709199900564,-3.553860999354788,-999.999,-18.274790515789018,-10.70338973887584,-2.817406267399388,-999.999,-999.999,-3.15943219386818,-999.999,-11.114504751634621,-3.721424131763195
90,1,transp,60,5.037666666666672,70.8955568593151,87,6.980061907966041,4.0,12.62632930698669,25.0,1.0117808471882573e-07,0.4039725858617907,7.486860828751208,0.028792775740804185,0.024286347822242763,0.03227748833878985,0.1986323448626504,0.00020665907904307532,0.23449085688504323,0.036926688070429765,8.386498977618034e-06,0.0,0.0,0.0,0.0,0.0,0.0,0.0,0.0,0.0,0.0,0.0,0.0,0.0,0.0,0.0,0.0,0.0,0.0,0.0,0.0,0.0,0.0,0.0,0.0,0.0,0.0,0.0,0.0,0.0,0.0,0.0,0.0,0.0,0.0,0.0,0.0,0.0,0.0,0.0,0.0,0.0,0.0,0.0,0.0,0.0,0.0,0.0,0.0,0.0,0.0,0.0,0.0,0.0,0.0,0.0,0.0,0.0,0.0,0.0,0.0,-0.3469377637057587,-999.999,-999.999,-8.324960329762142,-6.115548675004263,-5.252889516697767,-999.999,-999.999,-0.0048101758782479465,-999.999,-2.603675292095817,-999.999,-3.269646291306362,-0.004811192225249172,-3.234593074372123,-2.8801546435313052,-999.999,-4.162789574930548,-6.976709194476782,-3.5538609984230747,-999.999,-18.27479051615142,-10.703389739240531,-2.8174062663216404,-999.999,-999.999,-3.1594321929376123,-999.999,-11.114504748618113,-3.721424130673996
91,1,transp,60,5.037666666666672,71.71044831746815,88,6.980061907800845,4.0,12.62632930698669,25.0,1.0117808436771019e-07,0.4039725863976806,7.486860828787179,0.028792775740803647,0.024286347955452363,0.032277488338634926,0.19863234486169476,0.00020665908017361415,0.2344908568839156,0.0369266882047104,8.386498977577643e-06,0.0,0.0,0.0,0.0,0.0,0.0,0.0,0.0,0.0,0.0,0.0,0.0,0.0,0.0,0.0,0.0,0.0,0.0,0.0,0.0,0.0,0.0,0.0,0.0,0.0,0.0,0.0,0.0,0.0,0.0,0.0,0.0,0.0,0.0,0.0,0.0,0.0,0.0,0.0,0.0,0.0,0.0,0.0,0.0,0.0,0.0,0.0,0.0,0.0,0.0,0.0,0.0,0.0,0.0,0.0,0.0,0.0,0.0,0.0,0.0,-0.34693776045808633,-999.999,-999.999,-8.324960330129121,-6.115548672983353,-5.252889517260547,-999.999,-999.999,-0.004810172633030518,-999.999,-2.6036752911675345,-999.999,-3.2696462869694987,-0.004811188979868319,-3.23459307447573,-2.880154642601877,-999.999,-4.162789573995394,-6.9767091890530155,-3.5538609974913578,-999.999,-18.274790516513818,-10.703389739605221,-2.8174062652439,-999.999,-999.999,-3.1594321920070394,-999.999,-11.114504746869521,-3.721424129584803
92,1,transp,60,5.037666666666672,72.5253397756212,89,6.9800619078258785,4.0,12.62632930698669,25.0,1.011780842436242e-07,0.4039725869335721,7.486860828823144,0.028792775740802003,0.024286348088662306,0.03227748833847976,0.19863234486074105,0.00020665908130415345,0.23449085688279098,0.03692668833899053,8.38649897753727e-06,0.0,0.0,0.0,0.0,0.0,0.0,0.0,0.0,0.0,0.0,0.0,0.0,0.0,0.0,0.0,0.0,0.0,0.0,0.0,0.0,0.0,0.0,0.0,0.0,0.0,0.0,0.0,0.0,0.0,0.0,0.0,0.0,0.0,0.0,0.0,0.0,0.0,0.0,0.0,0.0,0.0,0.0,0.0,0.0,0.0,0.0,0.0,0.0,0.0,0.0,0.0,0.0,0.0,0.0,0.0,0.0,0.0,0.0,0.0,0.0,-0.346937757210414,-999.999,-999.999,-8.324960330496094,-6.1155486709624505,-5.2528895174428705,-999.999,-999.999,-0.004810169387818419,-999.999,-2.603675290239263,-999.999,-3.269646282632632,-0.00481118573448569,-3.2345930745793265,-2.8801546416724606,-999.999,-4.162789573060251,-6.976709183629246,-3.5538609965596497,-999.999,-18.27479051687621,-10.703389739969902,-2.8174062641661584,-999.999,-999.999,-3.159432191076478,-999.999,-11.114504744740461,-3.7214241284956087
93,1,transp,60,5.037666666666672,73.34023123377425,90,6.980061907989272,4.0,12.62632930698669,25.0,1.0117808428466254e-07,0.40397258746946185,7.486860828859118,0.028792775740801985,0.024286348221871732,0.03227748833832472,0.19863234485978648,0.00020665908243469,0.23449085688166305,0.036926688473271324,8.38649897749698e-06,0.0,0.0,0.0,0.0,0.0,0.0,0.0,0.0,0.0,0.0,0.0,0.0,0.0,0.0,0.0,0.0,0.0,0.0,0.0,0.0,0.0,0.0,0.0,0.0,0.0,0.0,0.0,0.0,0.0,0.0,0.0,0.0,0.0,0.0,0.0,0.0,0.0,0.0,0.0,0.0,0.0,0.0,0.0,0.0,0.0,0.0,0.0,0.0,0.0,0.0,0.0,0.0,0.0,0.0,0.0,0.0,0.0,0.0,0.0,0.0,-0.3469377539627434,-999.999,-999.999,-8.324960330863076,-6.115548668941534,-5.252889517348475,-999.999,-999.999,-0.0048101661426027675,-999.999,-2.6036752893109814,-999.999,-3.2696462782957614,-0.004811182489105725,-3.234593074682932,-2.8801546407430334,-999.999,-4.1627895721250985,-6.976709178205465,-3.553860995627933,-999.999,-18.274790517238614,-10.703389740334595,-2.8174062630884107,-999.999,-999.999,-3.159432190145905,-999.999,-11.114504742334693,-3.721424127406409
94,1,transp,60,5.037666666666672,74.15512269192729,91,6.980061908436662,4.0,12.62632930698669,25.0,1.0117808466463741e-07,0.40397258800535124,7.4868608288951055,0.02879277574080379,0.024286348355081554,0.03227748833816927,0.19863234485883247,0.00020665908356522908,0.2344908568805363,0.03692668860755146,8.386498977456846e-06,0.0,0.0,0.0,0.0,0.0,0.0,0.0,0.0,0.0,0.0,0.0,0.0,0.0,0.0,0.0,0.0,0.0,0.0,0.0,0.0,0.0,0.0,0.0,0.0,0.0,0.0,0.0,0.0,0.0,0.0,0.0,0.0,0.0,0.0,0.0,0.0,0.0,0.0,0.0,0.0,0.0,0.0,0.0,0.0,0.0,0.0,0.0,0.0,0.0,0.0,0.0,0.0,0.0,0.0,0.0,0.0,0.0,0.0,0.0,0.0,-0.34693775071507105,-999.999,-999.999,-8.324960331230063,-6.115548666920635,-5.252889516686093,-999.999,-999.999,-0.004810162897388892,-999.999,-2.603675288382714,-999.999,-3.2696462739588945,-0.004811179243723984,-3.2345930747865337,-2.8801546398136204,-999.999,-4.1627895711899585,-6.976709172781692,-3.553860994696229,-999.999,-18.274790517601016,-10.70338974069929,-2.8174062620106675,-999.999,-999.999,-3.159432189215347,-999.999,-11.114504739360923,-3.7214241263172134
95,1,transp,60,5.037666666666672,74.97001415008035,92,6.980061908305718,4.0,12.62632930698669,25.0,1.0117808435440001e-07,0.4039725885412443,7.486860828931019,0.028792775740804546,0.02428634848829129,0.03227748833801449,0.19863234485787937,0.0002066590846957669,0.23449085687941165,0.03692668874183204,8.386498977416645e-06,0.0,0.0,0.0,0.0,0.0,0.0,0.0,0.0,0.0,0.0,0.0,0.0,0.0,0.0,0.0,0.0,0.0,0.0,0.0,0.0,0.0,0.0,0.0,0.0,0.0,0.0,0.0,0.0,0.0,0.0,0.0,0.0,0.0,0.0,0.0,0.0,0.0,0.0,0.0,0.0,0.0,0.0,0.0,0.0,0.0,0.0,0.0,0.0,0.0,0.0,0.0,0.0,0.0,0.0,0.0,0.0,0.0,0.0,0.0,0.0,-0.3469377474673987,-999.999,-999.999,-8.32496033159703,-6.115548664899714,-5.252889517180368,-999.999,-999.999,-0.004810159652175017,-999.999,-2.603675287454431,-999.999,-3.2696462696220188,-0.004811175998341355,-3.2345930748901295,-2.880154638884193,-999.999,-4.162789570254805,-6.976709167357906,-3.5538609937645114,-999.999,-18.274790517963403,-10.703389741063965,-2.817406260932919,-999.999,-999.999,-3.159432188284775,-999.999,-11.114504737543824,-3.721424125228012
96,1,transp,60,5.037666666666672,75.78490560823339,93,6.980061908646848,4.0,12.62632930698669,25.0,1.0117808460756108e-07,0.4039725890771331,7.4868608289670195,0.028792775740816567,0.024286348621501003,0.03227748833785962,0.19863234485692388,0.00020665908582630604,0.234490856878283,0.03692668887611229,8.386498977376322e-06,0.0,0.0,0.0,0.0,0.0,0.0,0.0,0.0,0.0,0.0,0.0,0.0,0.0,0.0,0.0,0.0,0.0,0.0,0.0,0.0,0.0,0.0,0.0,0.0,0.0,0.0,0.0,0.0,0.0,0.0,0.0,0.0,0.0,0.0,0.0,0.0,0.0,0.0,0.0,0.0,0.0,0.0,0.0,0.0,0.0,0.0,0.0,0.0,0.0,0.0,0.0,0.0,0.0,0.0,0.0,0.0,0.0,0.0,0.0,0.0,-0.3469377442197299,-999.999,-999.999,-8.324960331964014,-6.115548662878815,-5.252889516730498,-999.999,-999.999,-0.004810156406961141,-999.999,-2.6036752865261565,-999.999,-3.269646265285161,-0.004811172752964055,-3.2345930749937377,-2.8801546379547722,-999.999,-4.162789569319659,-6.97670916193415,-3.5538609928327998,-999.999,-18.27479051832581,-10.703389741428662,-2.817406259855182,-999.999,-999.999,-3.1594321873542093,-999.999,-11.114504734782576,-3.7214241241388226
