,sim,state,soln,dist_x,time,step,pH,pe,reaction,temp(C),Alk(eq/kgw),mu,mass_H2O,charge(eq),Mn(mol/kgw),Fe(mol/kgw),B(mol/kgw),Cl(mol/kgw),Na(mol/kgw),S(6)(mol/kgw),Ca(mol/kgw),K(mol/kgw),Mg(mol/kgw),Sr(mol/kgw),Ba(mol/kgw),Li(mol/kgw),Zn(mol/kgw),Ni(mol/kgw),Cu(mol/kgw),Cd(mol/kgw),Co(mol/kgw),Pb(mol/kgw),Anhydrite,d_Anhydrite,Aragonite,d_Aragonite,Arcanite,d_Arcanite,Artinite,d_Artinite,Atacamite,d_Atacamite,Azurite,d_Azurite,B,d_B,Bassanite,d_Bassanite,Bieberite,d_Bieberite,Boric_acid,d_Boric_acid,Brochantite,d_Brochantite,Brucite,d_Brucite,Ca,d_Ca,Calcite,d_Calcite,Chalcanthite,d_Chalcanthite,Chalcocyanite,d_Chalcocyanite,Chloromagnesite,d_Chloromagnesite,Co,d_Co,CoCl2,d_CoCl2,CoSO4,d_CoSO4,Cu,d_Cu,CuCl2,d_CuCl2,Dolomite,d_Dolomite,Fe,d_Fe,FeSO4,d_FeSO4,Gypsum,d_Gypsum,Halite,d_Halite,Huntite,d_Huntite,Hydromagnesite,d_Hydromagnesite,Hydrophilite,d_Hydrophilite,Jarosite,d_Jarosite,K,d_K,Lawrencite,d_Lawrencite,Li,d_Li,Magnesite,d_Magnesite,Malachite,d_Malachite,Melanterite,d_Melanterite,Mg,d_Mg,MgOHCl,d_MgOHCl,MgSO4,d_MgSO4,Mirabilite,d_Mirabilite,Mn,d_Mn,MnSO4,d_MnSO4,Molysite,d_Molysite,Monohydrocalcite,d_Monohydrocalcite,Morenosite,d_Morenosite,Na,d_Na,Na2CO3,d_Na2CO3,Nantokite,d_Nantokite,Natron,d_Natron,Nesquehonite,d_Nesquehonite,Ni,d_Ni,NiCl2,d_NiCl2,NiSO4,d_NiSO4,Nickelbischofite,d_Nickelbischofite,Portlandite,d_Portlandite,Rhodochrosite,d_Rhodochrosite,Scacchite,d_Scacchite,Siderite,d_Siderite,Smithsonite,d_Smithsonite,Sphaerocobaltite,d_Sphaerocobaltite,Sylvite,d_Sylvite,Thenardite,d_Thenardite,Thermonatrite,d_Thermonatrite,Zn,d_Zn,ZnCl2,d_ZnCl2,ZnSO4,d_ZnSO4,si_Anhydrite,si_Aragonite,si_Arcanite,si_Artinite,si_Atacamite,si_Azurite,si_B,si_Bassanite,si_Bieberite,si_Boric_acid,si_Brochantite,si_Brucite,si_Ca,si_Calcite,si_Chalcanthite,si_Chalcocyanite,si_Chloromagnesite,si_Co,si_CoCl2,si_CoSO4,si_Cu,si_CuCl2,si_Dolomite,si_Fe,si_FeSO4,si_Gypsum,si_Halite,si_Huntite,si_Hydromagnesite,si_Hydrophilite,si_Jarosite,si_K,si_Lawrencite,si_Li,si_Magnesite,si_Malachite,si_Melanterite,si_Mg,si_MgOHCl,si_MgSO4,si_Mirabilite,si_Mn,si_MnSO4,si_Molysite,si_Monohydrocalcite,si_Morenosite,si_Na,si_Na2CO3,si_Nantokite,si_Natron,si_Nesquehonite,si_Ni,si_NiCl2,si_NiSO4,si_Nickelbischofite,si_Portlandite,si_Rhodochrosite,si_Scacchite,si_Siderite,si_Smithsonite,si_Sphaerocobaltite,si_Sylvite,si_Thenardite,si_Thermonatrite,si_Zn,si_ZnCl2,si_ZnSO4
0,1,i_soln,0,-99.0,-99.0,-99,8.22,0.2679,-99.0,24.5,4.180684792751808e-05,0.8696127926464593,13.171724160465171,2.722056774045616,5.825648195056814e-09,1.1763176620460482e-07,0.00013002566224482162,0.7303429331376851,0.7468950287498642,0.0,0.020199033653818255,0.008052009785370169,0.07083206097469014,0.0,0.0,3.435646527883817e-05,3.358950705712482e-09,2.1385175050032323e-09,1.8105067143683896e-09,0.0,2.307166844258017e-09,0.0,0.0,0.0,0.0,0.0,0.0,0.0,0.0,0.0,0.0,0.0,0.0,0.0,0.0,0.0,0.0,0.0,0.0,0.0,0.0,0.0,0.0,0.0,0.0,0.0,0.0,0.0,0.0,0.0,0.0,0.0,0.0,0.0,0.0,0.0,0.0,0.0,0.0,0.0,0.0,0.0,0.0,0.0,0.0,0.0,0.0,0.0,0.0,0.0,0.0,0.0,0.0,0.0,0.0,0.0,0.0,0.0,0.0,0.0,0.0,0.0,0.0,0.0,0.0,0.0,0.0,0.0,0.0,0.0,0.0,0.0,0.0,0.0,0.0,0.0,0.0,0.0,0.0,0.0,0.0,0.0,0.0,0.0,0.0,0.0,0.0,0.0,0.0,0.0,0.0,0.0,0.0,0.0,0.0,0.0,0.0,0.0,0.0,0.0,0.0,0.0,0.0,0.0,0.0,0.0,0.0,0.0,0.0,0.0,0.0,0.0,0.0,0.0,0.0,0.0,0.0,0.0,0.0,0.0,0.0,0.0,0.0,0.0,0.0,0.0,0.0,0.0,0.0,0.0,0.0,0.0,0.0,0.0,0.0,0.0,-999.999,-1.1636888571425124,-999.999,-3.5750290005101384,-11.356766293464924,-20.573766828001993,-74.51186560512224,-999.999,-999.999,-3.7795423518949263,-999.999,-1.6262203992462645,-99.88953163466714,-1.0181441178977377,-999.999,-999.999,-24.3431767528963,-19.442034037419376,-18.35376406289516,-999.999,-0.4147848161466072,-15.876875183313896,-0.24202220730576407,-24.210456760883517,-999.999,-999.999,-2.2647008980978267,-5.149619271677538,-10.444472867091378,-14.871556484064453,-999.999,-52.135899661277996,-17.44946180736784,-56.21730921212974,-0.8515769476440564,-9.117952802403774,-999.999,-81.93442129368368,-9.821685609728146,-999.999,-999.999,-49.5346603359014,-999.999,-35.01925669333018,-1.8810629690193794,-999.999,-46.54235751935739,-8.663946474002179,-2.5235822611171645,-7.1780247063948615,-3.901758273930856,-17.855168282124705,-18.691024722159813,-999.999,-13.288688370309291,-8.51557034295226,-5.613120427975559,-18.503696055426076,-4.245286294580109,-6.6545064911593474,-5.950084026777382,-3.509398814544611,-999.999,-8.445542367390562,-35.74641124057452,-17.21660066731511,-999.999
1,1,i_soln,1,-99.0,-99.0,-99,7.0,4.0,-99.0,25.0,-3.653824337600329e-09,9.82099618740771e-08,13.171724160465171,4.8127166305665906e-08,0.0,0.0,0.0,0.0,0.0,0.0,0.0,0.0,0.0,0.0,0.0,0.0,0.0,0.0,0.0,0.0,0.0,0.0,0.0,0.0,0.0,0.0,0.0,0.0,0.0,0.0,0.0,0.0,0.0,0.0,0.0,0.0,0.0,0.0,0.0,0.0,0.0,0.0,0.0,0.0,0.0,0.0,0.0,0.0,0.0,0.0,0.0,0.0,0.0,0.0,0.0,0.0,0.0,0.0,0.0,0.0,0.0,0.0,0.0,0.0,0.0,0.0,0.0,0.0,0.0,0.0,0.0,0.0,0.0,0.0,0.0,0.0,0.0,0.0,0.0,0.0,0.0,0.0,0.0,0.0,0.0,0.0,0.0,0.0,0.0,0.0,0.0,0.0,0.0,0.0,0.0,0.0,0.0,0.0,0.0,0.0,0.0,0.0,0.0,0.0,0.0,0.0,0.0,0.0,0.0,0.0,0.0,0.0,0.0,0.0,0.0,0.0,0.0,0.0,0.0,0.0,0.0,0.0,0.0,0.0,0.0,0.0,0.0,0.0,0.0,0.0,0.0,0.0,0.0,0.0,0.0,0.0,0.0,0.0,0.0,0.0,0.0,0.0,0.0,0.0,0.0,0.0,0.0,0.0,0.0,0.0,0.0,0.0,0.0,0.0,0.0,0.0,-999.999,-999.999,-999.999,-999.999,-999.999,-999.999,-999.999,-999.999,-999.999,-999.999,-999.999,-999.999,-999.999,-999.999,-999.999,-999.999,-999.999,-999.999,-999.999,-999.999,-999.999,-999.999,-999.999,-999.999,-999.999,-999.999,-999.999,-999.999,-999.999,-999.999,-999.999,-999.999,-999.999,-999.999,-999.999,-999.999,-999.999,-999.999,-999.999,-999.999,-999.999,-999.999,-999.999,-999.999,-999.999,-999.999,-999.999,-999.999,-999.999,-999.999,-999.999,-999.999,-999.999,-999.999,-999.999,-999.999,-999.999,-999.999,-999.999,-999.999,-999.999,-999.999,-999.999,-999.999,-999.999,-999.999,-999.999
2,1,react,0,-99.0,0.0,1,8.220151551243552,0.26648786619604703,6.724109122438175,24.5,4.2194783600266356e-05,0.8772770250927816,13.050624307459179,2.7220567740456185,5.879705772952369e-09,1.1872329939570822e-07,0.00013123220135083632,0.7371199592602123,0.7538256457120598,0.0,0.02038646530066617,0.00812672630302012,0.07148932854826089,0.0,0.0,3.467526710755184e-05,3.390119209772755e-09,2.1583613185561646e-09,1.8273068376317684e-09,0.0,2.3285755952202403e-09,0.0,0.0,0.0,0.0,0.0,0.0,0.0,0.0,0.0,0.0,0.0,0.0,0.0,0.0,0.0,0.0,0.0,0.0,0.0,0.0,0.0,0.0,0.0,0.0,0.0,0.0,0.0,0.0,0.0,0.0,0.0,0.0,0.0,0.0,0.0,0.0,0.0,0.0,0.0,0.0,0.0,0.0,0.0,0.0,0.0,0.0,0.0,0.0,0.0,0.0,0.0,0.0,0.0,0.0,0.0,0.0,0.0,0.0,0.0,0.0,0.0,0.0,0.0,0.0,0.0,0.0,0.0,0.0,0.0,0.0,0.0,0.0,0.0,0.0,0.0,0.0,0.0,0.0,0.0,0.0,0.0,0.0,0.0,0.0,0.0,0.0,0.0,0.0,0.0,0.0,0.0,0.0,0.0,0.0,0.0,0.0,0.0,0.0,0.0,0.0,0.0,0.0,0.0,0.0,0.0,0.0,0.0,0.0,0.0,0.0,0.0,0.0,0.0,0.0,0.0,0.0,0.0,0.0,0.0,0.0,0.0,0.0,0.0,0.0,0.0,0.0,0.0,0.0,0.0,0.0,0.0,0.0,0.0,0.0,0.0,-999.999,-1.1578078828993015,-999.999,-3.5661183554847966,-11.339400681737796,-20.56069104541752,-74.50380076708609,-999.999,-999.999,-3.7755748014485397,-999.999,-1.6229325398465182,-99.8835696014985,-1.0122631436545269,-999.999,-999.999,-24.33288974885697,-19.436450783745432,-18.343913189641466,-999.999,-0.4094616743148851,-15.867284421902426,-0.2302029075284051,-24.204615027996727,-999.999,-999.999,-2.2574121691590605,-5.12592332083188,-10.417852425433114,-14.861326831316063,-999.999,-52.13075799068853,-17.439352454901304,-56.21186748684632,-0.8456386221099081,-9.1101191027256,-999.999,-81.9284019092241,-9.81489817800861,-999.999,-999.999,-49.52923984844611,-999.999,-35.00701353107377,-1.8752871747456838,-999.999,-46.537202600208495,-8.653717694629826,-2.5161253094955693,-7.168847726717662,-3.896135488305253,-17.8491007453241,-18.68068956577946,-999.999,-13.278984293746031,-8.512339834843454,-5.6077809994457,-18.494007948391037,-4.239525620618752,-6.652542738478082,-5.944581832028867,-3.5021233341652724,-999.999,-8.435418767987723,-35.74436642896782,-17.210288236128665,-999.999
3,1,transp,1,0.042333333333333334,0.0,0,7.0,3.0,6.724109122438175,25.0,-3.653824337600329e-09,9.820996187407713e-08,13.171724160465171,4.8127166305665906e-08,0.0,0.0,0.0,0.0,0.0,0.0,0.0,0.0,0.0,0.0,0.0,0.0,0.0,0.0,0.0,0.0,0.0,0.0,0.0,0.0,0.0,0.0,0.0,0.0,0.0,0.0,0.0,0.0,0.0,0.0,0.0,0.0,0.0,0.0,0.0,0.0,0.0,0.0,0.0,0.0,0.0,0.0,0.0,0.0,0.0,0.0,0.0,0.0,0.0,0.0,0.0,0.0,0.0,0.0,0.0,0.0,0.0,0.0,0.0,0.0,0.0,0.0,0.0,0.0,0.0,0.0,0.0,0.0,0.0,0.0,0.0,0.0,0.0,0.0,0.0,0.0,0.0,0.0,0.0,0.0,0.0,0.0,0.0,0.0,0.0,0.0,0.0,0.0,0.0,0.0,0.0,0.0,0.0,0.0,0.0,0.0,0.0,0.0,0.0,0.0,0.0,0.0,0.0,0.0,0.0,0.0,0.0,0.0,0.0,0.0,0.0,0.0,0.0,0.0,0.0,0.0,0.0,0.0,0.0,0.0,0.0,0.0,0.0,0.0,0.0,0.0,0.0,0.0,0.0,0.0,0.0,0.0,0.0,0.0,0.0,0.0,0.0,0.0,0.0,0.0,0.0,0.0,0.0,0.0,0.0,0.0,0.0,0.0,0.0,0.0,0.0,0.0,-999.999,-999.999,-999.999,-999.999,-999.999,-999.999,-999.999,-999.999,-999.999,-999.999,-999.999,-999.999,-999.999,-999.999,-999.999,-999.999,-999.999,-999.999,-999.999,-999.999,-999.999,-999.999,-999.999,-999.999,-999.999,-999.999,-999.999,-999.999,-999.999,-999.999,-999.999,-999.999,-999.999,-999.999,-999.999,-999.999,-999.999,-999.999,-999.999,-999.999,-999.999,-999.999,-999.999,-999.999,-999.999,-999.999,-999.999,-999.999,-999.999,-999.999,-999.999,-999.999,-999.999,-999.999,-999.999,-999.999,-999.999,-999.999,-999.999,-999.999,-999.999,-999.999,-999.999,-999.999,-999.999,-999.999,-999.999
4,1,transp,2,0.127,0.0,0,7.0,3.0,6.66807487975119,25.0,-3.653824337600329e-09,9.820996187407713e-08,13.171724160465171,4.8127166305665906e-08,0.0,0.0,0.0,0.0,0.0,0.0,0.0,0.0,0.0,0.0,0.0,0.0,0.0,0.0,0.0,0.0,0.0,0.0,0.0,0.0,0.0,0.0,0.0,0.0,0.0,0.0,0.0,0.0,0.0,0.0,0.0,0.0,0.0,0.0,0.0,0.0,0.0,0.0,0.0,0.0,0.0,0.0,0.0,0.0,0.0,0.0,0.0,0.0,0.0,0.0,0.0,0.0,0.0,0.0,0.0,0.0,0.0,0.0,0.0,0.0,0.0,0.0,0.0,0.0,0.0,0.0,0.0,0.0,0.0,0.0,0.0,0.0,0.0,0.0,0.0,0.0,0.0,0.0,0.0,0.0,0.0,0.0,0.0,0.0,0.0,0.0,0.0,0.0,0.0,0.0,0.0,0.0,0.0,0.0,0.0,0.0,0.0,0.0,0.0,0.0,0.0,0.0,0.0,0.0,0.0,0.0,0.0,0.0,0.0,0.0,0.0,0.0,0.0,0.0,0.0,0.0,0.0,0.0,0.0,0.0,0.0,0.0,0.0,0.0,0.0,0.0,0.0,0.0,0.0,0.0,0.0,0.0,0.0,0.0,0.0,0.0,0.0,0.0,0.0,0.0,0.0,0.0,0.0,0.0,0.0,0.0,0.0,0.0,0.0,0.0,0.0,0.0,-999.999,-999.999,-999.999,-999.999,-999.999,-999.999,-999.999,-999.999,-999.999,-999.999,-999.999,-999.999,-999.999,-999.999,-999.999,-999.999,-999.999,-999.999,-999.999,-999.999,-999.999,-999.999,-999.999,-999.999,-999.999,-999.999,-999.999,-999.999,-999.999,-999.999,-999.999,-999.999,-999.999,-999.999,-999.999,-999.999,-999.999,-999.999,-999.999,-999.999,-999.999,-999.999,-999.999,-999.999,-999.999,-999.999,-999.999,-999.999,-999.999,-999.999,-999.999,-999.999,-999.999,-999.999,-999.999,-999.999,-999.999,-999.999,-999.999,-999.999,-999.999,-999.999,-999.999,-999.999,-999.999,-999.999,-999.999
5,1,transp,3,0.21166666666666667,0.0,0,7.0,3.0,6.612040637064205,25.0,-3.653824337600329e-09,9.820996187407713e-08,13.171724160465171,4.8127166305665906e-08,0.0,0.0,0.0,0.0,0.0,0.0,0.0,0.0,0.0,0.0,0.0,0.0,0.0,0.0,0.0,0.0,0.0,0.0,0.0,0.0,0.0,0.0,0.0,0.0,0.0,0.0,0.0,0.0,0.0,0.0,0.0,0.0,0.0,0.0,0.0,0.0,0.0,0.0,0.0,0.0,0.0,0.0,0.0,0.0,0.0,0.0,0.0,0.0,0.0,0.0,0.0,0.0,0.0,0.0,0.0,0.0,0.0,0.0,0.0,0.0,0.0,0.0,0.0,0.0,0.0,0.0,0.0,0.0,0.0,0.0,0.0,0.0,0.0,0.0,0.0,0.0,0.0,0.0,0.0,0.0,0.0,0.0,0.0,0.0,0.0,0.0,0.0,0.0,0.0,0.0,0.0,0.0,0.0,0.0,0.0,0.0,0.0,0.0,0.0,0.0,0.0,0.0,0.0,0.0,0.0,0.0,0.0,0.0,0.0,0.0,0.0,0.0,0.0,0.0,0.0,0.0,0.0,0.0,0.0,0.0,0.0,0.0,0.0,0.0,0.0,0.0,0.0,0.0,0.0,0.0,0.0,0.0,0.0,0.0,0.0,0.0,0.0,0.0,0.0,0.0,0.0,0.0,0.0,0.0,0.0,0.0,0.0,0.0,0.0,0.0,0.0,0.0,-999.999,-999.999,-999.999,-999.999,-999.999,-999.999,-999.999,-999.999,-999.999,-999.999,-999.999,-999.999,-999.999,-999.999,-999.999,-999.999,-999.999,-999.999,-999.999,-999.999,-999.999,-999.999,-999.999,-999.999,-999.999,-999.999,-999.999,-999.999,-999.999,-999.999,-999.999,-999.999,-999.999,-999.999,-999.999,-999.999,-999.999,-999.999,-999.999,-999.999,-999.999,-999.999,-999.999,-999.999,-999.999,-999.999,-999.999,-999.999,-999.999,-999.999,-999.999,-999.999,-999.999,-999.999,-999.999,-999.999,-999.999,-999.999,-999.999,-999.999,-999.999,-999.999,-999.999,-999.999,-999.999,-999.999,-999.999
6,1,transp,4,0.29633333333333334,0.0,0,7.0,3.0,6.556006394377221,25.0,-3.653824337600329e-09,9.820996187407713e-08,13.171724160465171,4.8127166305665906e-08,0.0,0.0,0.0,0.0,0.0,0.0,0.0,0.0,0.0,0.0,0.0,0.0,0.0,0.0,0.0,0.0,0.0,0.0,0.0,0.0,0.0,0.0,0.0,0.0,0.0,0.0,0.0,0.0,0.0,0.0,0.0,0.0,0.0,0.0,0.0,0.0,0.0,0.0,0.0,0.0,0.0,0.0,0.0,0.0,0.0,0.0,0.0,0.0,0.0,0.0,0.0,0.0,0.0,0.0,0.0,0.0,0.0,0.0,0.0,0.0,0.0,0.0,0.0,0.0,0.0,0.0,0.0,0.0,0.0,0.0,0.0,0.0,0.0,0.0,0.0,0.0,0.0,0.0,0.0,0.0,0.0,0.0,0.0,0.0,0.0,0.0,0.0,0.0,0.0,0.0,0.0,0.0,0.0,0.0,0.0,0.0,0.0,0.0,0.0,0.0,0.0,0.0,0.0,0.0,0.0,0.0,0.0,0.0,0.0,0.0,0.0,0.0,0.0,0.0,0.0,0.0,0.0,0.0,0.0,0.0,0.0,0.0,0.0,0.0,0.0,0.0,0.0,0.0,0.0,0.0,0.0,0.0,0.0,0.0,0.0,0.0,0.0,0.0,0.0,0.0,0.0,0.0,0.0,0.0,0.0,0.0,0.0,0.0,0.0,0.0,0.0,0.0,-999.999,-999.999,-999.999,-999.999,-999.999,-999.999,-999.999,-999.999,-999.999,-999.999,-999.999,-999.999,-999.999,-999.999,-999.999,-999.999,-999.999,-999.999,-999.999,-999.999,-999.999,-999.999,-999.999,-999.999,-999.999,-999.999,-999.999,-999.999,-999.999,-999.999,-999.999,-999.999,-999.999,-999.999,-999.999,-999.999,-999.999,-999.999,-999.999,-999.999,-999.999,-999.999,-999.999,-999.999,-999.999,-999.999,-999.999,-999.999,-999.999,-999.999,-999.999,-999.999,-999.999,-999.999,-999.999,-999.999,-999.999,-999.999,-999.999,-999.999,-999.999,-999.999,-999.999,-999.999,-999.999,-999.999,-999.999
7,1,transp,5,0.381,0.0,0,7.0,3.0,6.499972151690235,25.0,-3.653824337600329e-09,9.820996187407713e-08,13.171724160465171,4.8127166305665906e-08,0.0,0.0,0.0,0.0,0.0,0.0,0.0,0.0,0.0,0.0,0.0,0.0,0.0,0.0,0.0,0.0,0.0,0.0,0.0,0.0,0.0,0.0,0.0,0.0,0.0,0.0,0.0,0.0,0.0,0.0,0.0,0.0,0.0,0.0,0.0,0.0,0.0,0.0,0.0,0.0,0.0,0.0,0.0,0.0,0.0,0.0,0.0,0.0,0.0,0.0,0.0,0.0,0.0,0.0,0.0,0.0,0.0,0.0,0.0,0.0,0.0,0.0,0.0,0.0,0.0,0.0,0.0,0.0,0.0,0.0,0.0,0.0,0.0,0.0,0.0,0.0,0.0,0.0,0.0,0.0,0.0,0.0,0.0,0.0,0.0,0.0,0.0,0.0,0.0,0.0,0.0,0.0,0.0,0.0,0.0,0.0,0.0,0.0,0.0,0.0,0.0,0.0,0.0,0.0,0.0,0.0,0.0,0.0,0.0,0.0,0.0,0.0,0.0,0.0,0.0,0.0,0.0,0.0,0.0,0.0,0.0,0.0,0.0,0.0,0.0,0.0,0.0,0.0,0.0,0.0,0.0,0.0,0.0,0.0,0.0,0.0,0.0,0.0,0.0,0.0,0.0,0.0,0.0,0.0,0.0,0.0,0.0,0.0,0.0,0.0,0.0,0.0,-999.999,-999.999,-999.999,-999.999,-999.999,-999.999,-999.999,-999.999,-999.999,-999.999,-999.999,-999.999,-999.999,-999.999,-999.999,-999.999,-999.999,-999.999,-999.999,-999.999,-999.999,-999.999,-999.999,-999.999,-999.999,-999.999,-999.999,-999.999,-999.999,-999.999,-999.999,-999.999,-999.999,-999.999,-999.999,-999.999,-999.999,-999.999,-999.999,-999.999,-999.999,-999.999,-999.999,-999.999,-999.999,-999.999,-999.999,-999.999,-999.999,-999.999,-999.999,-999.999,-999.999,-999.999,-999.999,-999.999,-999.999,-999.999,-999.999,-999.999,-999.999,-999.999,-999.999,-999.999,-999.999,-999.999,-999.999
8,1,transp,6,0.4656666666666667,0.0,0,7.0,3.0,6.4439379090032505,25.0,-3.653824337600329e-09,9.820996187407713e-08,13.171724160465171,4.8127166305665906e-08,0.0,0.0,0.0,0.0,0.0,0.0,0.0,0.0,0.0,0.0,0.0,0.0,0.0,0.0,0.0,0.0,0.0,0.0,0.0,0.0,0.0,0.0,0.0,0.0,0.0,0.0,0.0,0.0,0.0,0.0,0.0,0.0,0.0,0.0,0.0,0.0,0.0,0.0,0.0,0.0,0.0,0.0,0.0,0.0,0.0,0.0,0.0,0.0,0.0,0.0,0.0,0.0,0.0,0.0,0.0,0.0,0.0,0.0,0.0,0.0,0.0,0.0,0.0,0.0,0.0,0.0,0.0,0.0,0.0,0.0,0.0,0.0,0.0,0.0,0.0,0.0,0.0,0.0,0.0,0.0,0.0,0.0,0.0,0.0,0.0,0.0,0.0,0.0,0.0,0.0,0.0,0.0,0.0,0.0,0.0,0.0,0.0,0.0,0.0,0.0,0.0,0.0,0.0,0.0,0.0,0.0,0.0,0.0,0.0,0.0,0.0,0.0,0.0,0.0,0.0,0.0,0.0,0.0,0.0,0.0,0.0,0.0,0.0,0.0,0.0,0.0,0.0,0.0,0.0,0.0,0.0,0.0,0.0,0.0,0.0,0.0,0.0,0.0,0.0,0.0,0.0,0.0,0.0,0.0,0.0,0.0,0.0,0.0,0.0,0.0,0.0,0.0,-999.999,-999.999,-999.999,-999.999,-999.999,-999.999,-999.999,-999.999,-999.999,-999.999,-999.999,-999.999,-999.999,-999.999,-999.999,-999.999,-999.999,-999.999,-999.999,-999.999,-999.999,-999.999,-999.999,-999.999,-999.999,-999.999,-999.999,-999.999,-999.999,-999.999,-999.999,-999.999,-999.999,-999.999,-999.999,-999.999,-999.999,-999.999,-999.999,-999.999,-999.999,-999.999,-999.999,-999.999,-999.999,-999.999,-999.999,-999.999,-999.999,-999.999,-999.999,-999.999,-999.999,-999.999,-999.999,-999.999,-999.999,-999.999,-999.999,-999.999,-999.999,-999.999,-999.999,-999.999,-999.999,-999.999,-999.999
9,1,transp,7,0.5503333333333333,0.0,0,7.0,3.0,6.387903666316266,25.0,-3.653824337600329e-09,9.820996187407713e-08,13.171724160465171,4.8127166305665906e-08,0.0,0.0,0.0,0.0,0.0,0.0,0.0,0.0,0.0,0.0,0.0,0.0,0.0,0.0,0.0,0.0,0.0,0.0,0.0,0.0,0.0,0.0,0.0,0.0,0.0,0.0,0.0,0.0,0.0,0.0,0.0,0.0,0.0,0.0,0.0,0.0,0.0,0.0,0.0,0.0,0.0,0.0,0.0,0.0,0.0,0.0,0.0,0.0,0.0,0.0,0.0,0.0,0.0,0.0,0.0,0.0,0.0,0.0,0.0,0.0,0.0,0.0,0.0,0.0,0.0,0.0,0.0,0.0,0.0,0.0,0.0,0.0,0.0,0.0,0.0,0.0,0.0,0.0,0.0,0.0,0.0,0.0,0.0,0.0,0.0,0.0,0.0,0.0,0.0,0.0,0.0,0.0,0.0,0.0,0.0,0.0,0.0,0.0,0.0,0.0,0.0,0.0,0.0,0.0,0.0,0.0,0.0,0.0,0.0,0.0,0.0,0.0,0.0,0.0,0.0,0.0,0.0,0.0,0.0,0.0,0.0,0.0,0.0,0.0,0.0,0.0,0.0,0.0,0.0,0.0,0.0,0.0,0.0,0.0,0.0,0.0,0.0,0.0,0.0,0.0,0.0,0.0,0.0,0.0,0.0,0.0,0.0,0.0,0.0,0.0,0.0,0.0,-999.999,-999.999,-999.999,-999.999,-999.999,-999.999,-999.999,-999.999,-999.999,-999.999,-999.999,-999.999,-999.999,-999.999,-999.999,-999.999,-999.999,-999.999,-999.999,-999.999,-999.999,-999.999,-999.999,-999.999,-999.999,-999.999,-999.999,-999.999,-999.999,-999.999,-999.999,-999.999,-999.999,-999.999,-999.999,-999.999,-999.999,-999.999,-999.999,-999.999,-999.999,-999.999,-999.999,-999.999,-999.999,-999.999,-999.999,-999.999,-999.999,-999.999,-999.999,-999.999,-999.999,-999.999,-999.999,-999.999,-999.999,-999.999,-999.999,-999.999,-999.999,-999.999,-999.999,-999.999,-999.999,-999.999,-999.999
10,1,transp,8,0.635,0.0,0,7.0,3.0,6.331869423629281,25.0,-3.653824337600329e-09,9.820996187407713e-08,13.171724160465171,4.8127166305665906e-08,0.0,0.0,0.0,0.0,0.0,0.0,0.0,0.0,0.0,0.0,0.0,0.0,0.0,0.0,0.0,0.0,0.0,0.0,0.0,0.0,0.0,0.0,0.0,0.0,0.0,0.0,0.0,0.0,0.0,0.0,0.0,0.0,0.0,0.0,0.0,0.0,0.0,0.0,0.0,0.0,0.0,0.0,0.0,0.0,0.0,0.0,0.0,0.0,0.0,0.0,0.0,0.0,0.0,0.0,0.0,0.0,0.0,0.0,0.0,0.0,0.0,0.0,0.0,0.0,0.0,0.0,0.0,0.0,0.0,0.0,0.0,0.0,0.0,0.0,0.0,0.0,0.0,0.0,0.0,0.0,0.0,0.0,0.0,0.0,0.0,0.0,0.0,0.0,0.0,0.0,0.0,0.0,0.0,0.0,0.0,0.0,0.0,0.0,0.0,0.0,0.0,0.0,0.0,0.0,0.0,0.0,0.0,0.0,0.0,0.0,0.0,0.0,0.0,0.0,0.0,0.0,0.0,0.0,0.0,0.0,0.0,0.0,0.0,0.0,0.0,0.0,0.0,0.0,0.0,0.0,0.0,0.0,0.0,0.0,0.0,0.0,0.0,0.0,0.0,0.0,0.0,0.0,0.0,0.0,0.0,0.0,0.0,0.0,0.0,0.0,0.0,0.0,-999.999,-999.999,-999.999,-999.999,-999.999,-999.999,-999.999,-999.999,-999.999,-999.999,-999.999,-999.999,-999.999,-999.999,-999.999,-999.999,-999.999,-999.999,-999.999,-999.999,-999.999,-999.999,-999.999,-999.999,-999.999,-999.999,-999.999,-999.999,-999.999,-999.999,-999.999,-999.999,-999.999,-999.999,-999.999,-999.999,-999.999,-999.999,-999.999,-999.999,-999.999,-999.999,-999.999,-999.999,-999.999,-999.999,-999.999,-999.999,-999.999,-999.999,-999.999,-999.999,-999.999,-999.999,-999.999,-999.999,-999.999,-999.999,-999.999,-999.999,-999.999,-999.999,-999.999,-999.999,-999.999,-999.999,-999.999
11,1,transp,9,0.7196666666666667,0.0,0,7.0,3.0,6.2758351809422965,25.0,-3.653824337600329e-09,9.820996187407713e-08,13.171724160465171,4.8127166305665906e-08,0.0,0.0,0.0,0.0,0.0,0.0,0.0,0.0,0.0,0.0,0.0,0.0,0.0,0.0,0.0,0.0,0.0,0.0,0.0,0.0,0.0,0.0,0.0,0.0,0.0,0.0,0.0,0.0,0.0,0.0,0.0,0.0,0.0,0.0,0.0,0.0,0.0,0.0,0.0,0.0,0.0,0.0,0.0,0.0,0.0,0.0,0.0,0.0,0.0,0.0,0.0,0.0,0.0,0.0,0.0,0.0,0.0,0.0,0.0,0.0,0.0,0.0,0.0,0.0,0.0,0.0,0.0,0.0,0.0,0.0,0.0,0.0,0.0,0.0,0.0,0.0,0.0,0.0,0.0,0.0,0.0,0.0,0.0,0.0,0.0,0.0,0.0,0.0,0.0,0.0,0.0,0.0,0.0,0.0,0.0,0.0,0.0,0.0,0.0,0.0,0.0,0.0,0.0,0.0,0.0,0.0,0.0,0.0,0.0,0.0,0.0,0.0,0.0,0.0,0.0,0.0,0.0,0.0,0.0,0.0,0.0,0.0,0.0,0.0,0.0,0.0,0.0,0.0,0.0,0.0,0.0,0.0,0.0,0.0,0.0,0.0,0.0,0.0,0.0,0.0,0.0,0.0,0.0,0.0,0.0,0.0,0.0,0.0,0.0,0.0,0.0,0.0,-999.999,-999.999,-999.999,-999.999,-999.999,-999.999,-999.999,-999.999,-999.999,-999.999,-999.999,-999.999,-999.999,-999.999,-999.999,-999.999,-999.999,-999.999,-999.999,-999.999,-999.999,-999.999,-999.999,-999.999,-999.999,-999.999,-999.999,-999.999,-999.999,-999.999,-999.999,-999.999,-999.999,-999.999,-999.999,-999.999,-999.999,-999.999,-999.999,-999.999,-999.999,-999.999,-999.999,-999.999,-999.999,-999.999,-999.999,-999.999,-999.999,-999.999,-999.999,-999.999,-999.999,-999.999,-999.999,-999.999,-999.999,-999.999,-999.999,-999.999,-999.999,-999.999,-999.999,-999.999,-999.999,-999.999,-999.999
12,1,transp,10,0.8043333333333333,0.0,0,7.0,3.0,6.219800938255311,25.0,-3.653824337600329e-09,9.820996187407713e-08,13.171724160465171,4.8127166305665906e-08,0.0,0.0,0.0,0.0,0.0,0.0,0.0,0.0,0.0,0.0,0.0,0.0,0.0,0.0,0.0,0.0,0.0,0.0,0.0,0.0,0.0,0.0,0.0,0.0,0.0,0.0,0.0,0.0,0.0,0.0,0.0,0.0,0.0,0.0,0.0,0.0,0.0,0.0,0.0,0.0,0.0,0.0,0.0,0.0,0.0,0.0,0.0,0.0,0.0,0.0,0.0,0.0,0.0,0.0,0.0,0.0,0.0,0.0,0.0,0.0,0.0,0.0,0.0,0.0,0.0,0.0,0.0,0.0,0.0,0.0,0.0,0.0,0.0,0.0,0.0,0.0,0.0,0.0,0.0,0.0,0.0,0.0,0.0,0.0,0.0,0.0,0.0,0.0,0.0,0.0,0.0,0.0,0.0,0.0,0.0,0.0,0.0,0.0,0.0,0.0,0.0,0.0,0.0,0.0,0.0,0.0,0.0,0.0,0.0,0.0,0.0,0.0,0.0,0.0,0.0,0.0,0.0,0.0,0.0,0.0,0.0,0.0,0.0,0.0,0.0,0.0,0.0,0.0,0.0,0.0,0.0,0.0,0.0,0.0,0.0,0.0,0.0,0.0,0.0,0.0,0.0,0.0,0.0,0.0,0.0,0.0,0.0,0.0,0.0,0.0,0.0,0.0,-999.999,-999.999,-999.999,-999.999,-999.999,-999.999,-999.999,-999.999,-999.999,-999.999,-999.999,-999.999,-999.999,-999.999,-999.999,-999.999,-999.999,-999.999,-999.999,-999.999,-999.999,-999.999,-999.999,-999.999,-999.999,-999.999,-999.999,-999.999,-999.999,-999.999,-999.999,-999.999,-999.999,-999.999,-999.999,-999.999,-999.999,-999.999,-999.999,-999.999,-999.999,-999.999,-999.999,-999.999,-999.999,-999.999,-999.999,-999.999,-999.999,-999.999,-999.999,-999.999,-999.999,-999.999,-999.999,-999.999,-999.999,-999.999,-999.999,-999.999,-999.999,-999.999,-999.999,-999.999,-999.999,-999.999,-999.999
13,1,transp,11,0.889,0.0,0,7.0,3.0,6.163766695568326,25.0,-3.653824337600329e-09,9.820996187407713e-08,13.171724160465171,4.8127166305665906e-08,0.0,0.0,0.0,0.0,0.0,0.0,0.0,0.0,0.0,0.0,0.0,0.0,0.0,0.0,0.0,0.0,0.0,0.0,0.0,0.0,0.0,0.0,0.0,0.0,0.0,0.0,0.0,0.0,0.0,0.0,0.0,0.0,0.0,0.0,0.0,0.0,0.0,0.0,0.0,0.0,0.0,0.0,0.0,0.0,0.0,0.0,0.0,0.0,0.0,0.0,0.0,0.0,0.0,0.0,0.0,0.0,0.0,0.0,0.0,0.0,0.0,0.0,0.0,0.0,0.0,0.0,0.0,0.0,0.0,0.0,0.0,0.0,0.0,0.0,0.0,0.0,0.0,0.0,0.0,0.0,0.0,0.0,0.0,0.0,0.0,0.0,0.0,0.0,0.0,0.0,0.0,0.0,0.0,0.0,0.0,0.0,0.0,0.0,0.0,0.0,0.0,0.0,0.0,0.0,0.0,0.0,0.0,0.0,0.0,0.0,0.0,0.0,0.0,0.0,0.0,0.0,0.0,0.0,0.0,0.0,0.0,0.0,0.0,0.0,0.0,0.0,0.0,0.0,0.0,0.0,0.0,0.0,0.0,0.0,0.0,0.0,0.0,0.0,0.0,0.0,0.0,0.0,0.0,0.0,0.0,0.0,0.0,0.0,0.0,0.0,0.0,0.0,-999.999,-999.999,-999.999,-999.999,-999.999,-999.999,-999.999,-999.999,-999.999,-999.999,-999.999,-999.999,-999.999,-999.999,-999.999,-999.999,-999.999,-999.999,-999.999,-999.999,-999.999,-999.999,-999.999,-999.999,-999.999,-999.999,-999.999,-999.999,-999.999,-999.999,-999.999,-999.999,-999.999,-999.999,-999.999,-999.999,-999.999,-999.999,-999.999,-999.999,-999.999,-999.999,-999.999,-999.999,-999.999,-999.999,-999.999,-999.999,-999.999,-999.999,-999.999,-999.999,-999.999,-999.999,-999.999,-999.999,-999.999,-999.999,-999.999,-999.999,-999.999,-999.999,-999.999,-999.999,-999.999,-999.999,-999.999
14,1,transp,12,0.9736666666666667,0.0,0,7.0,3.0,6.107732452881342,25.0,-3.653824337600329e-09,9.820996187407713e-08,13.171724160465171,4.8127166305665906e-08,0.0,0.0,0.0,0.0,0.0,0.0,0.0,0.0,0.0,0.0,0.0,0.0,0.0,0.0,0.0,0.0,0.0,0.0,0.0,0.0,0.0,0.0,0.0,0.0,0.0,0.0,0.0,0.0,0.0,0.0,0.0,0.0,0.0,0.0,0.0,0.0,0.0,0.0,0.0,0.0,0.0,0.0,0.0,0.0,0.0,0.0,0.0,0.0,0.0,0.0,0.0,0.0,0.0,0.0,0.0,0.0,0.0,0.0,0.0,0.0,0.0,0.0,0.0,0.0,0.0,0.0,0.0,0.0,0.0,0.0,0.0,0.0,0.0,0.0,0.0,0.0,0.0,0.0,0.0,0.0,0.0,0.0,0.0,0.0,0.0,0.0,0.0,0.0,0.0,0.0,0.0,0.0,0.0,0.0,0.0,0.0,0.0,0.0,0.0,0.0,0.0,0.0,0.0,0.0,0.0,0.0,0.0,0.0,0.0,0.0,0.0,0.0,0.0,0.0,0.0,0.0,0.0,0.0,0.0,0.0,0.0,0.0,0.0,0.0,0.0,0.0,0.0,0.0,0.0,0.0,0.0,0.0,0.0,0.0,0.0,0.0,0.0,0.0,0.0,0.0,0.0,0.0,0.0,0.0,0.0,0.0,0.0,0.0,0.0,0.0,0.0,0.0,-999.999,-999.999,-999.999,-999.999,-999.999,-999.999,-999.999,-999.999,-999.999,-999.999,-999.999,-999.999,-999.999,-999.999,-999.999,-999.999,-999.999,-999.999,-999.999,-999.999,-999.999,-999.999,-999.999,-999.999,-999.999,-999.999,-999.999,-999.999,-999.999,-999.999,-999.999,-999.999,-999.999,-999.999,-999.999,-999.999,-999.999,-999.999,-999.999,-999.999,-999.999,-999.999,-999.999,-999.999,-999.999,-999.999,-999.999,-999.999,-999.999,-999.999,-999.999,-999.999,-999.999,-999.999,-999.999,-999.999,-999.999,-999.999,-999.999,-999.999,-999.999,-999.999,-999.999,-999.999,-999.999,-999.999,-999.999
15,1,transp,1,0.042333333333333334,200.40436001528005,67,8.22010117267983,0.2658167753078416,6.724109122438175,24.5,4.206467419436585e-05,0.8747072913405177,13.090990922622167,2.722056774045609,5.8615754555752e-09,1.183572111625167e-07,0.0001308275413980311,0.734847019197822,0.751501192970452,0.0,0.020323602786728928,0.00810166720435082,0.07126888822935562,0.0,0.0,3.4568344478754866e-05,3.3796656361428864e-09,2.151705921631375e-09,1.8216722609703566e-09,0.0,2.3213953354915685e-09,0.0,0.0,0.0,0.0,0.0,0.0,0.0,0.0,0.0,0.0,0.0,0.0,0.0,0.0,0.0,0.0,0.0,0.0,0.0,0.0,0.0,0.0,0.0,0.0,0.0,0.0,0.0,0.0,0.0,0.0,0.0,0.0,0.0,0.0,0.0,0.0,0.0,0.0,0.0,0.0,0.0,0.0,0.0,0.0,0.0,0.0,0.0,0.0,0.0,0.0,0.0,0.0,0.0,0.0,0.0,0.0,0.0,0.0,0.0,0.0,0.0,0.0,0.0,0.0,0.0,0.0,0.0,0.0,0.0,0.0,0.0,0.0,0.0,0.0,0.0,0.0,0.0,0.0,0.0,0.0,0.0,0.0,0.0,0.0,0.0,0.0,0.0,0.0,0.0,0.0,0.0,0.0,0.0,0.0,0.0,0.0,0.0,0.0,0.0,0.0,0.0,0.0,0.0,0.0,0.0,0.0,0.0,0.0,0.0,0.0,0.0,0.0,0.0,0.0,0.0,0.0,0.0,0.0,0.0,0.0,0.0,0.0,0.0,0.0,0.0,0.0,0.0,0.0,0.0,0.0,0.0,0.0,0.0,0.0,0.0,-999.999,-1.1597737045901682,-999.999,-3.5690959980421937,-11.349734619882437,-20.56845786696477,-74.50306883279262,-999.999,-999.999,-3.7769014530651113,-999.999,-1.6240311955768938,-99.88327687904027,-1.0142289653453935,-999.999,-999.999,-24.33632965678205,-19.436031216157538,-18.347207264854966,-999.999,-0.41008745519567924,-15.871623845584612,-0.23415353849204346,-24.204282044361925,-999.999,-999.999,-2.2598495172816864,-5.133843570341066,-10.426749221660245,-14.864747751659234,-999.999,-52.13133419055082,-17.44273311406789,-56.21254403643978,-0.8476234313826798,-9.115001599242964,-999.999,-81.92812817434779,-9.817167459836336,-999.999,-999.999,-49.528765772192706,-999.999,-35.01225101164105,-1.877217722287969,-999.999,-46.53778312693043,-8.657137292222773,-2.5186079117770586,-7.1719145828247886,-3.8980144751322796,-17.848843439342325,-18.684145902599077,-999.999,-13.282228985674156,-8.513419502991924,-5.609565467341388,-18.49724751493903,-4.241451181133036,-6.653189488553598,-5.946420808590062,-3.5045563554282575,-999.999,-8.438803091432089,-35.74275463489425,-17.212390084856487,-999.999
16,1,transp,2,0.127,200.40436001528005,67,8.220251053344908,0.2656185739027431,6.66807487975119,24.500000000000007,4.2455229754902426e-05,0.8824186644072669,12.970563849210315,2.7220567740456123,5.915998099486786e-09,1.194561157840268e-07,0.0001320422286017176,0.7416698124823872,0.7584786143367911,0.0,0.020512300212164273,0.008176888303642976,0.07193059451557086,0.0,0.0,3.4889299265814635e-05,3.4110446298707816e-09,2.1716837460342005e-09,1.8385858402000702e-09,0.0,2.34294866576582e-09,0.0,0.0,0.0,0.0,0.0,0.0,0.0,0.0,0.0,0.0,0.0,0.0,0.0,0.0,0.0,0.0,0.0,0.0,0.0,0.0,0.0,0.0,0.0,0.0,0.0,0.0,0.0,0.0,0.0,0.0,0.0,0.0,0.0,0.0,0.0,0.0,0.0,0.0,0.0,0.0,0.0,0.0,0.0,0.0,0.0,0.0,0.0,0.0,0.0,0.0,0.0,0.0,0.0,0.0,0.0,0.0,0.0,0.0,0.0,0.0,0.0,0.0,0.0,0.0,0.0,0.0,0.0,0.0,0.0,0.0,0.0,0.0,0.0,0.0,0.0,0.0,0.0,0.0,0.0,0.0,0.0,0.0,0.0,0.0,0.0,0.0,0.0,0.0,0.0,0.0,0.0,0.0,0.0,0.0,0.0,0.0,0.0,0.0,0.0,0.0,0.0,0.0,0.0,0.0,0.0,0.0,0.0,0.0,0.0,0.0,0.0,0.0,0.0,0.0,0.0,0.0,0.0,0.0,0.0,0.0,0.0,0.0,0.0,0.0,0.0,0.0,0.0,0.0,0.0,0.0,0.0,0.0,0.0,0.0,0.0,-999.999,-1.153892580840494,-999.999,-3.560190525214182,-11.327552416083055,-20.55177486714573,-74.49863603260955,-999.999,-999.999,-3.772931248710502,-999.999,-1.6207454679199849,-99.87973900919421,-1.0083478415957194,-999.999,-999.999,-24.326034655424234,-19.432873520333835,-18.337348692549327,-999.999,-0.4059858254520883,-15.860821339359088,-0.2223350359628702,-24.2008647671717,-999.999,-999.999,-2.2525548569331666,-5.110150310252894,-10.400137490363203,-14.854509005331245,-999.999,-52.12740260567311,-17.432614960395732,-56.20831208485244,-0.8416860526031806,-9.104763483071135,-999.999,-81.9245340494719,-9.810377095328974,-999.999,-999.999,-49.52577145265329,-999.999,-34.99878241972792,-1.8714424764077604,-999.999,-46.53383890482287,-8.646905594104048,-2.5111558437925012,-7.162741663400718,-3.8923947299611754,-17.845199161773962,-18.67380074854878,-999.999,-13.272519098840647,-8.510190030364841,-5.604227893898346,-18.487552318917672,-4.235690650039191,-6.651283828851837,-5.940919858862738,-3.497274332309581,-999.999,-8.42867727118283,-35.74319222909611,-17.20612680257641,-999.999
17,1,transp,3,0.21166666666666667,200.40436001528005,67,8.220398448226105,0.2641762159728032,6.612040637064205,24.500000000000014,4.284974043876102e-05,0.8902010705643386,12.851145938736236,2.722056774045619,5.9709718842976845e-09,1.2056614906886262e-07,0.00013326921700486296,0.7485617005436209,0.7655266964062939,0.0,0.02070290858608136,0.008252871170856211,0.07259900193520154,0.0,0.0,3.521350437842407e-05,3.4427414002735834e-09,2.191863886886876e-09,1.8556707041089358e-09,0.0,2.3647202677185005e-09,0.0,0.0,0.0,0.0,0.0,0.0,0.0,0.0,0.0,0.0,0.0,0.0,0.0,0.0,0.0,0.0,0.0,0.0,0.0,0.0,0.0,0.0,0.0,0.0,0.0,0.0,0.0,0.0,0.0,0.0,0.0,0.0,0.0,0.0,0.0,0.0,0.0,0.0,0.0,0.0,0.0,0.0,0.0,0.0,0.0,0.0,0.0,0.0,0.0,0.0,0.0,0.0,0.0,0.0,0.0,0.0,0.0,0.0,0.0,0.0,0.0,0.0,0.0,0.0,0.0,0.0,0.0,0.0,0.0,0.0,0.0,0.0,0.0,0.0,0.0,0.0,0.0,0.0,0.0,0.0,0.0,0.0,0.0,0.0,0.0,0.0,0.0,0.0,0.0,0.0,0.0,0.0,0.0,0.0,0.0,0.0,0.0,0.0,0.0,0.0,0.0,0.0,0.0,0.0,0.0,0.0,0.0,0.0,0.0,0.0,0.0,0.0,0.0,0.0,0.0,0.0,0.0,0.0,0.0,0.0,0.0,0.0,0.0,0.0,0.0,0.0,0.0,0.0,0.0,0.0,0.0,0.0,0.0,0.0,0.0,-999.999,-1.1480114588856474,-999.999,-3.5512931604926194,-11.310286639369503,-20.53878711613538,-74.49045631772567,-999.999,-999.999,-3.7689572163305995,-999.999,-1.6174630287124323,-99.87370737856759,-1.0024667196408727,-999.999,-999.999,-24.315728028412362,-19.427224148006335,-18.327478920753492,-999.999,-0.4006216398887936,-15.85123675432746,-0.2105181951362587,-24.194954159393234,-999.999,-999.999,-2.2452515558594897,-5.086462031682751,-10.373539900145595,-14.84425697523629,-999.999,-52.12222120874484,-17.422483953148934,-56.202829869579986,-0.8357503337314158,-9.096989408952311,-999.999,-81.91844782192837,-9.803582562219262,-999.999,-999.999,-49.52028637011614,-999.999,-34.98654121274696,-1.8656682855721636,-999.999,-46.528645803483364,-8.636669900096804,-2.5036814584950395,-7.153575280585978,-3.886779804447162,-17.839059751721898,-18.663440939028384,-999.999,-13.262800876035755,-8.506962188074205,-5.598893320032976,-18.477846836912192,-4.229930550932502,-6.649466776286567,-5.935420995207014,-3.4899827356471436,-999.999,-8.418548508294835,-35.74122466785906,-17.19993884187103,-999.999
18,1,transp,4,0.29633333333333334,200.40436001528005,67,8.220543389205316,0.2631272410434278,6.556006394377221,24.50000000000002,4.324822378814961e-05,0.8980546476986885,12.73273719370508,2.72205677404561,6.026499244729308e-09,1.2168736017903482e-07,0.00013450856094927678,0.7555229886147812,0.7726457513298595,0.0,0.020895436350290966,0.008329619171178406,0.0732741400911914,0.0,0.0,3.554097417522942e-05,3.4747573511623634e-09,2.2122472379430634e-09,1.8729276093566197e-09,0.0,2.3867111055871078e-09,0.0,0.0,0.0,0.0,0.0,0.0,0.0,0.0,0.0,0.0,0.0,0.0,0.0,0.0,0.0,0.0,0.0,0.0,0.0,0.0,0.0,0.0,0.0,0.0,0.0,0.0,0.0,0.0,0.0,0.0,0.0,0.0,0.0,0.0,0.0,0.0,0.0,0.0,0.0,0.0,0.0,0.0,0.0,0.0,0.0,0.0,0.0,0.0,0.0,0.0,0.0,0.0,0.0,0.0,0.0,0.0,0.0,0.0,0.0,0.0,0.0,0.0,0.0,0.0,0.0,0.0,0.0,0.0,0.0,0.0,0.0,0.0,0.0,0.0,0.0,0.0,0.0,0.0,0.0,0.0,0.0,0.0,0.0,0.0,0.0,0.0,0.0,0.0,0.0,0.0,0.0,0.0,0.0,0.0,0.0,0.0,0.0,0.0,0.0,0.0,0.0,0.0,0.0,0.0,0.0,0.0,0.0,0.0,0.0,0.0,0.0,0.0,0.0,0.0,0.0,0.0,0.0,0.0,0.0,0.0,0.0,0.0,0.0,0.0,0.0,0.0,0.0,0.0,0.0,0.0,0.0,0.0,0.0,0.0,0.0,-999.999,-1.142130697524544,-999.999,-3.5424044328382323,-11.291452077158112,-20.524630800452044,-74.48344264313718,-999.999,-999.999,-3.764979609209473,-999.999,-1.6141840215060608,-99.86845725108675,-0.9965859582797694,-999.999,-999.999,-24.305410402949672,-19.42235834405483,-18.317598543523918,-999.999,-0.3956486089217801,-15.841249150082373,-0.19870374771026622,-24.189825472904644,-999.999,-999.999,-2.237940051974045,-5.062780212126981,-10.346958102835494,-14.833992274477385,-999.999,-52.11742774542261,-17.41234069338227,-56.197735161565184,-0.829816647666527,-9.088436758116256,-999.999,-81.91314476974375,-9.79678424588473,-999.999,-999.999,-49.51558576327885,-999.999,-34.97389066634126,-1.8598955127500183,-999.999,-46.523841586236955,-8.626430831723717,-2.4962011408889886,-7.144416097602471,-3.881170083999148,-17.833700458286504,-18.65306707231492,-999.999,-13.253074940556036,-8.503736105571617,-5.593562079315418,-18.468131656796835,-4.224171230563641,-6.64773995078074,-5.929924557375239,-3.4826819856858804,-999.999,-8.408417428460705,-35.74012847623351,-17.193828076967403,-999.999
19,1,transp,5,0.381,200.40436001528005,67,8.220685907920723,0.26338906160846276,6.499972151690235,24.50000000000003,4.365069607230319e-05,0.9059795061916729,12.615337614116507,2.722056774045612,6.082582442766804e-09,1.228197947886541e-07,0.00013576031092137736,0.7625539602737262,0.7798360691122002,0.0,0.021089891347682303,0.008407135431047269,0.07395603648624267,0.0,0.0,3.587172199617322e-05,3.5070937867518738e-09,2.2328346295472354e-09,1.890357258945375e-09,0.0,2.408922075199359e-09,0.0,0.0,0.0,0.0,0.0,0.0,0.0,0.0,0.0,0.0,0.0,0.0,0.0,0.0,0.0,0.0,0.0,0.0,0.0,0.0,0.0,0.0,0.0,0.0,0.0,0.0,0.0,0.0,0.0,0.0,0.0,0.0,0.0,0.0,0.0,0.0,0.0,0.0,0.0,0.0,0.0,0.0,0.0,0.0,0.0,0.0,0.0,0.0,0.0,0.0,0.0,0.0,0.0,0.0,0.0,0.0,0.0,0.0,0.0,0.0,0.0,0.0,0.0,0.0,0.0,0.0,0.0,0.0,0.0,0.0,0.0,0.0,0.0,0.0,0.0,0.0,0.0,0.0,0.0,0.0,0.0,0.0,0.0,0.0,0.0,0.0,0.0,0.0,0.0,0.0,0.0,0.0,0.0,0.0,0.0,0.0,0.0,0.0,0.0,0.0,0.0,0.0,0.0,0.0,0.0,0.0,0.0,0.0,0.0,0.0,0.0,0.0,0.0,0.0,0.0,0.0,0.0,0.0,0.0,0.0,0.0,0.0,0.0,0.0,0.0,0.0,0.0,0.0,0.0,0.0,0.0,0.0,0.0,0.0,0.0,-999.999,-1.1362506668756815,-999.999,-3.533524887370838,-11.267415906180656,-20.506581396439216,-74.48034759085672,-999.999,-999.999,-3.7609986884380513,-999.999,-1.6109085962385805,-99.86582364371466,-0.9907059276309069,-999.999,-999.999,-24.295082427301054,-19.420111104983377,-18.30770817507735,-999.999,-0.39199328276667345,-15.829950694552156,-0.1868924475111271,-24.18731371192559,-999.999,-999.999,-2.230620798183284,-5.0391063728272885,-10.320393798500731,-14.82371553773018,-999.999,-52.11393984208626,-17.402185803028104,-56.19394561318214,-0.8238853781162503,-9.0772891035353,-999.999,-81.91045992347024,-9.78998254542668,-999.999,-999.999,-49.5135046219294,-999.999,-34.959914211299534,-1.8541245318846116,-999.999,-46.52034389713375,-8.616189030240534,-2.488724250046328,-7.135264793953845,-3.8755659637992386,-17.83095628376215,-18.642679768415448,-999.999,-13.243341935357304,-8.500511919205552,-5.588234514689193,-18.458407386072267,-4.218413046307816,-6.6461049475841785,-5.924430895027015,-3.4753725176619747,-999.999,-8.39828467676098,-35.74173989631371,-17.1877963676725,-999.999
20,1,transp,6,0.4656666666666667,200.40436001528005,67,8.220826033301469,0.2623578914389589,6.4439379090032505,24.500000000000057,4.4057172096715664e-05,0.9139757274294814,12.498947199970168,2.7220567740456176,6.1392235564755385e-09,1.2396349485811698e-07,0.00013702451330258384,0.7696548760408878,0.7870979161780425,0.0,0.021286280783447215,0.00848542282269304,0.07464471638684075,0.0,0.0,3.620576009654103e-05,3.539751905212528e-09,2.2536268245293616e-09,1.9079602986939656e-09,0.0,2.431353999544088e-09,0.0,0.0,0.0,0.0,0.0,0.0,0.0,0.0,0.0,0.0,0.0,0.0,0.0,0.0,0.0,0.0,0.0,0.0,0.0,0.0,0.0,0.0,0.0,0.0,0.0,0.0,0.0,0.0,0.0,0.0,0.0,0.0,0.0,0.0,0.0,0.0,0.0,0.0,0.0,0.0,0.0,0.0,0.0,0.0,0.0,0.0,0.0,0.0,0.0,0.0,0.0,0.0,0.0,0.0,0.0,0.0,0.0,0.0,0.0,0.0,0.0,0.0,0.0,0.0,0.0,0.0,0.0,0.0,0.0,0.0,0.0,0.0,0.0,0.0,0.0,0.0,0.0,0.0,0.0,0.0,0.0,0.0,0.0,0.0,0.0,0.0,0.0,0.0,0.0,0.0,0.0,0.0,0.0,0.0,0.0,0.0,0.0,0.0,0.0,0.0,0.0,0.0,0.0,0.0,0.0,0.0,0.0,0.0,0.0,0.0,0.0,0.0,0.0,0.0,0.0,0.0,0.0,0.0,0.0,0.0,0.0,0.0,0.0,0.0,0.0,0.0,0.0,0.0,0.0,0.0,0.0,0.0,0.0,0.0,0.0,-999.999,-1.1303717509201177,-999.999,-3.524655092925464,-11.248493171716643,-20.49237527781378,-74.47336014746837,-999.999,-999.999,-3.757014722874196,-999.999,-1.6076369143373697,-99.86059918331061,-0.984827011675343,-999.999,-999.999,-24.28474477149993,-19.415275035729152,-18.297808450472886,-999.999,-0.38702677407600206,-15.81992053051118,-0.17508507555313013,-24.18221148939048,-999.999,-999.999,-2.2232942628967565,-5.015442088864595,-10.293848750534405,-14.813427421975899,-999.999,-52.10915393442864,-17.39201992514275,-56.1888576868432,-0.8179569221138454,-9.068703949152095,-999.999,-81.90518592301936,-9.783177876575529,-999.999,-999.999,-49.50883554373392,-999.999,-34.947216505739036,-1.8483557304151024,-999.999,-46.51554918952235,-8.605945159466199,-2.481225913680504,-7.126122068040194,-3.8699678512550095,-17.825619840522446,-18.63227966982545,-999.999,-13.233602523683746,-8.497289777351163,-5.582910980942202,-18.448674652526503,-4.2126563682211815,-6.644563335928845,-5.918940370221267,-3.468054782329224,-999.999,-8.388150920472713,-35.740852740209895,-17.181845556218395,-999.999
21,1,transp,7,0.5503333333333333,200.40436001528005,67,8.220963801352454,0.2643122779165315,6.387903666316266,24.500000000000398,4.4467665561422455e-05,0.9220433624353548,12.38356595126579,2.722056774045622,6.196424469589677e-09,1.251184984238742e-07,0.00013830121013693508,0.7768259720740083,0.7944315340372793,0.0,0.02148461118898084,0.00856448394974806,0.07534020269666389,0.0,0.0,3.654309958555982e-05,3.5727327926672784e-09,2.2746245143831053e-09,1.9257373140374357e-09,0.0,2.454007624648012e-09,0.0,0.0,0.0,0.0,0.0,0.0,0.0,0.0,0.0,0.0,0.0,0.0,0.0,0.0,0.0,0.0,0.0,0.0,0.0,0.0,0.0,0.0,0.0,0.0,0.0,0.0,0.0,0.0,0.0,0.0,0.0,0.0,0.0,0.0,0.0,0.0,0.0,0.0,0.0,0.0,0.0,0.0,0.0,0.0,0.0,0.0,0.0,0.0,0.0,0.0,0.0,0.0,0.0,0.0,0.0,0.0,0.0,0.0,0.0,0.0,0.0,0.0,0.0,0.0,0.0,0.0,0.0,0.0,0.0,0.0,0.0,0.0,0.0,0.0,0.0,0.0,0.0,0.0,0.0,0.0,0.0,0.0,0.0,0.0,0.0,0.0,0.0,0.0,0.0,0.0,0.0,0.0,0.0,0.0,0.0,0.0,0.0,0.0,0.0,0.0,0.0,0.0,0.0,0.0,0.0,0.0,0.0,0.0,0.0,0.0,0.0,0.0,0.0,0.0,0.0,0.0,0.0,0.0,0.0,0.0,0.0,0.0,0.0,0.0,0.0,0.0,0.0,0.0,0.0,0.0,0.0,0.0,0.0,0.0,0.0,-999.999,-1.1244943389428805,-999.999,-3.515795613947901,-11.21773774684279,-20.469302941878354,-74.47531633189689,-999.999,-999.999,-3.753027990497427,-999.999,-1.6043691292615616,-99.86134117147651,-0.9789495996981059,-999.999,-999.999,-24.274398127847252,-19.41640741446482,-18.28790002609481,-999.999,-0.38506957703864053,-15.806922530360094,-0.16328242289381567,-24.183076093555805,-999.999,-999.999,-2.215960930390078,-4.991788954840956,-10.267324731770529,-14.803128607028146,-999.999,-52.10734879999576,-17.381843726194354,-56.18675018754972,-0.8120316814317394,-9.054208210397285,-999.999,-81.90588008248037,-9.776370662211322,-999.999,-999.999,-49.510135799021064,-999.999,-34.9315199052337,-1.8425895006979935,-999.999,-46.51373625857249,-8.595699897423385,-2.473748315086283,-7.116988628598554,-3.864376157353254,-17.826248415890717,-18.62186744208001,-999.999,-13.223857389499038,-8.494069820980233,-5.577591836086181,-18.438934104699968,-4.206901572243303,-6.643116646950651,-5.913453348813734,-3.4607292463395556,-999.999,-8.378016840690012,-35.74602545137489,-17.175977464269696,-999.999
22,1,transp,8,0.635,200.40436001528005,67,8.221099241668934,0.26626957051682737,6.331869423629281,24.500000000003347,4.4882188387018104e-05,0.9301824304616139,12.269193868003024,2.7220567740456074,6.254186860745253e-09,1.2628483938102345e-07,0.00013959043889077958,0.7840674588183368,0.8018371379045736,0.0,0.02168488838454969,0.008644321132365063,0.07604251582567317,0.0,0.0,3.688375036290051e-05,3.6060374169836517e-09,2.2958283153132557e-09,1.9436888266497906e-09,0.0,2.476883615311582e-09,0.0,0.0,0.0,0.0,0.0,0.0,0.0,0.0,0.0,0.0,0.0,0.0,0.0,0.0,0.0,0.0,0.0,0.0,0.0,0.0,0.0,0.0,0.0,0.0,0.0,0.0,0.0,0.0,0.0,0.0,0.0,0.0,0.0,0.0,0.0,0.0,0.0,0.0,0.0,0.0,0.0,0.0,0.0,0.0,0.0,0.0,0.0,0.0,0.0,0.0,0.0,0.0,0.0,0.0,0.0,0.0,0.0,0.0,0.0,0.0,0.0,0.0,0.0,0.0,0.0,0.0,0.0,0.0,0.0,0.0,0.0,0.0,0.0,0.0,0.0,0.0,0.0,0.0,0.0,0.0,0.0,0.0,0.0,0.0,0.0,0.0,0.0,0.0,0.0,0.0,0.0,0.0,0.0,0.0,0.0,0.0,0.0,0.0,0.0,0.0,0.0,0.0,0.0,0.0,0.0,0.0,0.0,0.0,0.0,0.0,0.0,0.0,0.0,0.0,0.0,0.0,0.0,0.0,0.0,0.0,0.0,0.0,0.0,0.0,0.0,0.0,0.0,0.0,0.0,0.0,0.0,0.0,0.0,0.0,0.0,-999.999,-1.118618837841095,-999.999,-3.50694704979464,-11.186965765480375,-20.44622657463647,-74.4772685590175,-999.999,-999.999,-3.749038776962957,-999.999,-1.6011054135839924,-99.86208452170374,-0.973074098596292,-999.999,-999.999,-24.264043211415,-19.417543129702363,-18.27798358014075,-999.999,-0.383110342323862,-15.793911134453552,-0.1514853152215525,-24.18394242272506,-999.999,-999.999,-2.2086213011717746,-4.9681486340279655,-10.240823600604223,-14.792819796064585,-999.999,-52.105542026879725,-17.371657894172046,-56.1846407315958,-0.8061100748612913,-9.039709929200342,-999.999,-81.90657732723919,-9.76956134615641,-999.999,-999.999,-49.51144026786735,-999.999,-34.91580799261541,-1.8368262522944505,-999.999,-46.51192270994955,-8.58545394884827,-2.46626299977566,-7.107865207006066,-3.858791308877563,-17.82687690931364,-18.61144377431132,-999.999,-13.214107237919922,-8.490852210771207,-5.572277453602867,-18.429186412354962,-4.201149050082711,-6.641766381661778,-5.907970212721337,-3.4533963926281928,-999.999,-8.367883144813199,-35.75129403741575,-17.170193889119147,-999.999
23,1,transp,9,0.7196666666666667,200.40436001528005,67,8.2212323859935,0.2669387429553039,6.2758351809422965,24.500000000025445,4.5300751012296165e-05,0.9383929175448972,12.155830950181558,2.722056774045634,6.312512192352837e-09,1.2746254725862614e-07,0.00014089223220441552,0.7913795196116105,0.8093149152727362,0.0,0.021887117440710546,0.008724936391837388,0.07675167355481663,0.0,0.0,3.722772105305503e-05,3.6396666213578934e-09,2.317238764151152e-09,1.9618152910379095e-09,0.0,2.4999825507020504e-09,0.0,0.0,0.0,0.0,0.0,0.0,0.0,0.0,0.0,0.0,0.0,0.0,0.0,0.0,0.0,0.0,0.0,0.0,0.0,0.0,0.0,0.0,0.0,0.0,0.0,0.0,0.0,0.0,0.0,0.0,0.0,0.0,0.0,0.0,0.0,0.0,0.0,0.0,0.0,0.0,0.0,0.0,0.0,0.0,0.0,0.0,0.0,0.0,0.0,0.0,0.0,0.0,0.0,0.0,0.0,0.0,0.0,0.0,0.0,0.0,0.0,0.0,0.0,0.0,0.0,0.0,0.0,0.0,0.0,0.0,0.0,0.0,0.0,0.0,0.0,0.0,0.0,0.0,0.0,0.0,0.0,0.0,0.0,0.0,0.0,0.0,0.0,0.0,0.0,0.0,0.0,0.0,0.0,0.0,0.0,0.0,0.0,0.0,0.0,0.0,0.0,0.0,0.0,0.0,0.0,0.0,0.0,0.0,0.0,0.0,0.0,0.0,0.0,0.0,0.0,0.0,0.0,0.0,0.0,0.0,0.0,0.0,0.0,0.0,0.0,0.0,0.0,0.0,0.0,0.0,0.0,0.0,0.0,0.0,0.0,-999.999,-1.1127456646649672,-999.999,-3.4981100101785074,-11.161291641063473,-20.426982070690492,-74.47534413303606,-999.999,-999.999,-3.7450473768115238,-999.999,-1.5978459419881101,-99.86024740384381,-0.9672009254201641,-999.999,-999.999,-24.25368076055336,-19.41610032472228,-18.268059813113197,-999.999,-0.3798455388192252,-15.782165368900266,-0.13969459790969596,-24.182228631234373,-999.999,-999.999,-2.2012758923535074,-4.944522828443912,-10.214347253951555,-14.782501716163544,-999.999,-52.10244283607516,-17.361463140634314,-56.18123856893483,-0.8001925307253905,-9.027766284083388,-999.999,-81.90469583842071,-9.762750384927877,-999.999,-999.999,-49.51016708450656,-999.999,-34.90137275805268,-1.8310664044901621,-999.999,-46.50881778215168,-8.575208037935369,-2.458757715247062,-7.09875254981195,-3.8532137408569316,-17.824923476862008,-18.601009379812155,-999.999,-13.204352795652433,-8.487637110134639,-5.566968214921714,-18.419432266948895,-4.195399203269863,-6.640513999768513,-5.902491352418666,-3.446056720803548,-999.999,-8.357750559272207,-35.75407771084383,-17.164496600501117,-999.999
24,1,transp,10,0.8043333333333333,200.40436001528005,67,8.221363267793507,0.2663300103772317,6.219800938255311,24.500000000170324,4.572336229629447e-05,0.9466747750222245,12.0434771978011,2.722056774045627,6.371401699104861e-09,1.2865164698765484e-07,0.0001422066176355863,0.7987623092433004,0.8168650244392955,0.0,0.022091302638462637,0.008806331434714423,0.07746769089629826,0.0,0.0,3.75750189375604e-05,3.673621117688785e-09,2.3388563141358905e-09,1.980117090909529e-09,0.0,2.5233049198022668e-09,0.0,0.0,0.0,0.0,0.0,0.0,0.0,0.0,0.0,0.0,0.0,0.0,0.0,0.0,0.0,0.0,0.0,0.0,0.0,0.0,0.0,0.0,0.0,0.0,0.0,0.0,0.0,0.0,0.0,0.0,0.0,0.0,0.0,0.0,0.0,0.0,0.0,0.0,0.0,0.0,0.0,0.0,0.0,0.0,0.0,0.0,0.0,0.0,0.0,0.0,0.0,0.0,0.0,0.0,0.0,0.0,0.0,0.0,0.0,0.0,0.0,0.0,0.0,0.0,0.0,0.0,0.0,0.0,0.0,0.0,0.0,0.0,0.0,0.0,0.0,0.0,0.0,0.0,0.0,0.0,0.0,0.0,0.0,0.0,0.0,0.0,0.0,0.0,0.0,0.0,0.0,0.0,0.0,0.0,0.0,0.0,0.0,0.0,0.0,0.0,0.0,0.0,0.0,0.0,0.0,0.0,0.0,0.0,0.0,0.0,0.0,0.0,0.0,0.0,0.0,0.0,0.0,0.0,0.0,0.0,0.0,0.0,0.0,0.0,0.0,0.0,0.0,0.0,0.0,0.0,0.0,0.0,0.0,0.0,0.0,-999.999,-1.1068752472144177,-999.999,-3.489285116621371,-11.14067587806824,-20.41153989144472,-74.46957409797588,-999.999,-999.999,-3.74105409360079,-999.999,-1.5945908922195215,-99.85585047864754,-0.9613305079696715,-999.999,-999.999,-24.2433115373961,-19.412099632088918,-18.258129448312804,-999.999,-0.3752856402055169,-15.771675798111726,-0.12791113717930935,-24.177955363938302,-999.999,-999.999,-2.193925238023704,-4.920913281150097,-10.18789763037902,-14.772175118841453,-999.999,-52.09806169887294,-17.351260201173666,-56.17655420058231,-0.7942794874446162,-9.018357495759293,-999.999,-81.9002562874024,-9.755938248466318,-999.999,-999.999,-49.506336871819414,-999.999,-34.88820498250005,-1.8253103868700906,-999.999,-46.50443196388363,-8.564962909138464,-2.451232980548273,-7.089651419322694,-3.847643897066006,-17.820408765819593,-18.590564996602204,-999.999,-13.1945948114295,-8.484424686193185,-5.561664509953158,-18.40967238210911,-4.18965244368047,-6.639360916190301,-5.8970171674892775,-3.438710747541764,-999.999,-8.347619830306346,-35.754398119553535,-17.15888733705267,-999.999
25,1,transp,11,0.889,200.40436001528005,67,8.221491922241327,0.26574939396370156,6.163766695568326,24.500000001010577,4.615002943576471e-05,0.9550279180086135,11.932132610861357,2.722056774045626,6.430856376114569e-09,1.2985215866147932e-07,0.00014353361739473394,0.8062159524675446,0.8244875929857527,0.0,0.022297447428120832,0.008888507636407009,0.07819057994935576,0.0,0.0,3.7925649885044766e-05,3.707901479738162e-09,2.3606813305602557e-09,1.9985945355286204e-09,0.0,2.546851116712886e-09,0.0,0.0,0.0,0.0,0.0,0.0,0.0,0.0,0.0,0.0,0.0,0.0,0.0,0.0,0.0,0.0,0.0,0.0,0.0,0.0,0.0,0.0,0.0,0.0,0.0,0.0,0.0,0.0,0.0,0.0,0.0,0.0,0.0,0.0,0.0,0.0,0.0,0.0,0.0,0.0,0.0,0.0,0.0,0.0,0.0,0.0,0.0,0.0,0.0,0.0,0.0,0.0,0.0,0.0,0.0,0.0,0.0,0.0,0.0,0.0,0.0,0.0,0.0,0.0,0.0,0.0,0.0,0.0,0.0,0.0,0.0,0.0,0.0,0.0,0.0,0.0,0.0,0.0,0.0,0.0,0.0,0.0,0.0,0.0,0.0,0.0,0.0,0.0,0.0,0.0,0.0,0.0,0.0,0.0,0.0,0.0,0.0,0.0,0.0,0.0,0.0,0.0,0.0,0.0,0.0,0.0,0.0,0.0,0.0,0.0,0.0,0.0,0.0,0.0,0.0,0.0,0.0,0.0,0.0,0.0,0.0,0.0,0.0,0.0,0.0,0.0,0.0,0.0,0.0,0.0,0.0,0.0,0.0,0.0,0.0,-999.999,-1.1010080242687266,-999.999,-3.480473002713378,-11.119947341846984,-20.396021767312092,-74.46387693162333,-999.999,-999.999,-3.7370592400904927,-999.999,-1.5913404452114328,-99.85150602703182,-0.9554632850240088,-999.999,-999.999,-24.232936328340884,-19.40815330298151,-18.248193232321032,-999.999,-0.3707498215548988,-15.761150092531473,-0.11613582052765414,-24.17373488556904,-999.999,-999.999,-2.186569889624966,-4.8973217770653665,-10.161476710919015,-14.761840780580563,-999.999,-52.09370490162293,-17.341049835934314,-56.17189394338288,-0.7883713937335921,-9.008897961918766,-999.999,-81.89587096506882,-9.749125420442667,-999.999,-999.999,-49.50256187060978,-999.999,-34.87499967376966,-1.8195586395268237,-999.999,-46.50007155880091,-8.55471932760505,-2.4437022184463775,-7.080562593829137,-3.8420822301526654,-17.81594504408989,-18.580111387985212,-999.999,-13.184834056450564,-8.481215109932506,-5.556366737256008,-18.399907494098553,-4.183909193754642,-6.638308497166721,-5.891548066809208,-3.431359006988486,-999.999,-8.337491724378497,-35.754868472055314,-17.1533678027215,-999.999
26,1,transp,12,0.9736666666666667,200.40436001528005,67,8.221618382486021,0.26386306540802223,6.107732452881342,24.500000005364583,4.658075768025327e-05,0.9634522233071104,11.821797196225726,2.722056774045627,6.490876962912183e-09,1.310640972127355e-07,0.0001448732479878272,0.8137405419969407,0.8321827157258941,0.0,0.022505554373829825,0.008971466019068827,0.07892034970568958,0.0,0.0,3.827961825685264e-05,3.742508133904626e-09,2.3827140848958222e-09,2.0172478547724777e-09,0.0,2.5706214343146302e-09,0.0,0.0,0.0,0.0,0.0,0.0,0.0,0.0,0.0,0.0,0.0,0.0,0.0,0.0,0.0,0.0,0.0,0.0,0.0,0.0,0.0,0.0,0.0,0.0,0.0,0.0,0.0,0.0,0.0,0.0,0.0,0.0,0.0,0.0,0.0,0.0,0.0,0.0,0.0,0.0,0.0,0.0,0.0,0.0,0.0,0.0,0.0,0.0,0.0,0.0,0.0,0.0,0.0,0.0,0.0,0.0,0.0,0.0,0.0,0.0,0.0,0.0,0.0,0.0,0.0,0.0,0.0,0.0,0.0,0.0,0.0,0.0,0.0,0.0,0.0,0.0,0.0,0.0,0.0,0.0,0.0,0.0,0.0,0.0,0.0,0.0,0.0,0.0,0.0,0.0,0.0,0.0,0.0,0.0,0.0,0.0,0.0,0.0,0.0,0.0,0.0,0.0,0.0,0.0,0.0,0.0,0.0,0.0,0.0,0.0,0.0,0.0,0.0,0.0,0.0,0.0,0.0,0.0,0.0,0.0,0.0,0.0,0.0,0.0,0.0,0.0,0.0,0.0,0.0,0.0,0.0,0.0,0.0,0.0,0.0,-999.999,-1.0951444494680047,-999.999,-3.471674325519782,-11.1043902556988,-20.384390942683858,-74.4542515675609,-999.999,-999.999,-3.7330631382490056,-999.999,-1.588094792722348,-99.84454663880979,-0.9495997102235143,-999.999,-999.999,-24.222555945051358,-19.401593896361945,-18.238251936042722,-999.999,-0.36489139186466346,-15.751909772948109,-0.10436956445472267,-24.166899769245617,-999.999,-999.999,-2.1792104167973783,-4.873750158338297,-10.135086541910578,-14.751499503939492,-999.999,-52.088038890382954,-17.33083283002638,-56.16592427465993,-0.7824687124348628,-9.00202975517388,-999.999,-81.88887247059478,-9.742312402594754,-999.999,-999.999,-49.496174628576455,-999.999,-34.863091722778776,-1.8138116169174596,-999.999,-46.494403030148796,-8.544478083525554,-2.436152843879686,-7.071486871743248,-3.836529205378281,-17.808864889477654,-18.56964934369926,-999.999,-13.175071325433906,-8.478008563848629,-5.551075307827711,-18.39013836283909,-4.178169889678441,-6.637358059555613,-5.886084472353645,-3.4240020516390564,-999.999,-8.327367032506528,-35.75282222203523,-17.14793966330933,-999.999
