,sim,state,soln,dist_x,time,step,pH,pe,reaction,temp,mass_H2O,Mn,Fe,B,Cl,Na,S(6),Ca,K,Mg,Sr,Ba,Li,Anhydrite,d_Anhydrite,Aragonite,d_Aragonite,Arcanite,d_Arcanite,Artinite,d_Artinite,Barite,d_Barite,Bischofite,d_Bischofite,Bloedite,d_Bloedite,Brucite,d_Brucite,Burkeite,d_Burkeite,Calcite,d_Calcite,Carnallite,d_Carnallite,Celestite,d_Celestite,Dolomite,d_Dolomite,Epsomite,d_Epsomite,Gaylussite,d_Gaylussite,Glaserite,d_Glaserite,Glauberite,d_Glauberite,Goergeyite,d_Goergeyite,Gypsum,d_Gypsum,Halite,d_Halite,Hexahydrite,d_Hexahydrite,Huntite,d_Huntite,Kainite,d_Kainite,Kieserite,d_Kieserite,Labile_S,d_Labile_S,Leonhardite,d_Leonhardite,Leonite,d_Leonite,Magnesite,d_Magnesite,MgCl2_2H2O,d_MgCl2_2H2O,MgCl2_4H2O,d_MgCl2_4H2O,Mirabilite,d_Mirabilite,Natron,d_Natron,Nesquehonite,d_Nesquehonite,Pentahydrite,d_Pentahydrite,Pirssonite,d_Pirssonite,Polyhalite,d_Polyhalite,Portlandite,d_Portlandite,Schoenite,d_Schoenite,Sylvite,d_Sylvite,Syngenite,d_Syngenite,Thenardite,d_Thenardite,Teepleite,d_Teepleite,si_Anhydrite,si_Aragonite,si_Arcanite,si_Artinite,si_Barite,si_Bischofite,si_Bloedite,si_Brucite,si_Burkeite,si_Calcite,si_Carnallite,si_Celestite,si_Dolomite,si_Epsomite,si_Gaylussite,si_Glaserite,si_Glauberite,si_Goergeyite,si_Gypsum,si_Halite,si_Hexahydrite,si_Huntite,si_Kainite,si_Kieserite,si_Labile_S,si_Leonhardite,si_Leonite,si_Magnesite,si_MgCl2_2H2O,si_MgCl2_4H2O,si_Mirabilite,si_Natron,si_Nesquehonite,si_Pentahydrite,si_Pirssonite,si_Polyhalite,si_Portlandite,si_Schoenite,si_Sylvite,si_Syngenite,si_Thenardite,si_Teepleite
0,1,              i_soln,0,-99.0,-99.0,-99,8.17766196881,0.2679,-99.0,24.5,17.37815355638,5.884153011726e-09,1.188130982531e-07,0.0001313436106501,0.7376712532421,0.7543958175488,0.1044716166382,0.02040086697312,0.008132873122897,0.07154340100122,0.0001000714562405,8.461797758608e-08,3.470149447306e-05,0.0,0.0,0.0,0.0,0.0,0.0,0.0,0.0,0.0,0.0,0.0,0.0,0.0,0.0,0.0,0.0,0.0,0.0,0.0,0.0,0.0,0.0,0.0,0.0,0.0,0.0,0.0,0.0,0.0,0.0,0.0,0.0,0.0,0.0,0.0,0.0,0.0,0.0,0.0,0.0,0.0,0.0,0.0,0.0,0.0,0.0,0.0,0.0,0.0,0.0,0.0,0.0,0.0,0.0,0.0,0.0,0.0,0.0,0.0,0.0,0.0,0.0,0.0,0.0,0.0,0.0,0.0,0.0,0.0,0.0,0.0,0.0,0.0,0.0,0.0,0.0,0.0,0.0,0.0,0.0,0.0,0.0,0.0,0.0,-0.3583184238993,-999.999,-4.908866579354,-999.999,-0.2558525722515,-7.178639936193,-4.451049710694,-2.601255268577,-999.999,-999.999,-9.659904975767,-0.2680602730482,-999.999,-2.218117890268,-999.999,-7.763865969005,-2.020885014137,-0.4268128226714,-0.02648794232904,-2.223320774313,-2.491414454605,-999.999,-6.48789575959,-3.740119809899,-4.482098973539,-3.147290951161,-6.850186748282,-999.999,-17.13109813559,-9.544482566547,-1.619951348136,-999.999,-999.999,-2.761077098986,-999.999,-6.267632770278,-8.913089801411,-6.524759043932,-3.55433273185,-4.989299484785,-2.465869014784,-7.604786346114
1,1,              i_soln,1,-99.0,-99.0,-99,7.0,4.0,-99.0,25.0,17.37815355638,0.0,0.0,0.0,0.0,0.0,0.0,0.0,0.0,0.0,0.0,0.0,0.0,0.0,0.0,0.0,0.0,0.0,0.0,0.0,0.0,0.0,0.0,0.0,0.0,0.0,0.0,0.0,0.0,0.0,0.0,0.0,0.0,0.0,0.0,0.0,0.0,0.0,0.0,0.0,0.0,0.0,0.0,0.0,0.0,0.0,0.0,0.0,0.0,0.0,0.0,0.0,0.0,0.0,0.0,0.0,0.0,0.0,0.0,0.0,0.0,0.0,0.0,0.0,0.0,0.0,0.0,0.0,0.0,0.0,0.0,0.0,0.0,0.0,0.0,0.0,0.0,0.0,0.0,0.0,0.0,0.0,0.0,0.0,0.0,0.0,0.0,0.0,0.0,0.0,0.0,0.0,0.0,0.0,0.0,0.0,0.0,-999.999,-999.999,-999.999,-999.999,-999.999,-999.999,-999.999,-999.999,-999.999,-999.999,-999.999,-999.999,-999.999,-999.999,-999.999,-999.999,-999.999,-999.999,-999.999,-999.999,-999.999,-999.999,-999.999,-999.999,-999.999,-999.999,-999.999,-999.999,-999.999,-999.999,-999.999,-999.999,-999.999,-999.999,-999.999,-999.999,-999.999,-999.999,-999.999,-999.999,-999.999,-999.999
2,1,               react,0,-99.0,0.0,1,8.175968585417,0.2679,9.057149147748,24.5,17.21497995736,5.939926438504e-09,1.199392779467e-07,0.0001325885618332,0.7446633306992,0.76154642016,0.1054618594223,0.02059423826342,0.008209961227624,0.07222153099359,0.0001010199917436,8.542003602486e-08,3.503041543367e-05,0.0,0.0,0.0,0.0,0.0,0.0,0.0,0.0,0.0,0.0,0.0,0.0,0.0,0.0,0.0,0.0,0.0,0.0,0.0,0.0,0.0,0.0,0.0,0.0,0.0,0.0,0.0,0.0,0.0,0.0,0.0,0.0,0.0,0.0,0.0,0.0,0.0,0.0,0.0,0.0,0.0,0.0,0.0,0.0,0.0,0.0,0.0,0.0,0.0,0.0,0.0,0.0,0.0,0.0,0.0,0.0,0.0,0.0,0.0,0.0,0.0,0.0,0.0,0.0,0.0,0.0,0.0,0.0,0.0,0.0,0.0,0.0,0.0,0.0,0.0,0.0,0.0,0.0,0.0,0.0,0.0,0.0,0.0,0.0,-0.3536023561371,-999.999,-4.900877996466,-999.999,-0.2517756208865,-7.167256023482,-4.437677308251,-2.600255465052,-999.999,-999.999,-9.641023778547,-0.2635204719715,-999.999,-2.21385548462,-999.999,-7.747501377678,-2.007405512386,-0.3953594219076,-0.02200291643804,-2.215436064254,-2.487036528021,-999.999,-6.475673985691,-3.735164278638,-4.460087079672,-3.142681982706,-6.837589196939,-999.999,-17.11925213913,-9.532867611964,-1.612343123504,-999.999,-999.999,-2.756583651466,-999.999,-6.245372041539,-8.912444982322,-6.51239253446,-3.546835447341,-4.97671035507,-2.457105580796,-7.590659915217
3,1,              transp,12,0.973667,0.0,0,7.0,4.0,7.900692901189,25.0,17.37815355638,0.0,0.0,0.0,0.0,0.0,0.0,0.0,0.0,0.0,0.0,0.0,0.0,0.0,0.0,0.0,0.0,0.0,0.0,0.0,0.0,0.0,0.0,0.0,0.0,0.0,0.0,0.0,0.0,0.0,0.0,0.0,0.0,0.0,0.0,0.0,0.0,0.0,0.0,0.0,0.0,0.0,0.0,0.0,0.0,0.0,0.0,0.0,0.0,0.0,0.0,0.0,0.0,0.0,0.0,0.0,0.0,0.0,0.0,0.0,0.0,0.0,0.0,0.0,0.0,0.0,0.0,0.0,0.0,0.0,0.0,0.0,0.0,0.0,0.0,0.0,0.0,0.0,0.0,0.0,0.0,0.0,0.0,0.0,0.0,0.0,0.0,0.0,0.0,0.0,0.0,0.0,0.0,0.0,0.0,0.0,0.0,-999.999,-999.999,-999.999,-999.999,-999.999,-999.999,-999.999,-999.999,-999.999,-999.999,-999.999,-999.999,-999.999,-999.999,-999.999,-999.999,-999.999,-999.999,-999.999,-999.999,-999.999,-999.999,-999.999,-999.999,-999.999,-999.999,-999.999,-999.999,-999.999,-999.999,-999.999,-999.999,-999.999,-999.999,-999.999,-999.999,-999.999,-999.999,-999.999,-999.999,-999.999,-999.999
4,1,              transp,12,0.973667,3.94633,1,7.000021768484,4.0,7.900692901189,25.0,17.23518333398,0.0,0.0,0.0,0.0,0.0,0.0,0.0,0.0,0.0,0.0,0.0,0.0,0.0,0.0,0.0,0.0,0.0,0.0,0.0,0.0,0.0,0.0,0.0,0.0,0.0,0.0,0.0,0.0,0.0,0.0,0.0,0.0,0.0,0.0,0.0,0.0,0.0,0.0,0.0,0.0,0.0,0.0,0.0,0.0,0.0,0.0,0.0,0.0,0.0,0.0,0.0,0.0,0.0,0.0,0.0,0.0,0.0,0.0,0.0,0.0,0.0,0.0,0.0,0.0,0.0,0.0,0.0,0.0,0.0,0.0,0.0,0.0,0.0,0.0,0.0,0.0,0.0,0.0,0.0,0.0,0.0,0.0,0.0,0.0,0.0,0.0,0.0,0.0,0.0,0.0,0.0,0.0,0.0,0.0,0.0,0.0,-999.999,-999.999,-999.999,-999.999,-999.999,-999.999,-999.999,-999.999,-999.999,-999.999,-999.999,-999.999,-999.999,-999.999,-999.999,-999.999,-999.999,-999.999,-999.999,-999.999,-999.999,-999.999,-999.999,-999.999,-999.999,-999.999,-999.999,-999.999,-999.999,-999.999,-999.999,-999.999,-999.999,-999.999,-999.999,-999.999,-999.999,-999.999,-999.999,-999.999,-999.999,-999.999
5,1,              transp,12,0.973667,7.89266,2,7.000044196828,4.0,7.900692901189,25.0,17.09031905462,0.0,0.0,0.0,0.0,0.0,0.0,0.0,0.0,0.0,0.0,0.0,0.0,0.0,0.0,0.0,0.0,0.0,0.0,0.0,0.0,0.0,0.0,0.0,0.0,0.0,0.0,0.0,0.0,0.0,0.0,0.0,0.0,0.0,0.0,0.0,0.0,0.0,0.0,0.0,0.0,0.0,0.0,0.0,0.0,0.0,0.0,0.0,0.0,0.0,0.0,0.0,0.0,0.0,0.0,0.0,0.0,0.0,0.0,0.0,0.0,0.0,0.0,0.0,0.0,0.0,0.0,0.0,0.0,0.0,0.0,0.0,0.0,0.0,0.0,0.0,0.0,0.0,0.0,0.0,0.0,0.0,0.0,0.0,0.0,0.0,0.0,0.0,0.0,0.0,0.0,0.0,0.0,0.0,0.0,0.0,0.0,-999.999,-999.999,-999.999,-999.999,-999.999,-999.999,-999.999,-999.999,-999.999,-999.999,-999.999,-999.999,-999.999,-999.999,-999.999,-999.999,-999.999,-999.999,-999.999,-999.999,-999.999,-999.999,-999.999,-999.999,-999.999,-999.999,-999.999,-999.999,-999.999,-999.999,-999.999,-999.999,-999.999,-999.999,-999.999,-999.999,-999.999,-999.999,-999.999,-999.999,-999.999,-999.999
6,1,              transp,12,0.973667,11.839,3,7.000067309483,4.0,7.900692901189,25.0,16.9435607105,0.0,0.0,0.0,0.0,0.0,0.0,0.0,0.0,0.0,0.0,0.0,0.0,0.0,0.0,0.0,0.0,0.0,0.0,0.0,0.0,0.0,0.0,0.0,0.0,0.0,0.0,0.0,0.0,0.0,0.0,0.0,0.0,0.0,0.0,0.0,0.0,0.0,0.0,0.0,0.0,0.0,0.0,0.0,0.0,0.0,0.0,0.0,0.0,0.0,0.0,0.0,0.0,0.0,0.0,0.0,0.0,0.0,0.0,0.0,0.0,0.0,0.0,0.0,0.0,0.0,0.0,0.0,0.0,0.0,0.0,0.0,0.0,0.0,0.0,0.0,0.0,0.0,0.0,0.0,0.0,0.0,0.0,0.0,0.0,0.0,0.0,0.0,0.0,0.0,0.0,0.0,0.0,0.0,0.0,0.0,0.0,-999.999,-999.999,-999.999,-999.999,-999.999,-999.999,-999.999,-999.999,-999.999,-999.999,-999.999,-999.999,-999.999,-999.999,-999.999,-999.999,-999.999,-999.999,-999.999,-999.999,-999.999,-999.999,-999.999,-999.999,-999.999,-999.999,-999.999,-999.999,-999.999,-999.999,-999.999,-999.999,-999.999,-999.999,-999.999,-999.999,-999.999,-999.999,-999.999,-999.999,-999.999,-999.999
7,1,              transp,12,0.973667,15.7853,4,7.000091132202,4.0,7.900692901189,25.0,16.79490830163,0.0,0.0,0.0,0.0,0.0,0.0,0.0,0.0,0.0,0.0,0.0,0.0,0.0,0.0,0.0,0.0,0.0,0.0,0.0,0.0,0.0,0.0,0.0,0.0,0.0,0.0,0.0,0.0,0.0,0.0,0.0,0.0,0.0,0.0,0.0,0.0,0.0,0.0,0.0,0.0,0.0,0.0,0.0,0.0,0.0,0.0,0.0,0.0,0.0,0.0,0.0,0.0,0.0,0.0,0.0,0.0,0.0,0.0,0.0,0.0,0.0,0.0,0.0,0.0,0.0,0.0,0.0,0.0,0.0,0.0,0.0,0.0,0.0,0.0,0.0,0.0,0.0,0.0,0.0,0.0,0.0,0.0,0.0,0.0,0.0,0.0,0.0,0.0,0.0,0.0,0.0,0.0,0.0,0.0,0.0,0.0,-999.999,-999.999,-999.999,-999.999,-999.999,-999.999,-999.999,-999.999,-999.999,-999.999,-999.999,-999.999,-999.999,-999.999,-999.999,-999.999,-999.999,-999.999,-999.999,-999.999,-999.999,-999.999,-999.999,-999.999,-999.999,-999.999,-999.999,-999.999,-999.999,-999.999,-999.999,-999.999,-999.999,-999.999,-999.999,-999.999,-999.999,-999.999,-999.999,-999.999,-999.999,-999.999
8,1,              transp,12,0.973667,19.7316,5,7.000115692146,4.0,7.900692901189,25.0,16.64436182801,0.0,0.0,0.0,0.0,0.0,0.0,0.0,0.0,0.0,0.0,0.0,0.0,0.0,0.0,0.0,0.0,0.0,0.0,0.0,0.0,0.0,0.0,0.0,0.0,0.0,0.0,0.0,0.0,0.0,0.0,0.0,0.0,0.0,0.0,0.0,0.0,0.0,0.0,0.0,0.0,0.0,0.0,0.0,0.0,0.0,0.0,0.0,0.0,0.0,0.0,0.0,0.0,0.0,0.0,0.0,0.0,0.0,0.0,0.0,0.0,0.0,0.0,0.0,0.0,0.0,0.0,0.0,0.0,0.0,0.0,0.0,0.0,0.0,0.0,0.0,0.0,0.0,0.0,0.0,0.0,0.0,0.0,0.0,0.0,0.0,0.0,0.0,0.0,0.0,0.0,0.0,0.0,0.0,0.0,0.0,0.0,-999.999,-999.999,-999.999,-999.999,-999.999,-999.999,-999.999,-999.999,-999.999,-999.999,-999.999,-999.999,-999.999,-999.999,-999.999,-999.999,-999.999,-999.999,-999.999,-999.999,-999.999,-999.999,-999.999,-999.999,-999.999,-999.999,-999.999,-999.999,-999.999,-999.999,-999.999,-999.999,-999.999,-999.999,-999.999,-999.999,-999.999,-999.999,-999.999,-999.999,-999.999,-999.999
9,1,              transp,12,0.973667,23.678,6,7.000141017963,4.0,7.900692901189,25.0,16.49192128964,0.0,0.0,0.0,0.0,0.0,0.0,0.0,0.0,0.0,0.0,0.0,0.0,0.0,0.0,0.0,0.0,0.0,0.0,0.0,0.0,0.0,0.0,0.0,0.0,0.0,0.0,0.0,0.0,0.0,0.0,0.0,0.0,0.0,0.0,0.0,0.0,0.0,0.0,0.0,0.0,0.0,0.0,0.0,0.0,0.0,0.0,0.0,0.0,0.0,0.0,0.0,0.0,0.0,0.0,0.0,0.0,0.0,0.0,0.0,0.0,0.0,0.0,0.0,0.0,0.0,0.0,0.0,0.0,0.0,0.0,0.0,0.0,0.0,0.0,0.0,0.0,0.0,0.0,0.0,0.0,0.0,0.0,0.0,0.0,0.0,0.0,0.0,0.0,0.0,0.0,0.0,0.0,0.0,0.0,0.0,0.0,-999.999,-999.999,-999.999,-999.999,-999.999,-999.999,-999.999,-999.999,-999.999,-999.999,-999.999,-999.999,-999.999,-999.999,-999.999,-999.999,-999.999,-999.999,-999.999,-999.999,-999.999,-999.999,-999.999,-999.999,-999.999,-999.999,-999.999,-999.999,-999.999,-999.999,-999.999,-999.999,-999.999,-999.999,-999.999,-999.999,-999.999,-999.999,-999.999,-999.999,-999.999,-999.999
10,1,              transp,12,0.973667,27.6243,7,7.000167139901,4.0,7.900692901189,25.0,16.33758668652,0.0,0.0,0.0,0.0,0.0,0.0,0.0,0.0,0.0,0.0,0.0,0.0,0.0,0.0,0.0,0.0,0.0,0.0,0.0,0.0,0.0,0.0,0.0,0.0,0.0,0.0,0.0,0.0,0.0,0.0,0.0,0.0,0.0,0.0,0.0,0.0,0.0,0.0,0.0,0.0,0.0,0.0,0.0,0.0,0.0,0.0,0.0,0.0,0.0,0.0,0.0,0.0,0.0,0.0,0.0,0.0,0.0,0.0,0.0,0.0,0.0,0.0,0.0,0.0,0.0,0.0,0.0,0.0,0.0,0.0,0.0,0.0,0.0,0.0,0.0,0.0,0.0,0.0,0.0,0.0,0.0,0.0,0.0,0.0,0.0,0.0,0.0,0.0,0.0,0.0,0.0,0.0,0.0,0.0,0.0,0.0,-999.999,-999.999,-999.999,-999.999,-999.999,-999.999,-999.999,-999.999,-999.999,-999.999,-999.999,-999.999,-999.999,-999.999,-999.999,-999.999,-999.999,-999.999,-999.999,-999.999,-999.999,-999.999,-999.999,-999.999,-999.999,-999.999,-999.999,-999.999,-999.999,-999.999,-999.999,-999.999,-999.999,-999.999,-999.999,-999.999,-999.999,-999.999,-999.999,-999.999,-999.999,-999.999
11,1,              transp,12,0.973667,31.5706,8,7.000194089911,4.0,7.900692901189,25.0,16.18135801865,0.0,0.0,0.0,6.722834474292e-26,6.875255321632001e-26,0.0,0.0,0.0,0.0,0.0,0.0,0.0,0.0,0.0,0.0,0.0,0.0,0.0,0.0,0.0,0.0,0.0,0.0,0.0,0.0,0.0,0.0,0.0,0.0,0.0,0.0,0.0,0.0,0.0,0.0,0.0,0.0,0.0,0.0,0.0,0.0,0.0,0.0,0.0,0.0,0.0,0.0,0.0,0.0,0.0,0.0,0.0,0.0,0.0,0.0,0.0,0.0,0.0,0.0,0.0,0.0,0.0,0.0,0.0,0.0,0.0,0.0,0.0,0.0,0.0,0.0,0.0,0.0,0.0,0.0,0.0,0.0,0.0,0.0,0.0,0.0,0.0,0.0,0.0,0.0,0.0,0.0,0.0,0.0,0.0,0.0,0.0,0.0,0.0,0.0,0.0,-999.999,-999.999,-999.999,-999.999,-999.999,-999.999,-999.999,-999.999,-999.999,-999.999,-999.999,-999.999,-999.999,-999.999,-999.999,-999.999,-999.999,-999.999,-999.999,-51.91708732237,-999.999,-999.999,-999.999,-999.999,-999.999,-999.999,-999.999,-999.999,-999.999,-999.999,-999.999,-999.999,-999.999,-999.999,-999.999,-999.999,-999.999,-999.999,-999.999,-999.999,-999.999,-999.999
12,1,              transp,12,0.973667,35.517,9,7.00022190177,4.0,7.900692901189,25.0,16.02323528603,0.0,4.353586587228e-26,7.636202899345e-23,4.288756302606e-19,4.385991460221e-19,6.073834581001e-20,1.1860345044059999e-20,4.728381472207e-21,4.1594709490139997e-20,5.818067204424e-23,1.483119775619e-26,2.017514610703e-23,0.0,0.0,0.0,0.0,0.0,0.0,0.0,0.0,0.0,0.0,0.0,0.0,0.0,0.0,0.0,0.0,0.0,0.0,0.0,0.0,0.0,0.0,0.0,0.0,0.0,0.0,0.0,0.0,0.0,0.0,0.0,0.0,0.0,0.0,0.0,0.0,0.0,0.0,0.0,0.0,0.0,0.0,0.0,0.0,0.0,0.0,0.0,0.0,0.0,0.0,0.0,0.0,0.0,0.0,0.0,0.0,0.0,0.0,0.0,0.0,0.0,0.0,0.0,0.0,0.0,0.0,0.0,0.0,0.0,0.0,0.0,0.0,0.0,0.0,0.0,0.0,0.0,0.0,0.0,0.0,0.0,0.0,0.0,0.0,-34.89248658249,-999.999,-57.98861119747,-999.999,-35.20281513265,-60.70994600063,-92.18518272454,-22.49067583292,-999.999,-999.999,-99.23418108885,-34.79511380158,-999.999,-36.75090642005,-999.999,-113.9658198421,-89.72688445285,-226.2182518544,-34.54321762513,-38.30752942074,-37.03095696442,-999.999,-77.0990852765,-38.33144786052,-145.3384943129,-37.71180570519,-94.48789326016,-999.999,-70.67406095878,-63.09551779599,-54.69338367968,-999.999,-999.999,-37.31380570677,-999.999,-163.0103737992,-28.72561040509,-94.13889326331,-39.59462611084,-92.58182782761,-55.63311347343,-81.04341875031
13,1,              transp,12,0.973667,39.4633,10,7.000250611329,3.999999999995,7.900692901189,25.0,15.86321848866,9.186728343487e-21,1.854988568659e-19,2.05062319817e-16,1.1517010825690001e-12,1.177812576995e-12,1.6307735812279998e-13,3.18205506831e-14,1.2697578682739999e-14,1.11698283246e-13,1.56238167428e-16,1.3211117581620001e-19,5.417826514959e-17,0.0,0.0,0.0,0.0,0.0,0.0,0.0,0.0,0.0,0.0,0.0,0.0,0.0,0.0,0.0,0.0,0.0,0.0,0.0,0.0,0.0,0.0,0.0,0.0,0.0,0.0,0.0,0.0,0.0,0.0,0.0,0.0,0.0,0.0,0.0,0.0,0.0,0.0,0.0,0.0,0.0,0.0,0.0,0.0,0.0,0.0,0.0,0.0,0.0,0.0,0.0,0.0,0.0,0.0,0.0,0.0,0.0,0.0,0.0,0.0,0.0,0.0,0.0,0.0,0.0,0.0,0.0,0.0,0.0,0.0,0.0,0.0,0.0,0.0,0.0,0.0,0.0,0.0,0.0,0.0,0.0,0.0,0.0,0.0,-22.03494551929,-999.999,-38.7016636872,-999.999,-21.82412110466,-41.42292079545,-60.04029611603,-16.06161001723,-999.999,-999.999,-67.08913907507,-21.93717470291,-999.999,-23.89296732181,-999.999,-75.39192482157,-57.58239587937,-142.6435990281,-21.68567656193,-25.44951261213,-24.17301786619,-999.999,-51.38312936966,-25.47350876229,-93.90705822915,-24.85386660696,-62.34300665165,-999.999,-51.3870357536,-43.80849259081,-35.40643616941,-999.999,-999.999,-24.45586660854,-999.999,-105.1504050642,-22.29694262444,-61.9940066548,-26.73660930223,-60.43733925413,-36.34616596316,-55.3273565859
14,1,              transp,12,0.973667,43.4096,11,7.000444752465,3.99999291174,7.900692901189,24.99999999977,15.70130772172,1.2369101485389999e-14,2.4975748712809997e-13,2.760979271548e-10,1.550661679941e-06,1.585818453191e-06,2.19269754295e-07,4.254429652949e-08,1.70961449888e-08,1.503916682366e-07,2.103606067963e-10,1.778757877597e-13,7.294614976459001e-11,0.0,0.0,0.0,0.0,0.0,0.0,0.0,0.0,0.0,0.0,0.0,0.0,0.0,0.0,0.0,0.0,0.0,0.0,0.0,0.0,0.0,0.0,0.0,0.0,0.0,0.0,0.0,0.0,0.0,0.0,0.0,0.0,0.0,0.0,0.0,0.0,0.0,0.0,0.0,0.0,0.0,0.0,0.0,0.0,0.0,0.0,0.0,0.0,0.0,0.0,0.0,0.0,0.0,0.0,0.0,0.0,0.0,0.0,0.0,0.0,0.0,0.0,0.0,0.0,0.0,0.0,0.0,0.0,0.0,0.0,0.0,0.0,0.0,0.0,0.0,0.0,0.0,0.0,0.0,0.0,0.0,0.0,0.0,0.0,-9.785410498444,-999.999,-20.31860251308,-999.999,-9.571531477793,-23.03926589612,-29.40464939574,-9.934634324313,-999.999,-999.999,-36.44841870043,-9.684593663961,-999.999,-11.64038222684,-999.999,-38.62580228956,-26.94979931686,-63.01286277762,-9.436141596843,-13.19244695305,-11.92043274334,-999.999,-26.87347868786,-13.22092350003,-44.89140018073,-12.60128142835,-31.70736029892,-999.999,-33.00338074276,-25.42483763572,-17.02337490654,-999.999,-999.999,-12.2032814578,-999.999,-50.01568861405,-16.17301720081,-31.35836035783,-14.47954382693,-29.80474308706,-17.96310442149,-30.81239251535
15,1,              transp,12,0.973667,47.356,12,8.155165862174,0.2679073964447,7.900692901189,24.99987792829,15.59187242015,6.558257352081e-09,1.324246452443e-07,0.0001463906867289,0.8221808491969,0.8408214244173,0.115277777637,0.02157565755502,0.00906459686643,0.0797396047779,0.0001115359104894,9.431203990156e-08,3.867699069045e-05,0.0,0.0,0.0,0.0,0.0,0.0,0.0,0.0,0.0,0.0,0.0,0.0,0.0,0.0,0.0,0.0,0.0,0.0,0.0,0.0,0.0,0.0,0.0,0.0,0.0,0.0,0.0,0.0,0.0,0.0,0.0,0.0,0.0,0.0,0.0,0.0,0.002095030240336,0.002095030240336,0.0,0.0,0.0,0.0,0.0,0.0,0.0,0.0,0.0,0.0,0.0,0.0,0.0,0.0,0.0,0.0,0.0,0.0,0.0,0.0,0.0,0.0,0.0,0.0,0.0,0.0,0.0,0.0,0.0,0.0,0.0,0.0,0.0,0.0,0.0,0.0,0.0,0.0,0.0,0.0,0.0,0.0,0.0,0.0,0.0,0.0,-0.3229059016751,-999.999,-4.826006714786,-999.999,-0.215962112576,-7.04055875694,-4.302515545904,-2.568172878215,-999.999,-999.999,-9.44289408551,-0.2155462845601,-999.999,-2.175891745726,-999.999,-7.587860430791,-1.889196677676,-0.2209134392883,0.0,-2.132879523402,-2.442761240377,-999.999,-6.349444590513,-3.677342511954,-4.259063454619,-3.097245088604,-6.71072975215,-999.999,-16.95195326089,-9.399766940084,-1.557094600529,-999.999,-999.999,-2.712427365556,-999.999,-6.067681170477,-8.90081633905,-6.388094306054,-3.472727003436,-4.862827268504,-2.365007491032,-7.443033357677
16,1,              transp,12,0.973667,51.3023,13,8.155171468844,0.2679006163791,7.900692901189,24.9991455033,15.59187212668,6.558269389863e-09,1.324248883118e-07,0.0001463909554313,0.8221823583225,0.840822967758,0.1152778207241,0.02157552865052,0.009064613504636,0.07973975114117,0.0001115361152153,9.431221301276e-08,3.867706168265e-05,0.0,0.0,0.0,0.0,0.0,0.0,0.0,0.0,0.0,0.0,0.0,0.0,0.0,0.0,0.0,0.0,0.0,0.0,0.0,0.0,0.0,0.0,0.0,0.0,0.0,0.0,0.0,0.0,0.0,0.0,0.0,0.0,0.0,0.0,0.0,0.0,0.005239872492345,0.003144842252009,0.0,0.0,0.0,0.0,0.0,0.0,0.0,0.0,0.0,0.0,0.0,0.0,0.0,0.0,0.0,0.0,0.0,0.0,0.0,0.0,0.0,0.0,0.0,0.0,0.0,0.0,0.0,0.0,0.0,0.0,0.0,0.0,0.0,0.0,0.0,0.0,0.0,0.0,0.0,0.0,0.0,0.0,0.0,0.0,0.0,0.0,-0.3229148148961,-999.999,-4.825993418457,-999.999,-0.2159511115877,-7.040562952909,-4.302507647442,-2.568198724908,-999.999,-999.999,-9.44288413592,-0.2155461916138,-999.999,-2.175882509404,-999.999,-7.587842108937,-1.889198517353,-0.2208679154243,0.0,-2.132875498141,-2.442759329371,-999.999,-6.349438191294,-3.677350972092,-4.259055041098,-3.097241069721,-6.71072198457,-999.999,-16.95200922622,-9.399776710099,-1.557059381435,-999.999,-999.999,-2.712423375252,-999.999,-6.067671922694,-8.900854340472,-6.388086595632,-3.472716771372,-4.862836888143,-2.365007089264,-7.443024694407
17,1,              transp,12,0.973667,55.2486,14,8.155189714755,0.2679006163721,7.900692901189,24.99676512644,15.59187210851,6.558269397515e-09,1.324248884663e-07,0.0001463909556021,0.8221823592818,0.8408229687391,0.1152777885269,0.0215754963439,0.009064613515213,0.07973975123421,0.0001115361153454,9.431221312282e-08,3.867706172778e-05,0.0,0.0,0.0,0.0,0.0,0.0,0.0,0.0,0.0,0.0,0.0,0.0,0.0,0.0,0.0,0.0,0.0,0.0,0.0,0.0,0.0,0.0,0.0,0.0,0.0,0.0,0.0,0.0,0.0,0.0,0.0,0.0,0.0,0.0,0.0,0.0,0.00838165632881,0.003141783836465,0.0,0.0,0.0,0.0,0.0,0.0,0.0,0.0,0.0,0.0,0.0,0.0,0.0,0.0,0.0,0.0,0.0,0.0,0.0,0.0,0.0,0.0,0.0,0.0,0.0,0.0,0.0,0.0,0.0,0.0,0.0,0.0,0.0,0.0,0.0,0.0,0.0,0.0,0.0,0.0,0.0,0.0,0.0,0.0,0.0,0.0,-0.3229440169845,-999.999,-4.825967692402,-999.999,-0.2159249589427,-7.040589034336,-4.3025099291,-2.568285081659,-999.999,-999.999,-9.442874279404,-0.2155584483484,-999.999,-2.175862234735,-999.999,-7.587817723174,-1.889222586623,-0.2207384981869,0.0,-2.132872636314,-2.442762979224,-999.999,-6.349437641233,-3.677388911833,-4.259063411972,-3.097238102861,-6.710724322438,-999.999,-16.95220402755,-9.399821140984,-1.556961604782,-999.999,-999.999,-2.712420384336,-999.999,-6.067670152577,-8.900969872477,-6.388088885388,-3.472693552416,-4.862885757816,-2.365023640634,-7.443014056708
18,1,              transp,12,0.973667,59.1949,15,8.155232860192,0.2679006163721,7.900692901189,24.99121091906,15.59187193315,6.558269471276e-09,1.324248899557e-07,0.0001463909572485,0.822182368529,0.8408229781958,0.115277477681,0.0215751844442,0.009064613617164,0.07973975213105,0.0001115361165999,9.431221418356e-08,3.867706216279e-05,0.0,0.0,0.0,0.0,0.0,0.0,0.0,0.0,0.0,0.0,0.0,0.0,0.0,0.0,0.0,0.0,0.0,0.0,0.0,0.0,0.0,0.0,0.0,0.0,0.0,0.0,0.0,0.0,0.0,0.0,0.0,0.0,0.0,0.0,0.0,0.0,0.01152058543796,0.00313892910915,0.0,0.0,0.0,0.0,0.0,0.0,0.0,0.0,0.0,0.0,0.0,0.0,0.0,0.0,0.0,0.0,0.0,0.0,0.0,0.0,0.0,0.0,0.0,0.0,0.0,0.0,0.0,0.0,0.0,0.0,0.0,0.0,0.0,0.0,0.0,0.0,0.0,0.0,0.0,0.0,0.0,0.0,0.0,0.0,0.0,0.0,-0.3230121120314,-999.999,-4.825899797119,-999.999,-0.2158595310862,-7.04064678656,-4.302502921486,-2.568485796185,-999.999,-999.999,-9.442844943899,-0.215580960148,-999.999,-2.17581043583,-999.999,-7.587745140943,-1.889270924469,-0.2204284294543,0.0,-2.132862773265,-2.442766983822,-999.999,-6.34942855146,-3.677472808219,-4.259067397311,-3.097226623607,-6.710717359167,-999.999,-16.95265538156,-9.399921663508,-1.556725893735,-999.999,-999.999,-2.712408871385,-999.999,-6.067653475607,-8.901243268843,-6.388081854723,-3.472636143196,-4.86299190874,-2.3650544855,-7.442984085553
19,1,              transp,12,0.973667,63.1413,16,8.155313727059,0.2679006163721,7.900692901189,24.98079678637,15.59187160424,6.558269609623e-09,1.324248927492e-07,0.0001463909603367,0.8221823858729,0.840822995933,0.1152768946581,0.02157459944463,0.009064613808382,0.07973975381316,0.0001115361189527,9.431221617309e-08,3.867706297868e-05,0.0,0.0,0.0,0.0,0.0,0.0,0.0,0.0,0.0,0.0,0.0,0.0,0.0,0.0,0.0,0.0,0.0,0.0,0.0,0.0,0.0,0.0,0.0,0.0,0.0,0.0,0.0,0.0,0.0,0.0,0.0,0.0,0.0,0.0,0.0,0.0,0.01465511661829,0.003134531180326,0.0,0.0,0.0,0.0,0.0,0.0,0.0,0.0,0.0,0.0,0.0,0.0,0.0,0.0,0.0,0.0,0.0,0.0,0.0,0.0,0.0,0.0,0.0,0.0,0.0,0.0,0.0,0.0,0.0,0.0,0.0,0.0,0.0,0.0,0.0,0.0,0.0,0.0,0.0,0.0,0.0,0.0,0.0,0.0,0.0,0.0,-0.3231397969189,-999.999,-4.825772480138,-999.999,-0.2157368503378,-7.04075507699,-4.302489800314,-2.568862247209,-999.999,-999.999,-9.442789928186,-0.2156231750403,-999.999,-2.175713312475,-999.999,-7.587609061249,-1.889361553473,-0.2198469408598,0.0,-2.132844277752,-2.44277449994,-999.999,-6.349411519105,-3.677630099985,-4.259074902573,-3.097205107582,-6.710704320495,-999.999,-16.95350172074,-9.400110147537,-1.556283888707,-999.999,-999.999,-2.712387292148,-999.999,-6.067622247316,-8.901756008954,-6.388068689628,-3.472528487622,-4.863190973917,-2.365112329863,-7.442927920876
20,1,              transp,12,0.973667,67.0876,17,8.155443030407,0.2679006163721,7.900692901189,24.96413418081,15.59187107769,6.558269831099e-09,1.324248972212e-07,0.0001463909652803,0.8221824136383,0.8408230243279,0.1152759613135,0.02157366293565,0.009064614114497,0.079739756506,0.0001115361227194,9.431221935806e-08,3.867706428482e-05,0.0,0.0,0.0,0.0,0.0,0.0,0.0,0.0,0.0,0.0,0.0,0.0,0.0,0.0,0.0,0.0,0.0,0.0,0.0,0.0,0.0,0.0,0.0,0.0,0.0,0.0,0.0,0.0,0.0,0.0,0.0,0.0,0.0,0.0,0.0,0.0,0.01778394837257,0.003128831754279,0.0,0.0,0.0,0.0,0.0,0.0,0.0,0.0,0.0,0.0,0.0,0.0,0.0,0.0,0.0,0.0,0.0,0.0,0.0,0.0,0.0,0.0,0.0,0.0,0.0,0.0,0.0,0.0,0.0,0.0,0.0,0.0,0.0,0.0,0.0,0.0,0.0,0.0,0.0,0.0,0.0,0.0,0.0,0.0,0.0,0.0,-0.323344110973,-999.999,-4.825568736681,-999.999,-0.215540551484,-7.040928355374,-4.302468855551,-2.569464871325,-999.999,-999.999,-9.442701871403,-0.2156907332029,-999.999,-2.175557913906,-999.999,-7.587391366146,-1.889506547876,-0.2189162608356,0.0,-2.132814678688,-2.442786546081,-999.999,-6.349384297087,-3.677881729085,-4.259086999875,-3.097170702473,-6.710683505987,-999.999,-16.95485600105,-9.40041173382,-1.555576553221,-999.999,-999.999,-2.71235278582,-999.999,-6.067572393344,-8.902576724601,-6.388047672681,-3.47235620255,-4.863509565743,-2.365204908682,-7.442838142152
21,1,              transp,12,0.973667,71.0339,18,8.155626034178,0.2679006163721,7.900692901189,24.94052882987,15.59187033115,6.55827014511e-09,1.324249035618e-07,0.0001463909722896,0.8221824530045,0.8408230645866,0.1152746380045,0.02157233514013,0.009064614548512,0.07973976032395,0.0001115361280597,9.431222387376e-08,3.867706613668e-05,0.0,0.0,0.0,0.0,0.0,0.0,0.0,0.0,0.0,0.0,0.0,0.0,0.0,0.0,0.0,0.0,0.0,0.0,0.0,0.0,0.0,0.0,0.0,0.0,0.0,0.0,0.0,0.0,0.0,0.0,0.0,0.0,0.0,0.0,0.0,0.0,0.02090637597932,0.003122427606752,0.0,0.0,0.0,0.0,0.0,0.0,0.0,0.0,0.0,0.0,0.0,0.0,0.0,0.0,0.0,0.0,0.0,0.0,0.0,0.0,0.0,0.0,0.0,0.0,0.0,0.0,0.0,0.0,0.0,0.0,0.0,0.0,0.0,0.0,0.0,0.0,0.0,0.0,0.0,0.0,0.0,0.0,0.0,0.0,0.0,0.0,-0.3236335943987,-999.999,-4.825280023559,-999.999,-0.2152624410211,-7.041173862022,-4.302439287292,-2.570319226037,-999.999,-999.999,-9.442577057588,-0.2157864708385,-999.999,-2.175337763338,-999.999,-7.587083032952,-1.889711931385,-0.2175971685186,0.0,-2.132772733516,-2.442803654338,-999.999,-6.34934579524,-3.678238124244,-4.259104325035,-3.097122005153,-6.710654118571,-999.999,-16.95677485541,-9.400839006128,-1.554574225789,-999.999,-999.999,-2.712303944935,-999.999,-6.067502001388,-8.903740103511,-6.388017998136,-3.472112055756,-4.863961088781,-2.365336120725,-7.442711134
22,1,              transp,12,0.973667,74.9803,19,8.155861021655,0.2679006163721,7.900692901189,24.91017909962,15.59186937027,6.558270549276e-09,1.324249117227e-07,0.0001463909813112,0.8221825036731,0.840823116404,0.1152729347615,0.02157062612254,0.009064615107137,0.07973976523807,0.0001115361349334,9.431222968594e-08,3.867706852023e-05,0.0,0.0,0.0,0.0,0.0,0.0,0.0,0.0,0.0,0.0,0.0,0.0,0.0,0.0,0.0,0.0,0.0,0.0,0.0,0.0,0.0,0.0,0.0,0.0,0.0,0.0,0.0,0.0,0.0,0.0,0.0,0.0,0.0,0.0,0.0,0.0,0.02402247857949,0.003116102600169,0.0,0.0,0.0,0.0,0.0,0.0,0.0,0.0,0.0,0.0,0.0,0.0,0.0,0.0,0.0,0.0,0.0,0.0,0.0,0.0,0.0,0.0,0.0,0.0,0.0,0.0,0.0,0.0,0.0,0.0,0.0,0.0,0.0,0.0,0.0,0.0,0.0,0.0,0.0,0.0,0.0,0.0,0.0,0.0,0.0,0.0,-0.3240058538171,-999.999,-4.824908688962,-999.999,-0.2149048352107,-7.041489563348,-4.302401449291,-2.571418780124,-999.999,-999.999,-9.442416467717,-0.2159096142166,-999.999,-2.175054708082,-999.999,-7.586686722034,-1.889975952469,-0.2159001085629,0.0,-2.132718781321,-2.442825724575,-999.999,-6.349296400867,-3.678696209825,-4.259126923055,-3.097059468825,-6.710616506729,-999.999,-16.95924245502,-9.401388399542,-1.553285055699,-999.999,-999.999,-2.712241223731,-999.999,-6.067411901543,-8.905237079951,-6.38798001654,-3.471798021218,-4.864541936643,-2.365504923168,-7.442548145017
23,1,              transp,12,0.973667,78.9266,20,8.156139626674,0.2679006163721,7.900692901189,24.87413880095,15.59186822771,6.558271029864e-09,1.324249214268e-07,0.0001463909920387,0.8221825639223,0.8408231780192,0.1152709094622,0.02156859395687,0.009064615771389,0.07973977108138,0.0001115361431067,9.431223659713e-08,3.867707135447e-05,0.0,0.0,0.0,0.0,0.0,0.0,0.0,0.0,0.0,0.0,0.0,0.0,0.0,0.0,0.0,0.0,0.0,0.0,0.0,0.0,0.0,0.0,0.0,0.0,0.0,0.0,0.0,0.0,0.0,0.0,0.0,0.0,0.0,0.0,0.0,0.0,0.02713310154865,0.003110622969165,0.0,0.0,0.0,0.0,0.0,0.0,0.0,0.0,0.0,0.0,0.0,0.0,0.0,0.0,0.0,0.0,0.0,0.0,0.0,0.0,0.0,0.0,0.0,0.0,0.0,0.0,0.0,0.0,0.0,0.0,0.0,0.0,0.0,0.0,0.0,0.0,0.0,0.0,0.0,0.0,0.0,0.0,0.0,0.0,0.0,0.0,-0.324448009054,-999.999,-4.824467536091,-999.999,-0.214480126858,-7.041864531682,-4.302356777339,-2.572726104972,-999.999,-999.999,-9.442225599211,-0.216055923202,-999.999,-2.174718573312,-999.999,-7.586216274515,-1.890289414067,-0.2138832649733,0.0,-2.132654679937,-2.442852041005,-999.999,-6.349237902911,-3.679239986555,-4.259154230118,-3.096985315836,-6.710572094043,-999.999,-16.96217346236,-9.402040867587,-1.551753488868,-999.999,-999.999,-2.712166850772,-999.999,-6.067305498655,-8.907016498152,-6.387935163914,-3.471424912877,-4.865232158734,-2.365705524136,-7.442355044236
24,1,              transp,12,0.973667,82.8729,21,8.156448624526,0.2679006163721,7.900692901189,24.83409402971,15.59186695625,6.558271564667e-09,1.324249322255e-07,0.0001463910039763,0.8221826309682,0.8408232465852,0.1152686556922,0.02156633254578,0.009064616510574,0.07973977758387,0.0001115361522021,9.431224428794e-08,3.867707450844e-05,0.0,0.0,0.0,0.0,0.0,0.0,0.0,0.0,0.0,0.0,0.0,0.0,0.0,0.0,0.0,0.0,0.0,0.0,0.0,0.0,0.0,0.0,0.0,0.0,0.0,0.0,0.0,0.0,0.0,0.0,0.0,0.0,0.0,0.0,0.0,0.0,0.03023967333408,0.003106571785427,0.0,0.0,0.0,0.0,0.0,0.0,0.0,0.0,0.0,0.0,0.0,0.0,0.0,0.0,0.0,0.0,0.0,0.0,0.0,0.0,0.0,0.0,0.0,0.0,0.0,0.0,0.0,0.0,0.0,0.0,0.0,0.0,0.0,0.0,0.0,0.0,0.0,0.0,0.0,0.0,0.0,0.0,0.0,0.0,0.0,0.0,-0.3249394164965,-999.999,-4.82397712024,-999.999,-0.2140081632098,-7.042281256199,-4.302307473928,-2.574180730961,-999.999,-999.999,-9.442013309058,-0.2162185858642,-999.999,-2.174345081729,-999.999,-7.585693773789,-1.890637623948,-0.2116403084694,0.0,-2.132583413967,-2.442881419081,-999.999,-6.34917310628,-3.679843928242,-4.259185172552,-3.096903062335,-6.710523066841,-999.999,-16.96543107085,-9.402765912855,-1.550050885179,-999.999,-999.999,-2.712084352312,-999.999,-6.06718802571,-8.908995868939,-6.387885646795,-3.471010102947,-4.865999664925,-2.36592860283,-7.442141058749
25,1,              transp,12,0.973667,86.8193,22,8.156772434538,0.2679006163721,7.900692901189,24.79204702383,15.59186561902,6.558272127133e-09,1.324249435829e-07,0.0001463910165314,0.8221827014822,0.840823318698,0.1152662853371,0.02156395415434,0.009064617287996,0.07973978442271,0.0001115361617679,9.431225237658e-08,3.867707782557e-05,0.0,0.0,0.0,0.0,0.0,0.0,0.0,0.0,0.0,0.0,0.0,0.0,0.0,0.0,0.0,0.0,0.0,0.0,0.0,0.0,0.0,0.0,0.0,0.0,0.0,0.0,0.0,0.0,0.0,0.0,0.0,0.0,0.0,0.0,0.0,0.0,0.03334393472856,0.003104261394482,0.0,0.0,0.0,0.0,0.0,0.0,0.0,0.0,0.0,0.0,0.0,0.0,0.0,0.0,0.0,0.0,0.0,0.0,0.0,0.0,0.0,0.0,0.0,0.0,0.0,0.0,0.0,0.0,0.0,0.0,0.0,0.0,0.0,0.0,0.0,0.0,0.0,0.0,0.0,0.0,0.0,0.0,0.0,0.0,0.0,0.0,-0.3254555347273,-999.999,-4.823461904697,-999.999,-0.2135125272669,-7.042718922413,-4.302256081768,-2.575710402334,-999.999,-999.999,-9.441790161849,-0.2163894917612,-999.999,-2.173952905905,-999.999,-7.585145395989,-1.891003152787,-0.2092829154049,0.0,-2.132508536886,-2.442912422004,-999.999,-6.349105297748,-3.680477778297,-4.259218343684,-3.096816853353,-6.710471951233,-999.999,-16.9688526181,-9.403527301973,-1.548262173631,-999.999,-999.999,-2.711997885503,-999.999,-6.067065532034,-8.91107674526,-6.387834015534,-3.470574274599,-4.866806218324,-2.366163049489,-7.441917020373
26,1,              transp,12,0.973667,90.7656,23,8.157095591693,0.2679006163721,7.900692901189,24.75000002072,15.59186427954,6.558272690546e-09,1.324249549593e-07,0.0001463910291076,0.8221827721151,0.8408233909321,0.115263910988,0.02156157175535,0.009064618066727,0.07973979127305,0.0001115361713498,9.431226047876e-08,3.867708114826e-05,0.0,0.0,0.0,0.0,0.0,0.0,0.0,0.0,0.0,0.0,0.0,0.0,0.0,0.0,0.0,0.0,0.0,0.0,0.0,0.0,0.0,0.0,0.0,0.0,0.0,0.0,0.0,0.0,0.0,0.0,0.0,0.0,0.0,0.0,0.0,0.0,0.03644766087091,0.003103726142352,0.0,0.0,0.0,0.0,0.0,0.0,0.0,0.0,0.0,0.0,0.0,0.0,0.0,0.0,0.0,0.0,0.0,0.0,0.0,0.0,0.0,0.0,0.0,0.0,0.0,0.0,0.0,0.0,0.0,0.0,0.0,0.0,0.0,0.0,0.0,0.0,0.0,0.0,0.0,0.0,0.0,0.0,0.0,0.0,0.0,0.0,-0.3259717969109,-999.999,-4.82294640323,-999.999,-0.2130168154851,-7.043156696737,-4.302205075425,-2.577242443968,-999.999,-999.999,-9.441566766103,-0.2165605105193,-999.999,-2.17356072016,-999.999,-7.584597272372,-1.891368587834,-0.2069231765128,0.0,-2.132433610836,-2.442943584732,-999.999,-6.34903772282,-3.681111332377,-4.259252213464,-3.096730805457,-6.710421207613,-999.999,-16.97227525006,-9.404288784986,-1.546472460319,-999.999,-999.999,-2.711911579145,-999.999,-6.066943912542,-8.913160220342,-6.38778275499,-3.470138161298,-4.867613460393,-2.366397715637,-7.441693643693
27,1,              transp,12,0.973667,94.7119,24,8.157404671753,0.2679006163721,7.900692901189,24.70970497777,15.59186299376,6.558273231374e-09,1.324249658798e-07,0.0001463910411798,0.8221828399165,0.8408234602707,0.1152616318201,0.02155928486028,0.009064618814241,0.0797397978488,0.0001115361805477,9.431226825623e-08,3.867708433777e-05,0.0,0.0,0.0,0.0,0.0,0.0,0.0,0.0,0.0,0.0,0.0,0.0,0.0,0.0,0.0,0.0,0.0,0.0,0.0,0.0,0.0,0.0,0.0,0.0,0.0,0.0,0.0,0.0,0.0,0.0,0.0,0.0,0.0,0.0,0.0,0.0,0.03955243500614,0.003104774135224,0.0,0.0,0.0,0.0,0.0,0.0,0.0,0.0,0.0,0.0,0.0,0.0,0.0,0.0,0.0,0.0,0.0,0.0,0.0,0.0,0.0,0.0,0.0,0.0,0.0,0.0,0.0,0.0,0.0,0.0,0.0,0.0,0.0,0.0,0.0,0.0,0.0,0.0,0.0,0.0,0.0,0.0,0.0,0.0,0.0,0.0,-0.3264666833529,-999.999,-4.822452112483,-999.999,-0.2125416872751,-7.043576331975,-4.302156556585,-2.578712874448,-999.999,-999.999,-9.441352445226,-0.2167245094703,-999.999,-2.173184866158,-999.999,-7.584072225925,-1.891718708384,-0.2046595576445,0.0,-2.132361760763,-2.442973599026,-999.999,-6.348973182831,-3.681718210428,-4.259285328018,-3.096648494104,-6.710372927546,-999.999,-16.97555629072,-9.405018627709,-1.544756378156,-999.999,-999.999,-2.711829019501,-999.999,-6.066828181271,-8.915159322434,-6.387733978341,-3.469719951758,-4.868387713956,-2.366622810208,-7.441480194859
28,1,              transp,12,0.973667,98.6582,25,8.157689444898,0.2679006163721,7.900692901189,24.67250955429,15.59186180504,6.558273731375e-09,1.324249759758e-07,0.0001463910523406,0.8221829025993,0.8408235243747,0.1152595247134,0.02155717060976,0.009064619505324,0.07973980392814,0.0001115361890511,9.431227544657e-08,3.86770872865e-05,0.0,0.0,0.0,0.0,0.0,0.0,0.0,0.0,0.0,0.0,0.0,0.0,0.0,0.0,0.0,0.0,0.0,0.0,0.0,0.0,0.0,0.0,0.0,0.0,0.0,0.0,0.0,0.0,0.0,0.0,0.0,0.0,0.0,0.0,0.0,0.0,0.0426595034533,0.003107068447163,0.0,0.0,0.0,0.0,0.0,0.0,0.0,0.0,0.0,0.0,0.0,0.0,0.0,0.0,0.0,0.0,0.0,0.0,0.0,0.0,0.0,0.0,0.0,0.0,0.0,0.0,0.0,0.0,0.0,0.0,0.0,0.0,0.0,0.0,0.0,0.0,0.0,0.0,0.0,0.0,0.0,0.0,0.0,0.0,0.0,0.0,-0.3269236191234,-999.999,-4.821995610678,-999.999,-0.2121030457047,-7.04396377581,-4.302112084806,-2.580072126637,-999.999,-999.999,-9.441154407862,-0.2168759852335,-999.999,-2.172837915882,-999.999,-7.58358777515,-1.892041820086,-0.2025681490951,0.0,-2.132295397717,-2.443001434891,-999.999,-6.348913798067,-3.682278163931,-4.259316465524,-3.096572645797,-6.71032866485,-999.999,-16.97858582871,-9.40569240533,-1.543171485359,-999.999,-999.999,-2.711752941484,-999.999,-6.066722065742,-8.917006765688,-6.387689256224,-3.469333679503,-4.869102971526,-2.366830769104,-7.441283703849
29,1,              transp,12,0.973667,102.605,26,8.15794327577,0.2679006163721,7.900692901189,24.6392993548,15.5918607422,6.558274178432e-09,1.324249850028e-07,0.0001463910623196,0.8221829586449,0.840823581691,0.1152576407226,0.02155528023165,0.009064620123231,0.07973980936376,0.0001115361966542,9.431228187554e-08,3.8677089923e-05,0.0,0.0,0.0,0.0,0.0,0.0,0.0,0.0,0.0,0.0,0.0,0.0,0.0,0.0,0.0,0.0,0.0,0.0,0.0,0.0,0.0,0.0,0.0,0.0,0.0,0.0,0.0,0.0,0.0,0.0,0.0,0.0,0.0,0.0,0.0,0.0,0.04576971471099,0.003110211257688,0.0,0.0,0.0,0.0,0.0,0.0,0.0,0.0,0.0,0.0,0.0,0.0,0.0,0.0,0.0,0.0,0.0,0.0,0.0,0.0,0.0,0.0,0.0,0.0,0.0,0.0,0.0,0.0,0.0,0.0,0.0,0.0,0.0,0.0,0.0,0.0,0.0,0.0,0.0,0.0,0.0,0.0,0.0,0.0,0.0,0.0,-0.327331692886,-999.999,-4.821587830294,-999.999,-0.2117113514559,-7.044309779421,-4.302072633394,-2.581287311445,-999.999,-999.999,-9.440977424302,-0.217011306221,-999.999,-2.172528132251,-999.999,-7.583155398237,-1.892330250605,-0.2006992664382,0.0,-2.132236112633,-2.44302639413,-999.999,-6.348860930653,-3.682777926277,-4.259344729717,-3.096505030727,-6.710289390918,-999.999,-16.98129149165,-9.406294054708,-1.541755739634,-999.999,-999.999,-2.711685120894,-999.999,-6.066627898684,-8.918657986759,-6.387649571252,-3.468988604658,-4.869742050467,-2.367016592273,-7.441108702121
30,1,              transp,12,0.973667,106.551,27,8.158162933865,0.2679006163721,7.900692901189,24.61051718145,15.59185981992,6.558274566358e-09,1.324249928358e-07,0.0001463910709786,0.8221830072777,0.8408236314264,0.115256005911,0.02155363987738,0.00906462065941,0.07973981408042,0.0001115362032517,9.431228745409e-08,3.867709221077e-05,0.0,0.0,0.0,0.0,0.0,0.0,0.0,0.0,0.0,0.0,0.0,0.0,0.0,0.0,0.0,0.0,0.0,0.0,0.0,0.0,0.0,0.0,0.0,0.0,0.0,0.0,0.0,0.0,0.0,0.0,0.0,0.0,0.0,0.0,0.0,0.0,0.04888352790874,0.003113813197758,0.0,0.0,0.0,0.0,0.0,0.0,0.0,0.0,0.0,0.0,0.0,0.0,0.0,0.0,0.0,0.0,0.0,0.0,0.0,0.0,0.0,0.0,0.0,0.0,0.0,0.0,0.0,0.0,0.0,0.0,0.0,0.0,0.0,0.0,0.0,0.0,0.0,0.0,0.0,0.0,0.0,0.0,0.0,0.0,0.0,0.0,-0.327685429656,-999.999,-4.82123427594,-999.999,-0.2113718449926,-7.044609703894,-4.302038637256,-2.582341667203,-999.999,-999.999,-9.440823913002,-0.2171286414975,-999.999,-2.172259648059,-999.999,-7.582780800172,-1.892580176346,-0.1990783820692,0.0,-2.132184707535,-2.443048106222,-999.999,-6.348815230323,-3.683210903882,-4.259369578733,-3.096446512395,-6.710255541561,-999.999,-16.9836369479,-9.406815531676,-1.54052825407,-999.999,-999.999,-2.711626424122,-999.999,-6.066546729219,-8.920090356194,-6.387615365015,-3.468689395537,-4.870296267096,-2.36717775021,-7.440957367032
31,1,              transp,12,0.973667,110.497,28,8.158348033132,0.2679006163721,7.900692901189,24.58623222187,15.59185904093,6.558274894018e-09,1.32424999452e-07,0.0001463910782925,0.8221830483551,0.8408236734351,0.1152546250792,0.02155225436415,0.009064621112291,0.07973981806433,0.0001115362088242,9.431229216606e-08,3.867709414314e-05,0.0,0.0,0.0,0.0,0.0,0.0,0.0,0.0,0.0,0.0,0.0,0.0,0.0,0.0,0.0,0.0,0.0,0.0,0.0,0.0,0.0,0.0,0.0,0.0,0.0,0.0,0.0,0.0,0.0,0.0,0.0,0.0,0.0,0.0,0.0,0.0,0.05200106779916,0.003117539890416,0.0,0.0,0.0,0.0,0.0,0.0,0.0,0.0,0.0,0.0,0.0,0.0,0.0,0.0,0.0,0.0,0.0,0.0,0.0,0.0,0.0,0.0,0.0,0.0,0.0,0.0,0.0,0.0,0.0,0.0,0.0,0.0,0.0,0.0,0.0,0.0,0.0,0.0,0.0,0.0,0.0,0.0,0.0,0.0,0.0,0.0,-0.3279839476981,-999.999,-4.82093585989,-999.999,-0.2110853589037,-7.044862804678,-4.302010093973,-2.583232143311,-999.999,-999.999,-9.440694297144,-0.2172276843892,-999.999,-2.172033110871,-999.999,-7.582464825977,-1.892791016965,-0.1977099038884,0.0,-2.132141316651,-2.44306648414,-999.999,-6.348776755996,-3.683576120514,-4.259390800443,-3.096397196356,-6.710227117036,-999.999,-16.98561632284,-9.407255562202,-1.539492197633,-999.999,-999.999,-2.711576957292,-999.999,-6.066478561836,-8.921299864865,-6.387586638908,-3.468436833584,-4.870764138982,-2.36731380759,-7.440829918489
32,1,              transp,12,0.973667,114.444,29,8.158500304822,0.2679006163721,7.900692901189,24.56623284242,15.59185839884,6.558275164094e-09,1.324250049054e-07,0.000146391084321,0.8221830822134,0.8408237080611,0.1152534869204,0.02155111234655,0.009064621485581,0.07973982134809,0.0001115362134173,9.431229604994e-08,3.86770957359e-05,0.0,0.0,0.0,0.0,0.0,0.0,0.0,0.0,0.0,0.0,0.0,0.0,0.0,0.0,0.0,0.0,0.0,0.0,0.0,0.0,0.0,0.0,0.0,0.0,0.0,0.0,0.0,0.0,0.0,0.0,0.0,0.0,0.0,0.0,0.0,0.0,0.05512220317907,0.003121135379907,0.0,0.0,0.0,0.0,0.0,0.0,0.0,0.0,0.0,0.0,0.0,0.0,0.0,0.0,0.0,0.0,0.0,0.0,0.0,0.0,0.0,0.0,0.0,0.0,0.0,0.0,0.0,0.0,0.0,0.0,0.0,0.0,0.0,0.0,0.0,0.0,0.0,0.0,0.0,0.0,0.0,0.0,0.0,0.0,0.0,0.0,-0.3282298222827,-999.999,-4.820690033601,-999.999,-0.2108494102867,-7.045071267784,-4.301986684644,-2.583966069966,-999.999,-999.999,-9.44058749233,-0.2173092774855,-999.999,-2.171846548319,-999.999,-7.582204675815,-1.892964626896,-0.1965823327012,0.0,-2.132105570727,-2.443081658998,-999.999,-6.348745129913,-3.68387681275,-4.2594084527,-3.096356623567,-6.710203802004,-999.999,-16.98724666873,-9.407617963894,-1.538638723462,-999.999,-999.999,-2.711536260162,-999.999,-6.066422643527,-8.922296581645,-6.387563075194,-3.468228769699,-4.871149618214,-2.367425910114,-7.44072512605
33,1,              transp,12,0.973667,118.39,30,8.158622861115,0.2679006163721,7.900692901189,24.55012223016,15.59185788123,6.558275381812e-09,1.324250093015e-07,0.0001463910891808,0.8221831095078,0.8408237359742,0.115252569411,0.02155019172648,0.009064621786503,0.07973982399525,0.00011153621712,9.431229918086e-08,3.867709701988e-05,0.0,0.0,0.0,0.0,0.0,0.0,0.0,0.0,0.0,0.0,0.0,0.0,0.0,0.0,0.0,0.0,0.0,0.0,0.0,0.0,0.0,0.0,0.0,0.0,0.0,0.0,0.0,0.0,0.0,0.0,0.0,0.0,0.0,0.0,0.0,0.0,0.05824662996436,0.003124426785296,0.0,0.0,0.0,0.0,0.0,0.0,0.0,0.0,0.0,0.0,0.0,0.0,0.0,0.0,0.0,0.0,0.0,0.0,0.0,0.0,0.0,0.0,0.0,0.0,0.0,0.0,0.0,0.0,0.0,0.0,0.0,0.0,0.0,0.0,0.0,0.0,0.0,0.0,0.0,0.0,0.0,0.0,0.0,0.0,0.0,0.0,-0.3284279117093,-999.999,-4.820491959623,-999.999,-0.2106593281579,-7.04523921425,-4.301967890797,-2.584557678388,-999.999,-999.999,-9.44050141416,-0.2173750238944,-999.999,-2.171696260161,-999.999,-7.581995152379,-1.893104463891,-0.1956736243558,0.0,-2.13207676735,-2.443093909537,-999.999,-6.348719691883,-3.684118988166,-4.259422787924,-3.096323966486,-6.710185081817,-999.999,-16.98856018191,-9.407909914109,-1.53795103755,-999.999,-999.999,-2.711503502813,-999.999,-6.066377742464,-8.923099919849,-6.387544154469,-3.468061115566,-4.871460256806,-2.36751625125,-7.44064081837
34,1,              transp,12,0.973667,122.336,31,8.158719548653,0.2679006163721,7.900692901189,24.53740332474,15.59185747236,6.558275553793e-09,1.324250127742e-07,0.0001463910930197,0.8221831310683,0.8408237580236,0.1152518446459,0.02154946450413,0.009064622024209,0.07973982608631,0.0001115362200449,9.431230165406e-08,3.867709803413e-05,0.0,0.0,0.0,0.0,0.0,0.0,0.0,0.0,0.0,0.0,0.0,0.0,0.0,0.0,0.0,0.0,0.0,0.0,0.0,0.0,0.0,0.0,0.0,0.0,0.0,0.0,0.0,0.0,0.0,0.0,0.0,0.0,0.0,0.0,0.0,0.0,0.06137394628436,0.00312731632,0.0,0.0,0.0,0.0,0.0,0.0,0.0,0.0,0.0,0.0,0.0,0.0,0.0,0.0,0.0,0.0,0.0,0.0,0.0,0.0,0.0,0.0,0.0,0.0,0.0,0.0,0.0,0.0,0.0,0.0,0.0,0.0,0.0,0.0,0.0,0.0,0.0,0.0,0.0,0.0,0.0,0.0,0.0,0.0,0.0,0.0,-0.3285843131012,-999.999,-4.820335555636,-999.999,-0.2105092554976,-7.045371814824,-4.301953093688,-2.585024983314,-999.999,-999.999,-9.44043343189,-0.2174269407052,-999.999,-2.171577610568,-999.999,-7.581829765598,-1.893214851782,-0.194955978965,0.0,-2.132054022769,-2.443103597623,-999.999,-6.348699633523,-3.684310148468,-4.25943417793,-3.096298201319,-6.710170341407,-999.999,-16.98959727888,-9.408140410913,-1.537408023566,-999.999,-999.999,-2.71147765842,-999.999,-6.066342385191,-8.923734403662,-6.387529255608,-3.467928727332,-4.871705569459,-2.367587596106,-7.440574328011
35,1,              transp,12,0.973667,126.283,32,8.15879444058,0.2679006163721,7.900692901189,24.52754617212,15.59185715534,6.558275687138e-09,1.324250154667e-07,0.0001463910959962,0.8221831477852,0.8408237751195,0.1152512827006,0.02154890065365,0.009064622208515,0.0797398277076,0.0001115362223127,9.431230357165e-08,3.867709882052e-05,0.0,0.0,0.0,0.0,0.0,0.0,0.0,0.0,0.0,0.0,0.0,0.0,0.0,0.0,0.0,0.0,0.0,0.0,0.0,0.0,0.0,0.0,0.0,0.0,0.0,0.0,0.0,0.0,0.0,0.0,0.0,0.0,0.0,0.0,0.0,0.0,0.06450371290236,0.003129766617993,0.0,0.0,0.0,0.0,0.0,0.0,0.0,0.0,0.0,0.0,0.0,0.0,0.0,0.0,0.0,0.0,0.0,0.0,0.0,0.0,0.0,0.0,0.0,0.0,0.0,0.0,0.0,0.0,0.0,0.0,0.0,0.0,0.0,0.0,0.0,0.0,0.0,0.0,0.0,0.0,0.0,0.0,0.0,0.0,0.0,0.0,-0.3287055332905,-999.999,-4.820214324458,-999.999,-0.210392944437,-7.045474587105,-4.301941650293,-2.585387293721,-999.999,-999.999,-9.440380729957,-0.2174671833679,-999.999,-2.171485656495,-999.999,-7.581701606899,-1.893300396491,-0.1943996556242,0.0,-2.132036392639,-2.443111115972,-999.999,-6.34868410304,-3.684458278999,-4.259443049331,-3.096278243474,-6.710158941072,-999.999,-16.99040109757,-9.408319051884,-1.536987124561,-999.999,-999.999,-2.711457639135,-999.999,-6.066315038499,-8.924226292154,-6.387517732392,-3.467826108412,-4.871895730267,-2.367642902278,-7.440522839448
36,1,              transp,12,0.973667,130.229,33,8.158851477117,0.2679006163721,7.900692901189,24.5200359598,15.59185691372,6.55827578877e-09,1.324250175188e-07,0.0001463910982648,0.8221831605264,0.8408237881495,0.1152508544039,0.02154847090487,0.009064622348986,0.07973982894331,0.0001115362240412,9.431230503318e-08,3.867709941989e-05,0.0,0.0,0.0,0.0,0.0,0.0,0.0,0.0,0.0,0.0,0.0,0.0,0.0,0.0,0.0,0.0,0.0,0.0,0.0,0.0,0.0,0.0,0.0,0.0,0.0,0.0,0.0,0.0,0.0,0.0,0.0,0.0,0.0,0.0,0.0,0.0,0.06763549694634,0.003131784043981,0.0,0.0,0.0,0.0,0.0,0.0,0.0,0.0,0.0,0.0,0.0,0.0,0.0,0.0,0.0,0.0,0.0,0.0,0.0,0.0,0.0,0.0,0.0,0.0,0.0,0.0,0.0,0.0,0.0,0.0,0.0,0.0,0.0,0.0,0.0,0.0,0.0,0.0,0.0,0.0,0.0,0.0,0.0,0.0,0.0,0.0,-0.3287978968741,-999.999,-4.820121947239,-999.999,-0.2103043237004,-7.045552893806,-4.301932945797,-2.585663427145,-999.999,-999.999,-9.440340566915,-0.2174978486275,-999.999,-2.171415595871,-999.999,-7.581603971586,-1.893365569952,-0.1939757033549,0.0,-2.132022958353,-2.443116850147,-999.999,-6.348672278935,-3.684571129397,-4.259449834372,-3.096263043452,-6.710150268866,-999.999,-16.99101357105,-9.408455162783,-1.536666402569,-999.999,-999.999,-2.711442392277,-999.999,-6.066294235279,-8.924601160211,-6.387508966516,-3.467747911991,-4.872040640198,-2.36768504847,-7.440483634367
37,1,              transp,12,0.973667,134.175,34,8.158894240918,0.2679006163721,7.900692901189,24.51440329988,15.59185673246,6.558275865013e-09,1.324250190584e-07,0.0001463910999666,0.8221831700847,0.8408237979245,0.1152505330974,0.02154814850903,0.009064622454367,0.07973982987033,0.0001115362253378,9.431230612961e-08,3.867709986953e-05,0.0,0.0,0.0,0.0,0.0,0.0,0.0,0.0,0.0,0.0,0.0,0.0,0.0,0.0,0.0,0.0,0.0,0.0,0.0,0.0,0.0,0.0,0.0,0.0,0.0,0.0,0.0,0.0,0.0,0.0,0.0,0.0,0.0,0.0,0.0,0.0,0.07076890002028,0.003133403073941,0.0,0.0,0.0,0.0,0.0,0.0,0.0,0.0,0.0,0.0,0.0,0.0,0.0,0.0,0.0,0.0,0.0,0.0,0.0,0.0,0.0,0.0,0.0,0.0,0.0,0.0,0.0,0.0,0.0,0.0,0.0,0.0,0.0,0.0,0.0,0.0,0.0,0.0,0.0,0.0,0.0,0.0,0.0,0.0,0.0,0.0,-0.3288671725979,-999.999,-4.820052658301,-999.999,-0.2102378565646,-7.045611626111,-4.301926425531,-2.585870576817,-999.999,-999.999,-9.440310439417,-0.2175208499477,-999.999,-2.171363050187,-999.999,-7.581530750439,-1.893414448086,-0.1936576898325,0.0,-2.132012881614,-2.443121154133,-999.999,-6.348663415762,-3.684655760977,-4.259454937842,-3.096251646814,-6.710143772525,-999.999,-16.99147294899,-9.408557247943,-1.536425840043,-999.999,-999.999,-2.7114309605,-999.999,-6.066278651228,-8.924882365671,-6.387502399895,-3.467689258669,-4.872149337128,-2.367716662744,-7.440454244342
38,1,              transp,12,0.973667,138.122,35,8.158925841443,0.2679006163721,7.900692901189,24.51024002894,15.59185659845,6.558275921378e-09,1.324250201965e-07,0.0001463911012248,0.8221831771509,0.840823805151,0.1152502955637,0.02154791017002,0.009064622532273,0.07973983055565,0.0001115362262964,9.431230694018e-08,3.867710020194e-05,0.0,0.0,0.0,0.0,0.0,0.0,0.0,0.0,0.0,0.0,0.0,0.0,0.0,0.0,0.0,0.0,0.0,0.0,0.0,0.0,0.0,0.0,0.0,0.0,0.0,0.0,0.0,0.0,0.0,0.0,0.0,0.0,0.0,0.0,0.0,0.0,0.07390357341093,0.003134673390649,0.0,0.0,0.0,0.0,0.0,0.0,0.0,0.0,0.0,0.0,0.0,0.0,0.0,0.0,0.0,0.0,0.0,0.0,0.0,0.0,0.0,0.0,0.0,0.0,0.0,0.0,0.0,0.0,0.0,0.0,0.0,0.0,0.0,0.0,0.0,0.0,0.0,0.0,0.0,0.0,0.0,0.0,0.0,0.0,0.0,0.0,-0.328918378069,-999.999,-4.820001441417,-999.999,-0.2101887278074,-7.045655038203,-4.301921610671,-2.586023714797,-999.999,-999.999,-9.440288168391,-0.217537852233,-999.999,-2.171324211952,-999.999,-7.5814766334,-1.893450574323,-0.1934226091766,0.0,-2.132005433025,-2.443124337188,-999.999,-6.348656867423,-3.68471831133,-4.259458718066,-3.096243225074,-6.710138975185,-999.999,-16.99181250181,-9.408632703289,-1.536248021365,-999.999,-999.999,-2.711422512779,-999.999,-6.0662671427,-8.925090243191,-6.387497550595,-3.467645902902,-4.872229686319,-2.367740032369,-7.440432528881
39,1,              transp,12,0.973667,142.068,36,8.158948879501,0.2679006163721,7.900692901189,24.50720431011,15.59185650073,6.558275962484e-09,1.324250210265e-07,0.0001463911021423,0.8221831823041,0.840823810421,0.1152501223372,0.02154773635627,0.009064622589087,0.07973983105543,0.0001115362269955,9.43123075313e-08,3.867710044436e-05,0.0,0.0,0.0,0.0,0.0,0.0,0.0,0.0,0.0,0.0,0.0,0.0,0.0,0.0,0.0,0.0,0.0,0.0,0.0,0.0,0.0,0.0,0.0,0.0,0.0,0.0,0.0,0.0,0.0,0.0,0.0,0.0,0.0,0.0,0.0,0.0,0.07703922365771,0.003135650246784,0.0,0.0,0.0,0.0,0.0,0.0,0.0,0.0,0.0,0.0,0.0,0.0,0.0,0.0,0.0,0.0,0.0,0.0,0.0,0.0,0.0,0.0,0.0,0.0,0.0,0.0,0.0,0.0,0.0,0.0,0.0,0.0,0.0,0.0,0.0,0.0,0.0,0.0,0.0,0.0,0.0,0.0,0.0,0.0,0.0,0.0,-0.3289557162911,-999.999,-4.81996409399,-999.999,-0.2101529042852,-7.045686693528,-4.301918102228,-2.586135392518,-999.999,-999.999,-9.44027192756,-0.2175502504351,-999.999,-2.171295892339,-999.999,-7.581437174632,-1.893476915794,-0.1932511816225,0.0,-2.132000001459,-2.443126659156,-999.999,-6.348652094041,-3.68476391913,-4.259461478817,-3.096237085219,-6.710135479431,-999.999,-16.99206009916,-9.408687723403,-1.536118355693,-999.999,-999.999,-2.711416353976,-999.999,-6.066258756486,-8.925241836585,-6.387494016945,-3.467614287545,-4.872288278552,-2.36775707409,-7.440416698743
40,1,              transp,12,0.973667,146.014,37,8.158965464808,0.2679006163721,7.900692901189,24.50501859219,15.59185643036,6.558275992083e-09,1.324250216241e-07,0.000146391102803,0.8221831860148,0.8408238142158,0.1152499976012,0.02154761119736,0.009064622629998,0.07973983141531,0.0001115362274989,9.431230795695e-08,3.867710061891e-05,0.0,0.0,0.0,0.0,0.0,0.0,0.0,0.0,0.0,0.0,0.0,0.0,0.0,0.0,0.0,0.0,0.0,0.0,0.0,0.0,0.0,0.0,0.0,0.0,0.0,0.0,0.0,0.0,0.0,0.0,0.0,0.0,0.0,0.0,0.0,0.0,0.0801756116097,0.003136387951985,0.0,0.0,0.0,0.0,0.0,0.0,0.0,0.0,0.0,0.0,0.0,0.0,0.0,0.0,0.0,0.0,0.0,0.0,0.0,0.0,0.0,0.0,0.0,0.0,0.0,0.0,0.0,0.0,0.0,0.0,0.0,0.0,0.0,0.0,0.0,0.0,0.0,0.0,0.0,0.0,0.0,0.0,0.0,0.0,0.0,0.0,-0.3289826002822,-999.999,-4.819937202911,-999.999,-0.2101271111023,-7.045709485716,-4.301915577399,-2.586215808133,-999.999,-999.999,-9.440260233357,-0.2175591775079,-999.999,-2.171275502183,-999.999,-7.581408765139,-1.893495881352,-0.1931277461654,0.0,-2.131996090573,-2.443128331491,-999.999,-6.348648657962,-3.684796755792,-4.259463468822,-3.096232665044,-6.710132963693,-999.999,-16.9922383728,-9.408727338196,-1.536024993157,-999.999,-999.999,-2.711411920157,-999.999,-6.066252721243,-8.925350992229,-6.387491473918,-3.46759152356,-4.872330467197,-2.367769344844,-7.440405303167
41,1,              transp,12,0.973667,149.961,38,8.158977264802,0.2679006163721,7.900692901189,24.50346336956,15.59185638028,6.558276013145e-09,1.324250220494e-07,0.0001463911032732,0.8221831886553,0.8408238169162,0.1152499088401,0.02154752213535,0.009064622659109,0.0797398316714,0.0001115362278571,9.431230825984e-08,3.867710074313e-05,0.0,0.0,0.0,0.0,0.0,0.0,0.0,0.0,0.0,0.0,0.0,0.0,0.0,0.0,0.0,0.0,0.0,0.0,0.0,0.0,0.0,0.0,0.0,0.0,0.0,0.0,0.0,0.0,0.0,0.0,0.0,0.0,0.0,0.0,0.0,0.0,0.08331254758359,0.003136935973898,0.0,0.0,0.0,0.0,0.0,0.0,0.0,0.0,0.0,0.0,0.0,0.0,0.0,0.0,0.0,0.0,0.0,0.0,0.0,0.0,0.0,0.0,0.0,0.0,0.0,0.0,0.0,0.0,0.0,0.0,0.0,0.0,0.0,0.0,0.0,0.0,0.0,0.0,0.0,0.0,0.0,0.0,0.0,0.0,0.0,0.0,-0.3290017295172,-999.999,-4.819918068398,-999.999,-0.2101087581336,-7.045725703416,-4.301913781523,-2.586273030885,-999.999,-999.999,-9.44025191207,-0.2175655296511,-999.999,-2.171260993783,-999.999,-7.581388551109,-1.893509375924,-0.193039913201,0.0,-2.131993307746,-2.443129521685,-999.999,-6.348646213445,-3.684820119853,-4.259464885943,-3.096229520185,-6.710131174262,-999.999,-16.99236522316,-9.408755525805,-1.535958560459,-999.999,-999.999,-2.711408765588,-999.999,-6.066248428378,-8.925428664999,-6.387489665068,-3.467575325635,-4.872360487183,-2.367778076323,-7.440397195875
42,1,              transp,12,0.973667,153.907,39,8.158985567975,0.2679006163721,7.900692901189,24.50236895344,15.59185634504,6.558276027967e-09,1.324250223487e-07,0.000146391103604,0.8221831905135,0.8408238188165,0.1152498463753,0.02154745945877,0.009064622679596,0.07973983185162,0.0001115362281092,9.4312308473e-08,3.867710083054e-05,0.0,0.0,0.0,0.0,0.0,0.0,0.0,0.0,0.0,0.0,0.0,0.0,0.0,0.0,0.0,0.0,0.0,0.0,0.0,0.0,0.0,0.0,0.0,0.0,0.0,0.0,0.0,0.0,0.0,0.0,0.0,0.0,0.0,0.0,0.0,0.0,0.08644988460429,0.003137337020699,0.0,0.0,0.0,0.0,0.0,0.0,0.0,0.0,0.0,0.0,0.0,0.0,0.0,0.0,0.0,0.0,0.0,0.0,0.0,0.0,0.0,0.0,0.0,0.0,0.0,0.0,0.0,0.0,0.0,0.0,0.0,0.0,0.0,0.0,0.0,0.0,0.0,0.0,0.0,0.0,0.0,0.0,0.0,0.0,0.0,0.0,-0.3290151909518,-999.999,-4.819904603132,-999.999,-0.2100958430176,-7.045737115963,-4.301912518076,-2.58631330069,-999.999,-999.999,-9.440246056144,-0.2175699997716,-999.999,-2.171250784158,-999.999,-7.581374326628,-1.893518872029,-0.1929781028764,0.0,-2.13199134942,-2.443130359361,-999.999,-6.348644493421,-3.684836560989,-4.259465883752,-3.096227307268,-6.710129915339,-999.999,-16.99245448914,-9.408775361611,-1.535911810692,-999.999,-999.999,-2.711406545837,-999.999,-6.066245408192,-8.925483325748,-6.387488392478,-3.467563926857,-4.87238161293,-2.367784220879,-7.44039149128
43,1,              transp,12,0.973667,157.853,40,8.15899135029,0.2679006163721,7.900692901189,24.50160677062,15.5918563205,6.55827603829e-09,1.324250225572e-07,0.0001463911038345,0.8221831918077,0.84082382014,0.1152498028715,0.02154741580739,0.009064622693865,0.07973983197714,0.0001115362282847,9.431230862145e-08,3.867710089142e-05,0.0,0.0,0.0,0.0,0.0,0.0,0.0,0.0,0.0,0.0,0.0,0.0,0.0,0.0,0.0,0.0,0.0,0.0,0.0,0.0,0.0,0.0,0.0,0.0,0.0,0.0,0.0,0.0,0.0,0.0,0.0,0.0,0.0,0.0,0.0,0.0,0.08958751109657,0.003137626492272,0.0,0.0,0.0,0.0,0.0,0.0,0.0,0.0,0.0,0.0,0.0,0.0,0.0,0.0,0.0,0.0,0.0,0.0,0.0,0.0,0.0,0.0,0.0,0.0,0.0,0.0,0.0,0.0,0.0,0.0,0.0,0.0,0.0,0.0,0.0,0.0,0.0,0.0,0.0,0.0,0.0,0.0,0.0,0.0,0.0,0.0,-0.3290245659393,-999.999,-4.819895225419,-999.999,-0.2100868485299,-7.045745064031,-4.30191163833,-2.586341346672,-999.999,-999.999,-9.440241977809,-0.2175731129373,-999.999,-2.171243673878,-999.999,-7.581364420393,-1.893525485351,-0.1929350554496,0.0,-2.131989985566,-2.443130942806,-999.999,-6.348643295641,-3.684848010949,-4.259466578935,-3.096225766193,-6.710129038738,-999.999,-16.99251665697,-9.408789175873,-1.53587925241,-999.999,-999.999,-2.711405000004,-999.999,-6.066243305199,-8.925521394088,-6.387487506359,-3.467555988306,-4.872396325782,-2.367788500214,-7.440387518694
44,1,              transp,12,0.973667,161.8,41,8.158995337952,0.2679006163721,7.900692901189,24.5010811272,15.59185630358,6.55827604541e-09,1.324250227009e-07,0.0001463911039934,0.8221831927002,0.8408238210528,0.115249772868,0.02154738570221,0.009064622703705,0.0797398320637,0.0001115362284058,9.431230872383e-08,3.867710093341e-05,0.0,0.0,0.0,0.0,0.0,0.0,0.0,0.0,0.0,0.0,0.0,0.0,0.0,0.0,0.0,0.0,0.0,0.0,0.0,0.0,0.0,0.0,0.0,0.0,0.0,0.0,0.0,0.0,0.0,0.0,0.0,0.0,0.0,0.0,0.0,0.0,0.09272534388562,0.003137832789059,0.0,0.0,0.0,0.0,0.0,0.0,0.0,0.0,0.0,0.0,0.0,0.0,0.0,0.0,0.0,0.0,0.0,0.0,0.0,0.0,0.0,0.0,0.0,0.0,0.0,0.0,0.0,0.0,0.0,0.0,0.0,0.0,0.0,0.0,0.0,0.0,0.0,0.0,0.0,0.0,0.0,0.0,0.0,0.0,0.0,0.0,-0.329031031477,-999.999,-4.819888757975,-999.999,-0.2100806454192,-7.04575054548,-4.301911031683,-2.58636068922,-999.999,-999.999,-9.440239165117,-0.2175752599702,-999.999,-2.171238770234,-999.999,-7.581357588555,-1.893530046247,-0.192905367112,0.0,-2.131989044967,-2.443131345213,-999.999,-6.348642469631,-3.684855907418,-4.259467058507,-3.096224703414,-6.710128434257,-999.999,-16.99255953155,-9.408798702971,-1.535856798226,-999.999,-999.999,-2.711403933942,-999.999,-6.066241855027,-8.925547648653,-6.387486895313,-3.467550513388,-4.872406472712,-2.367791451521,-7.440384779118
45,1,              transp,12,0.973667,165.746,42,8.158998062807,0.2679006163721,7.900692901189,24.50072193744,15.59185629201,6.558276050275e-09,1.324250227992e-07,0.000146391104102,0.8221831933101,0.8408238216766,0.1152497523653,0.02154736512997,0.009064622710429,0.07973983212286,0.0001115362284886,9.43123087938e-08,3.86771009621e-05,0.0,0.0,0.0,0.0,0.0,0.0,0.0,0.0,0.0,0.0,0.0,0.0,0.0,0.0,0.0,0.0,0.0,0.0,0.0,0.0,0.0,0.0,0.0,0.0,0.0,0.0,0.0,0.0,0.0,0.0,0.0,0.0,0.0,0.0,0.0,0.0,0.09586332197266,0.003137978087035,0.0,0.0,0.0,0.0,0.0,0.0,0.0,0.0,0.0,0.0,0.0,0.0,0.0,0.0,0.0,0.0,0.0,0.0,0.0,0.0,0.0,0.0,0.0,0.0,0.0,0.0,0.0,0.0,0.0,0.0,0.0,0.0,0.0,0.0,0.0,0.0,0.0,0.0,0.0,0.0,0.0,0.0,0.0,0.0,0.0,0.0,-0.3290354496084,-999.999,-4.819884338528,-999.999,-0.2100764066192,-7.045754291147,-4.301910617175,-2.586373906824,-999.999,-999.999,-9.440237243087,-0.2175767271199,-999.999,-2.171235419409,-999.999,-7.581352920154,-1.89353316285,-0.1928850798651,0.0,-2.131988402221,-2.443131620206,-999.999,-6.348641905211,-3.684861303312,-4.259467386277,-3.096223977196,-6.710128021228,-999.999,-16.99258882928,-9.408805213164,-1.53584145444,-999.999,-999.999,-2.711403205481,-999.999,-6.066240864155,-8.925565589489,-6.387486477799,-3.467546772167,-4.872413406511,-2.367793468269,-7.440382907126
46,1,              transp,12,0.973667,169.692,43,8.15899990866,0.2679006163721,7.900692901189,24.50047861529,15.59185628417,6.558276053571e-09,1.324250228657e-07,0.0001463911041755,0.8221831937233,0.8408238220991,0.1152497384762,0.02154735119377,0.009064622714985,0.07973983216293,0.0001115362285446,9.431230884119e-08,3.867710098154e-05,0.0,0.0,0.0,0.0,0.0,0.0,0.0,0.0,0.0,0.0,0.0,0.0,0.0,0.0,0.0,0.0,0.0,0.0,0.0,0.0,0.0,0.0,0.0,0.0,0.0,0.0,0.0,0.0,0.0,0.0,0.0,0.0,0.0,0.0,0.0,0.0,0.09900140127928,0.003138079306625,0.0,0.0,0.0,0.0,0.0,0.0,0.0,0.0,0.0,0.0,0.0,0.0,0.0,0.0,0.0,0.0,0.0,0.0,0.0,0.0,0.0,0.0,0.0,0.0,0.0,0.0,0.0,0.0,0.0,0.0,0.0,0.0,0.0,0.0,0.0,0.0,0.0,0.0,0.0,0.0,0.0,0.0,0.0,0.0,0.0,0.0,-0.3290384425428,-999.999,-4.819881344696,-999.999,-0.2100735351702,-7.045756828539,-4.301910336396,-2.586382860764,-999.999,-999.999,-9.440235941057,-0.2175777210004,-999.999,-2.171233149494,-999.999,-7.581349757699,-1.893535274095,-0.1928713367907,0.0,-2.131987966809,-2.443131806498,-999.999,-6.348641522872,-3.684864958585,-4.259467608344,-3.096223485248,-6.71012774145,-999.999,-16.99260867618,-9.4088096233,-1.535831060219,-999.999,-999.999,-2.711402712014,-999.999,-6.066240192955,-8.92557774305,-6.387486194982,-3.467544237779,-4.87241810363,-2.367794834462,-7.440381639022
47,1,              transp,12,0.973667,173.639,44,8.159001148832,0.2679006163721,7.900692901189,24.50031513318,15.59185627891,6.558276055785e-09,1.324250229104e-07,0.000146391104225,0.8221831940009,0.840823822383,0.1152497291443,0.02154734183031,0.009064622718045,0.07973983218985,0.0001115362285823,9.431230887304e-08,3.86771009946e-05,0.0,0.0,0.0,0.0,0.0,0.0,0.0,0.0,0.0,0.0,0.0,0.0,0.0,0.0,0.0,0.0,0.0,0.0,0.0,0.0,0.0,0.0,0.0,0.0,0.0,0.0,0.0,0.0,0.0,0.0,0.0,0.0,0.0,0.0,0.0,0.0,0.1021395503811,0.003138149101784,0.0,0.0,0.0,0.0,0.0,0.0,0.0,0.0,0.0,0.0,0.0,0.0,0.0,0.0,0.0,0.0,0.0,0.0,0.0,0.0,0.0,0.0,0.0,0.0,0.0,0.0,0.0,0.0,0.0,0.0,0.0,0.0,0.0,0.0,0.0,0.0,0.0,0.0,0.0,0.0,0.0,0.0,0.0,0.0,0.0,0.0,-0.3290404534238,-999.999,-4.819879333209,-999.999,-0.2100716059136,-7.045758533352,-4.301910147754,-2.586388876736,-999.999,-999.999,-9.44023506625,-0.2175783887662,-999.999,-2.171231624395,-999.999,-7.581347632928,-1.893536692586,-0.1928621031159,0.0,-2.131987674266,-2.443131931666,-999.999,-6.348641265992,-3.684867414465,-4.259467757559,-3.096223154724,-6.710127553481,-999.999,-16.99262201084,-9.408812586362,-1.53582407658,-999.999,-999.999,-2.711402380469,-999.999,-6.066239742009,-8.925585908771,-6.387486004971,-3.467542534981,-4.872421259521,-2.367795752377,-7.440380787025
48,1,              transp,12,0.973667,177.585,45,8.1590019756,0.2679006163721,7.900692901189,24.50020614507,15.5918562754,6.558276057262e-09,1.324250229402e-07,0.0001463911042579,0.822183194186,0.8408238225723,0.1152497229231,0.02154733558797,0.009064622720086,0.0797398322078,0.0001115362286074,9.431230889427e-08,3.86771010033e-05,0.0,0.0,0.0,0.0,0.0,0.0,0.0,0.0,0.0,0.0,0.0,0.0,0.0,0.0,0.0,0.0,0.0,0.0,0.0,0.0,0.0,0.0,0.0,0.0,0.0,0.0,0.0,0.0,0.0,0.0,0.0,0.0,0.0,0.0,0.0,0.0,0.1052777471508,0.003138196769723,0.0,0.0,0.0,0.0,0.0,0.0,0.0,0.0,0.0,0.0,0.0,0.0,0.0,0.0,0.0,0.0,0.0,0.0,0.0,0.0,0.0,0.0,0.0,0.0,0.0,0.0,0.0,0.0,0.0,0.0,0.0,0.0,0.0,0.0,0.0,0.0,0.0,0.0,0.0,0.0,0.0,0.0,0.0,0.0,0.0,0.0,-0.3290417940127,-999.999,-4.819877992216,-999.999,-0.2100703197415,-7.045759669896,-4.301910021996,-2.586392887422,-999.999,-999.999,-9.440234483043,-0.2175788339445,-999.999,-2.171230607661,-999.999,-7.581346216416,-1.893537638246,-0.1928559473113,0.0,-2.131987479237,-2.443132015112,-999.999,-6.348641094741,-3.684869051717,-4.259467857041,-3.096222934376,-6.710127428172,-999.999,-16.99263090063,-9.408814561738,-1.535819420812,-999.999,-999.999,-2.71140215944,-999.999,-6.066239441386,-8.925591352626,-6.3874858783,-3.46754139978,-4.872423363455,-2.367796364323,-7.440380219039
49,1,              transp,12,0.973667,181.531,46,8.159002522715,0.2679006163721,7.900692901189,24.50013402058,15.59185627308,6.558276058238e-09,1.3242502296e-07,0.0001463911042797,0.8221831943085,0.8408238226975,0.1152497188061,0.02154733145699,0.009064622721436,0.07973983221968,0.000111536228624,9.431230890831e-08,3.867710100907e-05,0.0,0.0,0.0,0.0,0.0,0.0,0.0,0.0,0.0,0.0,0.0,0.0,0.0,0.0,0.0,0.0,0.0,0.0,0.0,0.0,0.0,0.0,0.0,0.0,0.0,0.0,0.0,0.0,0.0,0.0,0.0,0.0,0.0,0.0,0.0,0.0,0.1084159761849,0.003138229034132,0.0,0.0,0.0,0.0,0.0,0.0,0.0,0.0,0.0,0.0,0.0,0.0,0.0,0.0,0.0,0.0,0.0,0.0,0.0,0.0,0.0,0.0,0.0,0.0,0.0,0.0,0.0,0.0,0.0,0.0,0.0,0.0,0.0,0.0,0.0,0.0,0.0,0.0,0.0,0.0,0.0,0.0,0.0,0.0,0.0,0.0,-0.3290426811679,-999.999,-4.819877104792,-999.999,-0.2100694685977,-7.04576042202,-4.301909938776,-2.586395541579,-999.999,-999.999,-9.440234097097,-0.2175791285482,-999.999,-2.171229934823,-999.999,-7.581345279019,-1.89353826405,-0.1928518736073,0.0,-2.131987350174,-2.443132070335,-999.999,-6.348640981414,-3.684870135192,-4.259467922877,-3.096222788558,-6.710127345248,-999.999,-16.99263678358,-9.408815868974,-1.535816339784,-999.999,-999.999,-2.711402013171,-999.999,-6.066239242447,-8.925594955204,-6.387485794476,-3.467540648543,-4.872424755767,-2.367796769288,-7.440379843175
50,1,              transp,12,0.973667,185.477,47,8.159002882278,0.2679006163721,7.900692901189,24.50008662446,15.59185627155,6.55827605888e-09,1.324250229729e-07,0.0001463911042941,0.8221831943889,0.8408238227798,0.1152497161006,0.02154732874234,0.009064622722323,0.07973983222749,0.0001115362286349,9.431230891755e-08,3.867710101285e-05,0.0,0.0,0.0,0.0,0.0,0.0,0.0,0.0,0.0,0.0,0.0,0.0,0.0,0.0,0.0,0.0,0.0,0.0,0.0,0.0,0.0,0.0,0.0,0.0,0.0,0.0,0.0,0.0,0.0,0.0,0.0,0.0,0.0,0.0,0.0,0.0,0.1115542268736,0.003138250688647,0.0,0.0,0.0,0.0,0.0,0.0,0.0,0.0,0.0,0.0,0.0,0.0,0.0,0.0,0.0,0.0,0.0,0.0,0.0,0.0,0.0,0.0,0.0,0.0,0.0,0.0,0.0,0.0,0.0,0.0,0.0,0.0,0.0,0.0,0.0,0.0,0.0,0.0,0.0,0.0,0.0,0.0,0.0,0.0,0.0,0.0,-0.329043264156,-999.999,-4.819876521627,-999.999,-0.2100689092743,-7.045760916274,-4.301909884089,-2.58639728568,-999.999,-999.999,-9.440233843474,-0.2175793221452,-999.999,-2.171229492672,-999.999,-7.581344663016,-1.893538675293,-0.1928491965972,0.0,-2.13198726536,-2.443132106625,-999.999,-6.348640906942,-3.684870847189,-4.259467966143,-3.096222692734,-6.710127290755,-999.999,-16.99264064952,-9.408816728014,-1.535814315106,-999.999,-999.999,-2.711401917052,-999.999,-6.066239111717,-8.925597322553,-6.387485739391,-3.467540154872,-4.872425670716,-2.367797035408,-7.440379596155
51,1,              transp,12,0.973667,189.424,48,8.159003116961,0.2679006163721,7.900692901189,24.50005568532,15.59185627055,6.558276059299e-09,1.324250229814e-07,0.0001463911043034,0.8221831944415,0.8408238228336,0.1152497143345,0.02154732697027,0.009064622722903,0.07973983223258,0.000111536228642,9.431230892357e-08,3.867710101532e-05,0.0,0.0,0.0,0.0,0.0,0.0,0.0,0.0,0.0,0.0,0.0,0.0,0.0,0.0,0.0,0.0,0.0,0.0,0.0,0.0,0.0,0.0,0.0,0.0,0.0,0.0,0.0,0.0,0.0,0.0,0.0,0.0,0.0,0.0,0.0,0.0,0.1146924919804,0.003138265106845,0.0,0.0,0.0,0.0,0.0,0.0,0.0,0.0,0.0,0.0,0.0,0.0,0.0,0.0,0.0,0.0,0.0,0.0,0.0,0.0,0.0,0.0,0.0,0.0,0.0,0.0,0.0,0.0,0.0,0.0,0.0,0.0,0.0,0.0,0.0,0.0,0.0,0.0,0.0,0.0,0.0,0.0,0.0,0.0,0.0,0.0,-0.3290436447179,-999.999,-4.81987614095,-999.999,-0.2100685441603,-7.045761238912,-4.30190984839,-2.586398424257,-999.999,-999.999,-9.440233677915,-0.2175794485211,-999.999,-2.171229204045,-999.999,-7.581344260903,-1.893538943743,-0.1928474491025,0.0,-2.131987209996,-2.443132130314,-999.999,-6.348640858329,-3.684871311965,-4.259467994386,-3.096222630183,-6.710127255184,-999.999,-16.99264317312,-9.408817288777,-1.535812993441,-999.999,-999.999,-2.711401854308,-999.999,-6.06623902638,-8.925598867974,-6.387485703434,-3.467539832614,-4.872426267975,-2.367797209126,-7.440379434931
52,1,              transp,12,0.973667,193.37,49,8.159003269201,0.2679006163721,7.900692901189,24.50003561669,15.59185626991,6.558276059571e-09,1.324250229869e-07,0.0001463911043095,0.8221831944756,0.8408238228684,0.1152497131889,0.02154732582082,0.009064622723278,0.07973983223589,0.0001115362286467,9.431230892748e-08,3.867710101693e-05,0.0,0.0,0.0,0.0,0.0,0.0,0.0,0.0,0.0,0.0,0.0,0.0,0.0,0.0,0.0,0.0,0.0,0.0,0.0,0.0,0.0,0.0,0.0,0.0,0.0,0.0,0.0,0.0,0.0,0.0,0.0,0.0,0.0,0.0,0.0,0.0,0.1178307666153,0.003138274634852,0.0,0.0,0.0,0.0,0.0,0.0,0.0,0.0,0.0,0.0,0.0,0.0,0.0,0.0,0.0,0.0,0.0,0.0,0.0,0.0,0.0,0.0,0.0,0.0,0.0,0.0,0.0,0.0,0.0,0.0,0.0,0.0,0.0,0.0,0.0,0.0,0.0,0.0,0.0,0.0,0.0,0.0,0.0,0.0,0.0,0.0,-0.329043891569,-999.999,-4.819875894024,-999.999,-0.2100683073295,-7.045761448191,-4.301909825235,-2.586399162765,-999.999,-999.999,-9.440233570525,-0.2175795304948,-999.999,-2.171229016828,-999.999,-7.581344000072,-1.893539117873,-0.1928463155914,0.0,-2.131987174084,-2.44313214568,-999.999,-6.348640826796,-3.684871613442,-4.259468012705,-3.09622258961,-6.710127232111,-999.999,-16.99264481006,-9.408817652515,-1.535812136144,-999.999,-999.999,-2.711401813609,-999.999,-6.066238971027,-8.925599870381,-6.38748568011,-3.467539623582,-4.872426655387,-2.367797321807,-7.440379330343
53,1,              transp,12,0.973667,197.316,50,8.159003367356,0.2679006163721,7.900692901189,24.50002267769,15.59185626949,6.558276059747e-09,1.324250229904e-07,0.0001463911043134,0.8221831944975,0.8408238228909,0.1152497124504,0.02154732507972,0.009064622723521,0.07973983223802,0.0001115362286496,9.431230893e-08,3.867710101796e-05,0.0,0.0,0.0,0.0,0.0,0.0,0.0,0.0,0.0,0.0,0.0,0.0,0.0,0.0,0.0,0.0,0.0,0.0,0.0,0.0,0.0,0.0,0.0,0.0,0.0,0.0,0.0,0.0,0.0,0.0,0.0,0.0,0.0,0.0,0.0,0.0,0.1209690475018,0.003138280886539,0.0,0.0,0.0,0.0,0.0,0.0,0.0,0.0,0.0,0.0,0.0,0.0,0.0,0.0,0.0,0.0,0.0,0.0,0.0,0.0,0.0,0.0,0.0,0.0,0.0,0.0,0.0,0.0,0.0,0.0,0.0,0.0,0.0,0.0,0.0,0.0,0.0,0.0,0.0,0.0,0.0,0.0,0.0,0.0,0.0,0.0,-0.329044050723,-999.999,-4.819875734822,-999.999,-0.2100681546359,-7.045761583121,-4.301909810305,-2.58639963891,-999.999,-999.999,-9.440233501286,-0.2175795833462,-999.999,-2.171228896122,-999.999,-7.581343831906,-1.893539230141,-0.1928455847744,0.0,-2.13198715093,-2.443132155587,-999.999,-6.348640806465,-3.684871807815,-4.259468024517,-3.09622256345,-6.710127217235,-999.999,-16.99264586545,-9.408817887031,-1.535811583412,-999.999,-999.999,-2.711401787369,-999.999,-6.066238935338,-8.925600516671,-6.387485665072,-3.467539488811,-4.872426905165,-2.367797394458,-7.440379262911
54,1,              transp,12,0.973667,201.263,51,8.159003430275,0.2679006163721,7.900692901189,24.50001438347,15.59185626922,6.558276059859e-09,1.324250229927e-07,0.0001463911043159,0.8221831945116,0.8408238229053,0.1152497119769,0.02154732460466,0.009064622723676,0.07973983223938,0.0001115362286515,9.431230893162e-08,3.867710101862e-05,0.0,0.0,0.0,0.0,0.0,0.0,0.0,0.0,0.0,0.0,0.0,0.0,0.0,0.0,0.0,0.0,0.0,0.0,0.0,0.0,0.0,0.0,0.0,0.0,0.0,0.0,0.0,0.0,0.0,0.0,0.0,0.0,0.0,0.0,0.0,0.0,0.1241073324627,0.003138284960892,0.0,0.0,0.0,0.0,0.0,0.0,0.0,0.0,0.0,0.0,0.0,0.0,0.0,0.0,0.0,0.0,0.0,0.0,0.0,0.0,0.0,0.0,0.0,0.0,0.0,0.0,0.0,0.0,0.0,0.0,0.0,0.0,0.0,0.0,0.0,0.0,0.0,0.0,0.0,0.0,0.0,0.0,0.0,0.0,0.0,0.0,-0.3290441527449,-999.999,-4.819875632769,-999.999,-0.2100680567554,-7.045761669614,-4.301909800735,-2.586399944133,-999.999,-999.999,-9.440233456903,-0.2175796172254,-999.999,-2.171228818746,-999.999,-7.581343724106,-1.893539302107,-0.1928451163017,0.0,-2.131987136088,-2.443132161937,-999.999,-6.348640793433,-3.684871932413,-4.259468032089,-3.096222546682,-6.710127207699,-999.999,-16.99264654198,-9.408818037361,-1.535811229097,-999.999,-999.999,-2.711401770548,-999.999,-6.066238912461,-8.925600930961,-6.387485655433,-3.46753940242,-4.87242706528,-2.367797441028,-7.440379219686
