,sim,state,soln,dist_x,time,step,pH,pe,reaction,temp(C),Alk(eq/kgw),mu,mass_H2O,charge(eq),Mn(mol/kgw),Fe(mol/kgw),B(mol/kgw),Cl(mol/kgw),Na(mol/kgw),S(6)(mol/kgw),Ca(mol/kgw),K(mol/kgw),Mg(mol/kgw),Sr(mol/kgw),Ba(mol/kgw),Li(mol/kgw),Zn(mol/kgw),Ni(mol/kgw),Cu(mol/kgw),Cd(mol/kgw),Co(mol/kgw),Pb(mol/kgw),Calcite,d_Calcite,Aragonite,d_Aragonite,Dolomite,d_Dolomite,Siderite,d_Siderite,Rhodochrosite,d_Rhodochrosite,Strontianite,d_Strontianite,Witherite,d_Witherite,Gypsum,d_Gypsum,Anhydrite,d_Anhydrite,Celestite,d_Celestite,Barite,d_Barite,Pyrochroite,d_Pyrochroite,Halite,d_Halite,Sylvite,d_Sylvite,Melanterite,d_Melanterite,Smithsonite,d_Smithsonite,Otavite,d_Otavite,CdSO4,d_CdSO4,Cerussite,d_Cerussite,Anglesite,d_Anglesite,si_Calcite,si_Aragonite,si_Dolomite,si_Siderite,si_Rhodochrosite,si_Strontianite,si_Witherite,si_Gypsum,si_Anhydrite,si_Celestite,si_Barite,si_Pyrochroite,si_Halite,si_Sylvite,si_Melanterite,si_Smithsonite,si_Otavite,si_CdSO4,si_Cerussite,si_Anglesite
0,1,i_soln,0,-99.0,-99.0,-99,8.22,0.2679,-99.0,24.5,4.221830794767385e-05,0.9807586785862057,13.171724160465171,-0.0006079679314652294,5.8841654505176485e-09,1.1881334941780713e-07,0.00013134388830349643,0.7376728126405085,0.7543974123021117,0.10447183748569563,0.02040091009948213,0.008132120746183361,0.07152295315888094,0.00010007166778634366,8.461199524689742e-08,3.471156972321958e-05,3.393728565667477e-09,0.0,1.8286928252303604e-09,3.4775365804491227e-09,0.0,1.8355659994976924e-09,0.0,0.0,0.0,0.0,0.0,0.0,0.0,0.0,0.0,0.0,0.0,0.0,0.0,0.0,0.0,0.0,0.0,0.0,0.0,0.0,0.0,0.0,0.0,0.0,0.0,0.0,0.0,0.0,0.0,0.0,0.0,0.0,0.0,0.0,0.0,0.0,0.0,0.0,0.0,0.0,-1.4602617254771282,-1.6037659907986317,-2.2226575415840735,-4.4185765910843635,-5.599313953693217,-2.9993311869759047,-6.96971822617977,0.03677282847299779,-0.2490206604461349,-0.19853342388942607,-0.26805413356827756,-7.974351957844505,-2.1932082094582785,-3.5759094216496763,-7.760586914009332,-7.133041054794868,-6.084890919884524,-12.687395843217939,-4.852988791268055,-4.780704746449268
1,1,i_soln,1,-99.0,-99.0,-99,7.0,4.0,-99.0,25.0,1.216307845413612e-09,1.0064538259864778e-07,13.171724160465171,-1.602087143399781e-08,0.0,0.0,0.0,0.0,0.0,0.0,0.0,0.0,0.0,0.0,0.0,0.0,0.0,0.0,0.0,0.0,0.0,0.0,0.0,0.0,0.0,0.0,0.0,0.0,0.0,0.0,0.0,0.0,0.0,0.0,0.0,0.0,0.0,0.0,0.0,0.0,0.0,0.0,0.0,0.0,0.0,0.0,0.0,0.0,0.0,0.0,0.0,0.0,0.0,0.0,0.0,0.0,0.0,0.0,0.0,0.0,0.0,0.0,-999.999,-999.999,-999.999,-999.999,-999.999,-999.999,-999.999,-999.999,-999.999,-999.999,-999.999,-999.999,-999.999,-999.999,-999.999,-999.999,-999.999,-999.999,-999.999,-999.999
2,1,react,0,-99.0,0.0,1,8.219810054125821,0.2691734989192246,6.724109122438175,24.5,4.261279182426619e-05,0.9859426891859608,13.04978816893721,-0.0006079679314640162,5.939146538274401e-09,1.1992353016407417e-07,0.00013257115322489547,0.7445655579225082,0.761446430668107,0.10375847030477975,0.01890199209147208,0.008208106516494283,0.07219125689665311,0.0001010067280246722,8.54026017611203e-08,3.503591136132893e-05,3.4254392457393865e-09,0.0,1.8457799587499171e-09,3.510030354717514e-09,0.0,1.8527173553102385e-09,0.0,0.0,0.0,0.0,0.0,0.0,0.0,0.0,0.0,0.0,0.0,0.0,0.0,0.0,0.02204816768818958,0.02204816768818958,0.0,0.0,0.0,0.0,0.0,0.0,0.0,0.0,0.0,0.0,0.0,0.0,0.0,0.0,0.0,0.0,0.0,0.0,0.0,0.0,0.0,0.0,0.0,0.0,-1.4885087761106597,-1.6320130414321632,-2.241362892210258,-4.410804719841165,-5.592826429988902,-2.9905009000005727,-6.960214270011431,0.0,-0.2855991660436814,-0.198034591878109,-0.2668816323639529,-7.972212203664995,-2.1849734237802325,-3.5680257616621187,-7.761826627794228,-7.126948053752324,-6.083254040456895,-12.694090418754325,-4.84941655064228,-4.785463960787509
3,1,transp,1,0.042333333333333334,0.0,0,7.0,3.0,6.724109122438175,25.0,1.216307845413612e-09,1.006453825986477e-07,13.171724160465171,-1.602087143399781e-08,0.0,0.0,0.0,0.0,0.0,0.0,0.0,0.0,0.0,0.0,0.0,0.0,0.0,0.0,0.0,0.0,0.0,0.0,0.0,0.0,0.0,0.0,0.0,0.0,0.0,0.0,0.0,0.0,0.0,0.0,0.0,0.0,0.0,0.0,0.0,0.0,0.0,0.0,0.0,0.0,0.0,0.0,0.0,0.0,0.0,0.0,0.0,0.0,0.0,0.0,0.0,0.0,0.0,0.0,0.0,0.0,0.0,0.0,-999.999,-999.999,-999.999,-999.999,-999.999,-999.999,-999.999,-999.999,-999.999,-999.999,-999.999,-999.999,-999.999,-999.999,-999.999,-999.999,-999.999,-999.999,-999.999,-999.999
4,1,transp,2,0.127,0.0,0,7.0,3.0,6.66807487975119,25.0,1.216307845413612e-09,1.006453825986477e-07,13.171724160465171,-1.602087143399781e-08,0.0,0.0,0.0,0.0,0.0,0.0,0.0,0.0,0.0,0.0,0.0,0.0,0.0,0.0,0.0,0.0,0.0,0.0,0.0,0.0,0.0,0.0,0.0,0.0,0.0,0.0,0.0,0.0,0.0,0.0,0.0,0.0,0.0,0.0,0.0,0.0,0.0,0.0,0.0,0.0,0.0,0.0,0.0,0.0,0.0,0.0,0.0,0.0,0.0,0.0,0.0,0.0,0.0,0.0,0.0,0.0,0.0,0.0,-999.999,-999.999,-999.999,-999.999,-999.999,-999.999,-999.999,-999.999,-999.999,-999.999,-999.999,-999.999,-999.999,-999.999,-999.999,-999.999,-999.999,-999.999,-999.999,-999.999
5,1,transp,3,0.21166666666666667,0.0,0,7.0,3.0,6.612040637064205,25.0,1.216307845413612e-09,1.006453825986477e-07,13.171724160465171,-1.602087143399781e-08,0.0,0.0,0.0,0.0,0.0,0.0,0.0,0.0,0.0,0.0,0.0,0.0,0.0,0.0,0.0,0.0,0.0,0.0,0.0,0.0,0.0,0.0,0.0,0.0,0.0,0.0,0.0,0.0,0.0,0.0,0.0,0.0,0.0,0.0,0.0,0.0,0.0,0.0,0.0,0.0,0.0,0.0,0.0,0.0,0.0,0.0,0.0,0.0,0.0,0.0,0.0,0.0,0.0,0.0,0.0,0.0,0.0,0.0,-999.999,-999.999,-999.999,-999.999,-999.999,-999.999,-999.999,-999.999,-999.999,-999.999,-999.999,-999.999,-999.999,-999.999,-999.999,-999.999,-999.999,-999.999,-999.999,-999.999
6,1,transp,4,0.29633333333333334,0.0,0,7.0,3.0,6.556006394377221,25.0,1.216307845413612e-09,1.006453825986477e-07,13.171724160465171,-1.602087143399781e-08,0.0,0.0,0.0,0.0,0.0,0.0,0.0,0.0,0.0,0.0,0.0,0.0,0.0,0.0,0.0,0.0,0.0,0.0,0.0,0.0,0.0,0.0,0.0,0.0,0.0,0.0,0.0,0.0,0.0,0.0,0.0,0.0,0.0,0.0,0.0,0.0,0.0,0.0,0.0,0.0,0.0,0.0,0.0,0.0,0.0,0.0,0.0,0.0,0.0,0.0,0.0,0.0,0.0,0.0,0.0,0.0,0.0,0.0,-999.999,-999.999,-999.999,-999.999,-999.999,-999.999,-999.999,-999.999,-999.999,-999.999,-999.999,-999.999,-999.999,-999.999,-999.999,-999.999,-999.999,-999.999,-999.999,-999.999
7,1,transp,5,0.381,0.0,0,7.0,3.0,6.499972151690235,25.0,1.216307845413612e-09,1.006453825986477e-07,13.171724160465171,-1.602087143399781e-08,0.0,0.0,0.0,0.0,0.0,0.0,0.0,0.0,0.0,0.0,0.0,0.0,0.0,0.0,0.0,0.0,0.0,0.0,0.0,0.0,0.0,0.0,0.0,0.0,0.0,0.0,0.0,0.0,0.0,0.0,0.0,0.0,0.0,0.0,0.0,0.0,0.0,0.0,0.0,0.0,0.0,0.0,0.0,0.0,0.0,0.0,0.0,0.0,0.0,0.0,0.0,0.0,0.0,0.0,0.0,0.0,0.0,0.0,-999.999,-999.999,-999.999,-999.999,-999.999,-999.999,-999.999,-999.999,-999.999,-999.999,-999.999,-999.999,-999.999,-999.999,-999.999,-999.999,-999.999,-999.999,-999.999,-999.999
8,1,transp,6,0.4656666666666667,0.0,0,7.0,3.0,6.4439379090032505,25.0,1.216307845413612e-09,1.006453825986477e-07,13.171724160465171,-1.602087143399781e-08,0.0,0.0,0.0,0.0,0.0,0.0,0.0,0.0,0.0,0.0,0.0,0.0,0.0,0.0,0.0,0.0,0.0,0.0,0.0,0.0,0.0,0.0,0.0,0.0,0.0,0.0,0.0,0.0,0.0,0.0,0.0,0.0,0.0,0.0,0.0,0.0,0.0,0.0,0.0,0.0,0.0,0.0,0.0,0.0,0.0,0.0,0.0,0.0,0.0,0.0,0.0,0.0,0.0,0.0,0.0,0.0,0.0,0.0,-999.999,-999.999,-999.999,-999.999,-999.999,-999.999,-999.999,-999.999,-999.999,-999.999,-999.999,-999.999,-999.999,-999.999,-999.999,-999.999,-999.999,-999.999,-999.999,-999.999
9,1,transp,7,0.5503333333333333,0.0,0,7.0,3.0,6.387903666316266,25.0,1.216307845413612e-09,1.006453825986477e-07,13.171724160465171,-1.602087143399781e-08,0.0,0.0,0.0,0.0,0.0,0.0,0.0,0.0,0.0,0.0,0.0,0.0,0.0,0.0,0.0,0.0,0.0,0.0,0.0,0.0,0.0,0.0,0.0,0.0,0.0,0.0,0.0,0.0,0.0,0.0,0.0,0.0,0.0,0.0,0.0,0.0,0.0,0.0,0.0,0.0,0.0,0.0,0.0,0.0,0.0,0.0,0.0,0.0,0.0,0.0,0.0,0.0,0.0,0.0,0.0,0.0,0.0,0.0,-999.999,-999.999,-999.999,-999.999,-999.999,-999.999,-999.999,-999.999,-999.999,-999.999,-999.999,-999.999,-999.999,-999.999,-999.999,-999.999,-999.999,-999.999,-999.999,-999.999
10,1,transp,8,0.635,0.0,0,7.0,3.0,6.331869423629281,25.0,1.216307845413612e-09,1.006453825986477e-07,13.171724160465171,-1.602087143399781e-08,0.0,0.0,0.0,0.0,0.0,0.0,0.0,0.0,0.0,0.0,0.0,0.0,0.0,0.0,0.0,0.0,0.0,0.0,0.0,0.0,0.0,0.0,0.0,0.0,0.0,0.0,0.0,0.0,0.0,0.0,0.0,0.0,0.0,0.0,0.0,0.0,0.0,0.0,0.0,0.0,0.0,0.0,0.0,0.0,0.0,0.0,0.0,0.0,0.0,0.0,0.0,0.0,0.0,0.0,0.0,0.0,0.0,0.0,-999.999,-999.999,-999.999,-999.999,-999.999,-999.999,-999.999,-999.999,-999.999,-999.999,-999.999,-999.999,-999.999,-999.999,-999.999,-999.999,-999.999,-999.999,-999.999,-999.999
11,1,transp,9,0.7196666666666667,0.0,0,7.0,3.0,6.2758351809422965,25.0,1.216307845413612e-09,1.006453825986477e-07,13.171724160465171,-1.602087143399781e-08,0.0,0.0,0.0,0.0,0.0,0.0,0.0,0.0,0.0,0.0,0.0,0.0,0.0,0.0,0.0,0.0,0.0,0.0,0.0,0.0,0.0,0.0,0.0,0.0,0.0,0.0,0.0,0.0,0.0,0.0,0.0,0.0,0.0,0.0,0.0,0.0,0.0,0.0,0.0,0.0,0.0,0.0,0.0,0.0,0.0,0.0,0.0,0.0,0.0,0.0,0.0,0.0,0.0,0.0,0.0,0.0,0.0,0.0,-999.999,-999.999,-999.999,-999.999,-999.999,-999.999,-999.999,-999.999,-999.999,-999.999,-999.999,-999.999,-999.999,-999.999,-999.999,-999.999,-999.999,-999.999,-999.999,-999.999
12,1,transp,10,0.8043333333333333,0.0,0,7.0,3.0,6.219800938255311,25.0,1.216307845413612e-09,1.006453825986477e-07,13.171724160465171,-1.602087143399781e-08,0.0,0.0,0.0,0.0,0.0,0.0,0.0,0.0,0.0,0.0,0.0,0.0,0.0,0.0,0.0,0.0,0.0,0.0,0.0,0.0,0.0,0.0,0.0,0.0,0.0,0.0,0.0,0.0,0.0,0.0,0.0,0.0,0.0,0.0,0.0,0.0,0.0,0.0,0.0,0.0,0.0,0.0,0.0,0.0,0.0,0.0,0.0,0.0,0.0,0.0,0.0,0.0,0.0,0.0,0.0,0.0,0.0,0.0,-999.999,-999.999,-999.999,-999.999,-999.999,-999.999,-999.999,-999.999,-999.999,-999.999,-999.999,-999.999,-999.999,-999.999,-999.999,-999.999,-999.999,-999.999,-999.999,-999.999
13,1,transp,11,0.889,0.0,0,7.0,3.0,6.163766695568326,25.0,1.216307845413612e-09,1.006453825986477e-07,13.171724160465171,-1.602087143399781e-08,0.0,0.0,0.0,0.0,0.0,0.0,0.0,0.0,0.0,0.0,0.0,0.0,0.0,0.0,0.0,0.0,0.0,0.0,0.0,0.0,0.0,0.0,0.0,0.0,0.0,0.0,0.0,0.0,0.0,0.0,0.0,0.0,0.0,0.0,0.0,0.0,0.0,0.0,0.0,0.0,0.0,0.0,0.0,0.0,0.0,0.0,0.0,0.0,0.0,0.0,0.0,0.0,0.0,0.0,0.0,0.0,0.0,0.0,-999.999,-999.999,-999.999,-999.999,-999.999,-999.999,-999.999,-999.999,-999.999,-999.999,-999.999,-999.999,-999.999,-999.999,-999.999,-999.999,-999.999,-999.999,-999.999,-999.999
14,1,transp,12,0.9736666666666667,0.0,0,7.0,3.0,6.107732452881342,25.0,1.216307845413612e-09,1.006453825986477e-07,13.171724160465171,-1.602087143399781e-08,0.0,0.0,0.0,0.0,0.0,0.0,0.0,0.0,0.0,0.0,0.0,0.0,0.0,0.0,0.0,0.0,0.0,0.0,0.0,0.0,0.0,0.0,0.0,0.0,0.0,0.0,0.0,0.0,0.0,0.0,0.0,0.0,0.0,0.0,0.0,0.0,0.0,0.0,0.0,0.0,0.0,0.0,0.0,0.0,0.0,0.0,0.0,0.0,0.0,0.0,0.0,0.0,0.0,0.0,0.0,0.0,0.0,0.0,-999.999,-999.999,-999.999,-999.999,-999.999,-999.999,-999.999,-999.999,-999.999,-999.999,-999.999,-999.999,-999.999,-999.999,-999.999,-999.999,-999.999,-999.999,-999.999,-999.999
15,1,transp,1,0.042333333333333334,200.40436001528005,67,8.21981007659991,0.2685536900985805,6.724109122438175,24.5,4.2481241846729894e-05,0.9831519707992533,13.09019891110245,-0.0006079679314576134,5.920811803938465e-09,1.1955331433390098e-07,0.0001321618929280961,0.7422670102082487,0.7590957700256419,0.1035022464101576,0.01890772856012751,0.008182767277697723,0.07196839532756265,0.00010069491023864187,8.513895546029258e-08,3.4927752028521046e-05,3.414864575094413e-09,0.0,1.8400818529752577e-09,3.499194542930396e-09,0.0,1.8469978331044241e-09,0.0,0.0,0.0,0.0,0.0,0.0,0.0,0.0,0.0,0.0,0.0,0.0,0.0,0.0,1.475386548318498,0.02204817257773861,0.0,0.0,0.0,0.0,0.0,0.0,0.0,0.0,0.0,0.0,0.0,0.0,0.0,0.0,0.0,0.0,0.0,0.0,0.0,0.0,0.0,0.0,0.0,0.0,-1.489315273405282,-1.6328195387267854,-2.244560627530305,-4.412690130101497,-5.594361534902783,-2.992706206628231,-6.962407021683559,0.0,-0.2856746202300702,-0.19950885539753482,-0.2683433409278493,-7.972798082631087,-2.187639512851767,-3.5704882779113367,-7.762716905293967,-7.128312907400437,-6.08356014295507,-12.693665478144267,-4.850263424490199,-4.785579791527193
16,1,transp,2,0.127,200.40436001528005,67,8.219807802144052,0.2704368251506219,6.66807487975119,24.500000000000007,4.2876124456005296e-05,0.9915280317783591,12.96964017475206,-0.0006079679314306887,5.975848457202064e-09,1.2066461706153323e-07,0.00013339039815957516,0.7491667215016659,0.7661519123372352,0.10427133447783767,0.018890471899910482,0.008258829841466381,0.07263737447277775,0.00010163091547639092,8.59303609847475e-08,3.525242145584371e-05,3.4466073029137184e-09,0.0,1.8571862552553073e-09,3.531721156364262e-09,0.0,1.864166522582415e-09,0.0,0.0,0.0,0.0,0.0,0.0,0.0,0.0,0.0,0.0,0.0,0.0,0.0,0.0,0.16297131541050253,0.002496793561148153,0.0,0.0,0.0,0.0,0.0,0.0,0.0,0.0,0.0,0.0,0.0,0.0,0.0,0.0,0.0,0.0,0.0,0.0,0.0,0.0,0.0,0.0,0.0,0.0,-1.4869048325755312,-1.6304090978970347,-2.234994571414095,-4.407052959033164,-5.589775171189478,-2.986108471638712,-6.955846455171333,0.0,-0.2854481112009788,-0.19509505220867407,-0.2639667062162836,-7.971052377366155,-2.1796587506310883,-3.5631183183576507,-7.760056447628113,-7.124240877885088,-6.082653390071803,-12.69494265706166,-4.847741564560367,-4.785241863398023
17,1,transp,3,0.21166666666666667,200.40436001528005,67,8.219798884307536,0.27235298770114685,6.612040637064205,24.500000000000014,4.3275014791490944e-05,0.9999859728690803,12.850091653247487,-0.0006079679314339138,6.031443690844889e-09,1.2178719867082284e-07,0.0001346313717894288,0.7561364596430518,0.7732796691532478,0.10504811742160915,0.018872929311895086,0.008335664382693612,0.07331314325003767,0.00010257642045894011,8.672979867634438e-08,3.5580386032145995e-05,3.4786721953976653e-09,0.0,1.874464254273957e-09,3.5645778903084693e-09,0.0,1.8815094612653962e-09,0.0,0.0,0.0,0.0,0.0,0.0,0.0,0.0,0.0,0.0,0.0,0.0,0.0,0.0,0.15922514242420596,0.002477225187601212,0.0,0.0,0.0,0.0,0.0,0.0,0.0,0.0,0.0,0.0,0.0,0.0,0.0,0.0,0.0,0.0,0.0,0.0,0.0,0.0,0.0,0.0,0.0,0.0,-1.4845014579664522,-1.6280057232879557,-2.225430225174371,-4.401424457931645,-5.585207529308176,-2.979510309359565,-6.949284267507306,0.0,-0.2852192637920883,-0.1906714171297148,-0.2595790457524423,-7.969327972851252,-2.1716639614270337,-3.555739696403098,-7.757403439657901,-7.120202871277003,-6.081773789595106,-12.696237583785152,-4.845255060556335,-4.784929886594177
18,1,transp,4,0.29633333333333334,200.40436001528005,67,8.219783277534692,0.27430771451921193,6.556006394377221,24.50000000000002,4.3677930740418285e-05,1.0085261085198647,12.731553350781695,-0.0006079679314004426,6.087600003969605e-09,1.2292110962377266e-07,0.00013588486960158553,0.763176537934291,0.7804793608787755,0.10583263074182635,0.018855100590122794,0.008413274355226022,0.07399573203632716,0.00010353146768838706,8.75373044712026e-08,3.591166050000737e-05,3.511060693919127e-09,0.0,1.8919166267074616e-09,3.597766221730647e-09,0.0,1.899027428748825e-09,0.0,0.0,0.0,0.0,0.0,0.0,0.0,0.0,0.0,0.0,0.0,0.0,0.0,0.0,0.1555146855732677,0.0024576100842899073,0.0,0.0,0.0,0.0,0.0,0.0,0.0,0.0,0.0,0.0,0.0,0.0,0.0,0.0,0.0,0.0,0.0,0.0,0.0,0.0,0.0,0.0,0.0,0.0,-1.482105341806978,-1.6256096071284816,-2.2158682057893913,-4.395805251406999,-5.580659128103084,-2.972912159970969,-6.942720867518,0.0,-0.28498806628371476,-0.18623818639222112,-0.2551805644142391,-7.967625175576432,-2.163655556678019,-3.548352836933325,-7.754758343063656,-7.116199906903093,-6.080921564927907,-12.69755027776905,-4.842804328917884,-4.7846440736068265
19,1,transp,5,0.381,200.40436001528005,67,8.219760944212293,0.27627480212897526,6.499972151690235,24.50000000000003,4.408488919170763e-05,1.017148726367655,12.614025269033217,-0.0006079679314468044,6.144319721558498e-09,1.240663968665314e-07,0.00013715094349332915,0.7702872478485197,0.7877512855952692,0.10662490756650143,0.018836985644054,0.0084916629722697,0.0746851690921696,0.00010449609670557254,8.835291180165397e-08,3.6246258574844755e-05,3.543774139425799e-09,0.0,1.9095440951183933e-09,3.63128752469307e-09,0.0,1.9167211503109433e-09,0.0,0.0,0.0,0.0,0.0,0.0,0.0,0.0,0.0,0.0,0.0,0.0,0.0,0.0,0.15184030787820071,0.0024379484326785272,0.0,0.0,0.0,0.0,0.0,0.0,0.0,0.0,0.0,0.0,0.0,0.0,0.0,0.0,0.0,0.0,0.0,0.0,0.0,0.0,0.0,0.0,0.0,0.0,-1.4797166735201408,-1.6232209388416443,-2.2063091356262348,-4.390195043556151,-5.576130486934572,-2.966314470177217,-6.936156670444131,0.0,-0.2847545076442106,-0.18179560624580215,-0.25077147698770297,-7.96594427863727,-2.155633964357116,-3.5409581794716622,-7.752120700098413,-7.112233016116209,-6.0800969288800975,-12.698880751368574,-4.840389772942897,-4.784384627279173
20,1,transp,6,0.4656666666666667,200.40436001528005,67,8.219731832312446,0.2782940855937398,6.4439379090032505,24.500000000000057,4.449590517753545e-05,1.0258540855681002,12.49750740967348,-0.0006079679313436507,6.201604983147831e-09,1.252231036007246e-07,0.00013842964122249722,0.777468857610316,0.7950957176085192,0.10742497849404924,0.01881858450315886,0.008570833190738033,0.07538148042396367,0.00010547034389746953,8.917665143339617e-08,3.6584192878102007e-05,3.5768137659085598e-09,0.0,1.9273473244362722e-09,3.6651430636600132e-09,0.0,1.9345912933806245e-09,0.0,0.0,0.0,0.0,0.0,0.0,0.0,0.0,0.0,0.0,0.0,0.0,0.0,0.0,0.14820222360724125,0.0024182404309843752,0.0,0.0,0.0,0.0,0.0,0.0,0.0,0.0,0.0,0.0,0.0,0.0,0.0,0.0,0.0,0.0,0.0,0.0,0.0,0.0,0.0,0.0,0.0,0.0,-1.477335659863444,-1.6208399251849759,-2.1967536831358103,-4.384595485039517,-5.571622145726797,-2.9597177136629718,-6.929592118421475,0.0,-0.28451857757692167,-0.17734393332100673,-0.24635200855446904,-7.964285606411133,-2.147599629598435,-3.5335561786948313,-7.749491980406759,-7.108303257647378,-6.0793001031227885,-12.700229009200687,-4.8380118004552894,-4.7841517383809915
21,1,transp,7,0.5503333333333333,200.40436001528005,67,8.219695915006353,0.2802996222156097,6.387903666316266,24.500000000000398,4.491099318311696e-05,1.034642415250506,12.381999774366703,-0.0006079679313881739,6.25945773228079e-09,1.2639126907045938e-07,0.00013972100617204891,0.7847216108734131,0.8025129060964111,0.10823287144694706,0.018799897321225712,0.008650787696674982,0.07608468965578112,0.00010645424231780447,9.000855131381485e-08,3.692547487502986e-05,3.6101806943176396e-09,0.0,1.945326918679318e-09,3.699333987263544e-09,0.0,1.952638464245972e-09,0.0,0.0,0.0,0.0,0.0,0.0,0.0,0.0,0.0,0.0,0.0,0.0,0.0,0.0,0.14460060853025022,0.0023984862944093355,0.0,0.0,0.0,0.0,0.0,0.0,0.0,0.0,0.0,0.0,0.0,0.0,0.0,0.0,0.0,0.0,0.0,0.0,0.0,0.0,0.0,0.0,0.0,0.0,-1.4749624896155407,-1.618466754937046,-2.187202492558029,-4.379005135487542,-5.567134629558293,-2.953122356011489,-6.923027645425959,0.0,-0.2842802665639734,-0.17288343490447655,-0.24192239479390665,-7.962649435302227,-2.1395530151667694,-3.526147304801512,-7.746870578635062,-7.104411689830666,-6.078531283095488,-12.701595048408326,-4.835670791317455,-4.783945588478105
22,1,transp,8,0.635,200.40436001528005,67,8.21965313658722,0.28235406615328623,6.331869423629281,24.500000000003347,4.5330165152218874e-05,1.043513912917749,12.267502364768518,-0.0006079679313544368,6.317879705598881e-09,1.2757092834209387e-07,0.0001410250771065774,0.7920457253532095,0.8100030737104019,0.10904861152020738,0.018780924380739607,0.008731528890179684,0.07679481789677405,0.0001074478215015452,9.084863641514183e-08,3.727011481033706e-05,3.6438759262719676e-09,0.0,1.9634834175645944e-09,3.7338613218575505e-09,0.0,1.9708632046528642e-09,0.0,0.0,0.0,0.0,0.0,0.0,0.0,0.0,0.0,0.0,0.0,0.0,0.0,0.0,0.1410356254293344,0.0023786862552325205,0.0,0.0,0.0,0.0,0.0,0.0,0.0,0.0,0.0,0.0,0.0,0.0,0.0,0.0,0.0,0.0,0.0,0.0,0.0,0.0,0.0,0.0,0.0,0.0,-1.4725973820084306,-1.6161016473299306,-2.1776562811084474,-4.373426335705631,-5.562668496910321,-2.9465289033712416,-6.916463725968823,0.0,-0.2840395659117121,-0.16841438921903862,-0.23748288229154113,-7.96103610178368,-2.1314946019348646,-3.5187320438850507,-7.744258638090796,-7.100559407786996,-6.077790685322933,-12.70297885759049,-4.833367140721219,-4.783766344836674
23,1,transp,9,0.7196666666666667,200.40436001528005,67,8.2196034652578,0.28442127813503815,6.2758351809422965,24.500000000025445,4.575343228613719e-05,1.052468742798581,12.154015182526074,-0.0006079679314136353,6.3768724215671765e-09,1.287621120765369e-07,0.00014234188792061663,0.7994413914131565,0.817566415129893,0.10987222082476264,0.018761666097326518,0.008813058869822922,0.07751188360411784,0.00010845110727313422,9.169692857229923e-08,3.761812164167271e-05,3.6779003375552397e-09,0.0,1.9818172930034864e-09,3.768725964853104e-09,0.0,1.989265988286196e-09,0.0,0.0,0.0,0.0,0.0,0.0,0.0,0.0,0.0,0.0,0.0,0.0,0.0,0.0,0.1375074316374118,0.0023588405635884546,0.0,0.0,0.0,0.0,0.0,0.0,0.0,0.0,0.0,0.0,0.0,0.0,0.0,0.0,0.0,0.0,0.0,0.0,0.0,0.0,0.0,0.0,0.0,0.0,-1.4702405396556113,-1.6137448049771237,-2.168115745179609,-4.367858540377698,-5.558224292489145,-2.9399378556203715,-6.909900828290475,0.0,-0.28379646779757106,-0.16393708570682808,-0.23303372885214202,-7.959445896794238,-2.123424889369057,-3.5113108983116303,-7.741655430400697,-7.096747506395577,-6.077078500731144,-12.704380417236678,-4.83110121600347,-4.783614164357558
24,1,transp,10,0.8043333333333333,200.40436001528005,67,8.219546845963778,0.2865694265326987,6.219800938255311,24.500000000170324,4.6180803247583175e-05,1.0615070341434785,12.041538229276853,-0.0006079679313281055,6.4364371688261105e-09,1.2996484629408847e-07,0.00014367146737867352,0.8069087706047002,0.8252030955690348,0.11070371832556966,0.018742123024293594,0.008895379416551219,0.07823590244144582,0.00010946412154841307,9.255344631544391e-08,3.796950297092238e-05,3.712254671399124e-09,0.0,2.0003289454825433e-09,3.8039286778359644e-09,0.0,2.007847217137992e-09,0.0,0.0,0.0,0.0,0.0,0.0,0.0,0.0,0.0,0.0,0.0,0.0,0.0,0.0,0.13401618178180447,0.0023389494869217042,0.0,0.0,0.0,0.0,0.0,0.0,0.0,0.0,0.0,0.0,0.0,0.0,0.0,0.0,0.0,0.0,0.0,0.0,0.0,0.0,0.0,0.0,0.0,0.0,-1.4678921907811393,-1.6113964561027387,-2.158581645133907,-4.3623042732730095,-5.553802589257105,-2.933349748835834,-6.903339456862042,0.0,-0.2835509653178079,-0.1594518253169399,-0.22857520382007834,-7.957879159953542,-2.1153443960222558,-3.5038843871024703,-7.7390632683674925,-7.092977112585762,-6.076394935855124,-12.705799698750688,-4.828873394399693,-4.783489189148103
25,1,transp,11,0.889,200.40436001528005,67,8.219483257707267,0.2887250081548999,6.163766695568326,24.500000001010577,4.661228617480485e-05,1.0706288794714802,11.930071506648682,-0.0006079679314081561,6.4965749941703664e-09,1.311791521316676e-07,0.00014501383884685376,0.8144479941599906,0.832913249235292,0.11154311967448868,0.01872229585725559,0.008978491977070593,0.07896688713270635,0.00011048688213015507,9.341820469706453e-08,3.832426497328194e-05,3.7469395315485595e-09,0.0,2.0190187003265642e-09,3.839470079460726e-09,0.0,2.0266072177554565e-09,0.0,0.0,0.0,0.0,0.0,0.0,0.0,0.0,0.0,0.0,0.0,0.0,0.0,0.0,0.13056202894680655,0.002319013310222079,0.0,0.0,0.0,0.0,0.0,0.0,0.0,0.0,0.0,0.0,0.0,0.0,0.0,0.0,0.0,0.0,0.0,0.0,0.0,0.0,0.0,0.0,0.0,0.0,-1.4655525381443901,-1.6090568034666966,-2.1490547035104903,-4.356761915259071,-5.54940393723532,-2.9267651044622127,-6.896780101586639,0.0,-0.2833030525336415,-0.15495892079541207,-0.22410758840709555,-7.956336164897975,-2.1072536600352794,-3.496453046322725,-7.736480344936939,-7.089249345019372,-6.075740162190709,-12.707236664911646,-4.826684016095085,-4.7833915506937625
26,1,transp,12,0.9736666666666667,200.40436001528005,67,8.219412668447967,0.2908663132212418,6.107732452881342,24.500000005364583,4.7047886911217434e-05,1.0798343321805701,11.819615023129916,-0.0006079679314143972,6.5572866863335634e-09,1.3240504551542834e-07,0.00014636901993094546,0.8220591609592289,0.8406969772506878,0.11239043698478324,0.01870218544032588,0.009062397641438503,0.07970484726508262,0.0001115194024323124,9.429121505884794e-08,3.868241230160882e-05,3.781955372910818e-09,0.0,2.037886802659914e-09,3.875350635868177e-09,0.0,2.0455462361844975e-09,0.0,0.0,0.0,0.0,0.0,0.0,0.0,0.0,0.0,0.0,0.0,0.0,0.0,0.0,0.1271451561998229,0.002299032334006232,0.0,0.0,0.0,0.0,0.0,0.0,0.0,0.0,0.0,0.0,0.0,0.0,0.0,0.0,0.0,0.0,0.0,0.0,0.0,0.0,0.0,0.0,0.0,0.0,-1.4632217995329544,-1.6067260648585506,-2.1395356866651483,-4.351231377182522,-5.5450289039172365,-2.920184470331545,-6.89022327885592,0.0,-0.28305272451916075,-0.15045869725896033,-0.21963117632363094,-7.954817209454353,-2.0991532401535613,-3.4890174299465344,-7.733906365436355,-7.085565345042058,-6.075114355600524,-12.708691268777413,-4.824533420480785,-4.783321365664415
